hs6,chn_reta_2025
010121,10
010190,22.5
010231,10
010239,22.5
010392,22.5
010611,16.25
010620,18.75
010631,16.25
010633,16.25
010639,20
020312,60
020319,60
020321,47
020410,25
020422,55
020442,22
020630,60
020680,30
020690,28
020711,60
020726,60
020753,60
020754,60
020850,33
020860,33
020890,31.5
020990,30
021011,65
021091,35
030111,45
030191,17.5
030194,18
030199,17.285714285714285
030211,20
030219,20
030221,17
030236,17
030243,17
030246,17
030252,17
030259,17
030271,17
030272,20
030273,17
030281,17
030284,17
030292,22
030314,52
030323,47
030329,47
030345,47
030354,47
030355,47
030357,47
030364,47
030368,47
030383,47
030384,47
030432,17
030443,17
030445,17
030446,17
030451,17
030452,17
030453,17
030455,17
030457,17
030463,47
030473,47
030483,47
030484,47
030488,47
030497,47
030531,17
030532,17
030553,17
030554,17
030559,14.5
030561,17
030562,17
030569,17.75
030572,17
030617,16
030692,47
030719,50
030721,44
030739,50
030749,51
030752,47
030782,42.5
030819,50
030830,44
030890,44
040590,45
040711,10
040729,30
040819,42.5
041010,60
041090,39.166666666666664
050610,24.5
051000,18
060311,22.5
060312,22.5
060315,22.5
070200,53
070390,53
070519,50
070529,53
070610,53
070690,53
070810,53
070940,50
070951,53
070952,53
070953,53
070955,53
070959,53
071010,38
071159,25.5
071231,53
071339,44.5
071430,53
071440,53
080121,50
080122,50
080131,60
080132,50
080270,64
080280,50
080390,50
080420,70
080430,52
080450,55
080711,65
080720,65
080840,56
081030,65
081050,60
081090,60.25
081210,40
090822,18
090831,13
090932,50
091012,50
091020,12
091091,50
100610,75
100620,75
100821,17
100829,17
100890,16.5
110220,75
110319,20
110412,55
110430,50
110813,50
120230,15
120721,15
120730,22.5
120740,20
120760,25
120890,30
121293,35
130213,32.5
150110,25
150430,26.5
150710,44
151110,24
152200,35
160100,20.25
160220,17.5
160239,17.5
160242,17.5
160290,32.815
160417,40
160432,40
160530,40
160551,40
160554,40
160556,40
160558,40
160569,40
170112,65
170390,23
180200,25
190211,45
190240,22.5
200310,26.666666666666668
200540,40
200820,17.5
200840,17.5
200921,40
220429,55
220820,45
230250,20
230310,20
230320,25
230500,15
230641,15
230690,40
240311,92
240391,92
240399,92
240491,31
250200,40.5
251120,15.5
251720,13
252410,17.5
252530,17.5
260112,35
260900,10
261210,10
261710,10
261790,25.25
262011,14
262019,14
262060,14
270120,55
270220,53
270500,40
271099,41
271119,39
271600,10
280470,26.25
280910,16
281214,15
282630,15
283010,22.5
283190,15
284520,15
290344,15.5
290347,15.5
290361,15.5
290362,15.5
290371,15.5
290373,15.5
290393,15.5
290431,15.5
290434,15.5
290435,15.5
290436,15.5
290891,15.5
291461,40.5
291471,20.5
291524,35.5
291536,20.5
291616,16.5
291714,41.5
291817,16.5
291818,16.5
291910,16.5
292011,16.5
292021,16.5
292112,21.5
292216,16.5
292218,16.5
292412,16.5
292424,16.5
292521,16.5
292630,16.5
292640,16.5
293060,16.5
293070,16.5
293110,16.5
293141,16.5
293142,16.5
293143,16.5
293144,41.5
293147,16.5
293148,41.5
293151,41.5
293291,16.5
293294,16.5
293336,24
293337,24
293392,16.5
293510,16.5
293540,16.5
293711,14
293723,22.333333333333332
293942,19
293943,14
293944,14
293959,14
293963,14
300320,10
300331,12.5
300442,15
310260,16.5
310311,16.5
310319,21.5
320110,40
320120,19
360310,31.5
360500,18.5
370241,NA
381231,41
382483,16.5
382492,16.5
382561,16.5
382569,16.5
382590,41.5
382711,21.5
382713,21.5
382731,16.5
382739,16.5
382763,36.5
382769,36.5
391120,16.5
391530,41.5
400121,30
400400,18
400610,43
401211,30
401212,35
401220,60
401310,30
410221,26.5
410320,24
410510,27
410621,29
410622,29
410632,29
410691,29
430130,35
440111,10
440131,35
440139,35
440210,16
440341,10
440398,35
440410,16
440420,36
440725,10
440726,10
441090,17.666666666666668
441193,26.5
441242,41
441811,39
441830,39
441881,39
441891,14
450200,18
460192,17
460193,17
470411,15
470710,35
470730,35
470790,35
481022,35
481390,17.5
500100,21
500500,16
510119,53
510130,53
510211,24
510310,58.5
510510,48
510521,48
510529,48
510539,15
510540,15
520210,45
520299,45
520300,75
520523,15
520527,15
520535,15
520546,15
520547,15
520612,40
520615,15
520621,15
520632,15
520644,15
520859,30.5
520912,43
521011,43
521041,43
521151,43
521222,38
530121,21
530390,15
530500,14.75
530710,15
530810,15
531100,18
540310,25
540331,15
540332,15
540339,15
540341,15
540824,18
540834,43
550140,15
550510,40
550520,40
550640,15
550911,25
550951,40
550961,40
550991,15
551291,43
551313,23
551339,18
551624,18
551631,18
551632,18
551634,18
551694,43
580132,43
580300,20.5
590490,16
600535,43
600542,43
600544,18
600641,18
610329,32.5
610413,20
610729,16
611220,18
611239,16
620329,18
620421,18
620829,28.5
621390,28.5
630229,27.666666666666668
630900,16
631010,41
640110,32.5
660320,41
680100,22
690510,30
701120,25
701610,50
710210,13
710231,38
710820,10
711291,25.5
711420,20
720221,37
720230,12
720250,12
720291,37
720292,27.5
720441,37
720450,35
720712,12
721012,15
721391,15
721632,41
730512,13
730539,36
730621,33
732211,18
740100,12
740312,12
750110,13
750120,25.5
780191,38
810294,38
810330,41
810530,14
811222,13
840220,25
840610,15
840731,20
841012,18
841013,18
841122,12
841630,18
842831,15
842840,15
842930,14
843039,36
843142,36
843241,34
843830,43
843910,43
844512,18
844540,43
844590,18
844711,43
844720,25
844811,18
844842,41
845012,17
845110,45
845229,44
845891,40
846019,34
846130,47
846223,44
846224,44
846232,28
846251,18.5
846520,19
847030,15
847210,10
847432,22
847971,10
847979,35
848530,39.68000000000001
850171,22
850180,29.208333333333332
850422,45
850630,18
851711,35
852582,17.166666666666668
852712,10
852873,17
854040,23
854912,18
854914,18
854919,18
854991,18
860120,13
860310,13
860390,13
860400,15.2
860692,15
870123,41
870191,38
870194,38
870331,50
870332,50
870390,50
870423,50
870443,50
870490,50
870510,46.666666666666664
870540,30
871110,80
871120,80
880510,16.5
880610,19.25
880621,20.595
880629,19.894999999999996
880691,20.595
880692,20.595
880694,20.595
890120,17.90909090909091
890130,19
890311,25
890319,25
890321,43
890323,43
890400,19
890520,41
890610,15
910819,26
910910,51
911180,24
911440,24
920190,30
930120,23
930190,23
930200,23
930630,23
940152,35
940539,43
940620,43
950621,41
950651,16
960110,30
960190,55
970122,26
970521,20
010130,16.25
010221,10
010229,22.5
010391,22.5
010420,16.25
010514,16.25
010594,16.25
010612,18.75
010632,16.25
020110,55
020311,55
020423,25
020441,33
020713,60
020724,60
020727,50
020742,60
020743,60
020744,60
020751,60
020760,30
020810,30
020830,33
020840,33
021012,65
021092,35
021093,35
030192,16
030195,16
030214,18.5
030222,17
030223,17
030224,17
030232,17
030234,17
030239,17
030241,17
030242,17
030245,17
030247,17
030249,17
030251,17
030253,17
030255,17
030256,17
030274,17
030282,17
030283,17
030289,17.6
030319,50
030324,50
030326,50
030333,47
030342,47
030343,47
030344,47
030346,47
030349,47
030353,47
030369,47
030381,47
030392,52
030431,17
030433,17
030441,17
030448,17
030449,17
030462,47
030474,47
030482,47
030485,47
030486,47
030492,47
030493,47
030539,17
030541,35.5
030542,17
030549,17
030552,17
030564,20
030579,17
030615,47
030619,47
030634,41
030639,41
030691,47
030694,47
030695,50
030699,47
030712,50
030751,47
030759,47
030760,41
030779,50
030783,50
030787,50
030788,50
030799,47
030829,50
030990,45.93000000000001
040299,45
040721,30
040790,30
040891,30
040899,30
050100,27.5
050210,35
050690,24.5
050710,22.5
060120,30
060240,18.75
060313,22.5
060314,22.5
070110,50.5
070190,53
070310,53
070410,50.5
070420,53
070490,53
070511,50
070700,53
070890,53
070930,53
070956,53
070970,53
070991,53
070992,53
070993,53
071021,53
071029,53
071080,28
071190,25.5
071220,53
071239,45.5
071320,39.75
071331,37.75
071332,37.75
071334,44.5
071360,39.75
071410,36.666666666666664
071420,47.25
071450,53
071490,48.5
080112,52
080222,50
080242,65
080291,64
080292,65
080310,50
080522,52
080590,70
080719,52
080910,65
080921,50
081020,65
081060,60
081070,60
081120,70
081290,35
081310,65
081330,65
081350,58
090421,30
090510,25
090520,25
090611,15
090620,25
090720,13
090811,18
090832,13
090922,25
090962,33.75
091011,25
091099,25
100210,15
100290,18
100490,17
100640,20
100810,17
100830,17
100840,16.5
100850,16.5
110311,100
110429,67.5
110620,35
110814,45
120110,15
120510,19.5
120710,22.5
120791,35
120810,24
121160,23
121291,40
121292,35
140110,45
140120,25
140190,25
150500,35
151190,23.666666666666668
151411,44
151419,24
160210,31.25
160241,40
160300,40
160412,40
160418,47
160431,40
160521,40
160529,40
160555,40
160557,40
160562,40
160563,40
170113,65
170240,45
180310,45
190300,22.5
190520,22.5
200591,20
200850,40
200891,20
200911,42.5
200949,40
220510,100
220590,85
230230,18
230620,15
230660,20
230700,20
240130,45
240290,60
240411,92
240492,16.5
240499,16.5
250870,15.5
251730,15.5
251910,13
252230,17.5
252922,15.5
253020,25.5
260200,35
260600,10
261220,10
262021,14
262029,14
262030,14
262040,14
262091,14
262099,26.5
270300,40
270710,41
270720,41
271091,41
271114,40
271121,35
280110,42.5
280540,15
280620,15
281112,15
281212,22.5
281216,15
281217,15
281410,40
283711,15
285290,18
290321,15.5
290348,15.5
290372,15.5
290375,15.5
290376,15.5
290381,15.5
290382,15.5
290383,15.5
290394,15.5
290432,15.5
290433,15.5
290551,15.5
290811,15.5
290892,15.5
291010,15.5
291030,40.5
291040,15.5
291050,15.5
291431,20.5
291737,41.5
291812,41.5
291891,16.5
292022,16.5
292023,21.5
292024,16.5
292030,16.5
292113,16.5
292114,16.5
292243,19
292330,16.5
293080,16.5
293146,16.5
293152,41.5
293153,41.5
293292,16.5
293296,29
293332,27.75
293520,16.5
293920,14
293941,14
293961,14
293962,14
293980,13.5
294120,19
300251,13
300339,10
300692,15
310230,16.5
310551,16.5
360340,31.5
370253,NA
370690,12
380859,32.89
380861,20
382460,34
382482,16.5
382484,16.5
382510,16.5
382541,16.5
382549,16.5
382550,16.5
382712,16.5
382714,41.5
382732,16.5
382740,16.5
382751,36.5
382761,36.5
382762,36.5
382764,36.5
391510,41.5
391520,41.5
400122,30
400130,30
410229,25.5
410692,29
430160,35
430190,45
430211,47
440132,35
440149,35
440311,35
440312,30
440393,10
440394,10
440396,35
440611,10
440692,10
440721,10
440727,10
440728,10
441234,39
441251,16
441259,15.5
441840,14
441874,14
441882,39
441892,39
442011,18.333333333333332
442120,33.329999999999984
450110,16
460121,42
460122,17
460129,17
470630,10
470720,35
480240,16
510121,53
510129,53
510220,24
510531,15
511000,16
511300,18
520291,45
520512,40
520515,15
520526,15
520531,35
520532,15
520533,15
520544,15
520548,15
520614,15
520624,15
520633,15
520635,15
520642,15
520645,15
520790,15
520843,43
521021,18
521029,18
521111,43
521112,43
521120,43
521215,43
521225,43
530129,21
530820,15
530890,15
531010,18
540253,40
540349,40
540794,43
550119,40
550210,19
550290,15
550630,35
550700,40
550912,40
550922,40
550931,15
550952,40
550953,40
550962,15
550969,15
551012,40
551020,40
551110,35
551130,15
551312,23
551341,18
551419,31.333333333333332
551429,43
551443,28
551522,18
570250,16
570420,39
580190,43
600521,18
600644,18
610819,16
610899,16
620411,18
630510,14
630629,41
631090,41
680300,25
681181,15
681280,20
681520,20
690730,17
690740,29.5
710121,31
711299,14.666666666666666
711890,10
720241,12
720270,12
720430,37
720449,35
720836,16
720840,36
720851,21
720928,41
721011,19
721020,14
721113,26
721310,13
721320,13
721410,17
721699,33
721913,29
722710,13
730230,18
730290,29
730511,42
730519,17
730810,18
750210,38
780200,11.5
790200,36.5
800200,36.5
810297,13
810420,36.5
810921,38
810931,38
811213,13
811252,13
811261,13
830510,19
840211,16.5
841340,43
842111,18
842441,53
842649,30.5
842691,18
842860,18
843031,26.666666666666668
843061,16
843840,42
844311,20
844312,20
844511,25.5
844519,38
844621,18
844630,23
844712,43
845310,43
845410,38
845522,42.5
845612,10
845899,44
845910,24
845931,19
845949,44
846120,22
846225,44
847021,10
847920,50.5
847983,36.69
850172,33.3125
852110,11.666666666666666
854012,23
854020,30.5
854911,18
854921,15
854939,16.5
854999,16.5
860500,15
860610,15
860691,15
860699,15
860711,13
860712,38
870110,34
870121,41
870124,41
870230,50
870240,50
870290,50
870421,60
870441,60
870442,50
870520,27
871000,25
871140,75
871190,80
871631,45
880260,12
880521,10
880623,20.595
880693,20.595
880699,29.329999999999984
890110,16.5
890190,18.3
890312,25
890333,30
890399,45
890510,13
890590,28
901050,23.75
901520,35
901540,35
901841,39
910119,18
910191,18
910820,26
910890,26
911012,26
911019,26
911110,24
930110,23
930310,23
930330,23
930510,23
930690,23
940383,10
950661,16
950810,16
950823,26
970129,26
970210,21
970539,20
010290,16.25
010410,16.25
010512,16.25
010513,16.25
010515,16.25
010599,20
010613,16.25
010614,16.25
010641,16.25
020421,33
020430,25
020443,25
020450,30
020500,30
020641,60
020712,60
020725,60
020741,60
020745,60
020752,60
020755,60
021020,65
021099,60
030193,16
030213,20
030229,17
030231,17
030233,17
030244,17
030254,17
030279,17
030285,17
030291,17
030313,17
030334,47
030341,47
030356,47
030365,47
030439,17
030442,17
030444,17
030447,17
030454,17
030456,17
030459,17
030461,47
030472,47
030479,47
030487,47
030491,47
030496,47
030543,24
030544,17
030551,17
030563,17
030571,25
030693,47
030729,48.5
030731,42.5
030732,50
030742,47
030772,50
030781,42.5
030811,42.5
030822,50
030910,47
040110,52.5
040719,10
050290,35
060230,20
060390,63
070320,53
070521,53
070820,53
070920,53
070954,53
070960,53
070999,53
071022,31.75
071030,53
071120,25.5
071140,25.5
071151,25.5
071232,53
071233,53
071234,53
080119,43.5
080241,65
080262,64
080410,55
081010,54
081110,65
081400,60
090112,43
090619,40
090710,13
090812,18
090821,18
090931,25
090961,27.5
091030,25
100310,15
100390,18
100630,75
100860,16.5
110313,80
110320,57.5
110419,37.5
110423,80
110900,53
120300,30
120590,19.5
120910,15
121130,24
121140,24
121150,24
121221,32.30769230769231
121294,35
130211,15
130214,22
150120,25
150190,25
150300,25
151010,25
151221,25
151321,24
160413,40
160415,40
160416,40
160510,45
160540,41.666666666666664
160552,40
160553,40
160559,40
170191,70
170310,23
180320,25
200560,17.5
200941,40
220430,45
230610,15
230630,15
230649,15
240110,45
251010,15.5
252610,15.5
260120,10
260400,35
261000,10
261800,26.5
261900,39
262110,14
270600,41
270740,42
270791,42
270820,41
271390,43.5
271410,43.5
280410,37.5
281211,15
281213,15
281215,15
281310,15
283719,42.5
284444,35.829999999999984
284450,17.5
284540,15
285310,18
290311,20.5
290314,18
290341,15.5
290374,15.5
290392,15.5
290491,15.5
290911,20.5
292215,21.5
292340,16.5
292425,16.5
292512,16.5
293145,16.5
293293,16.5
293335,16.5
293530,16.5
293810,16.5
293951,14
294140,14
300310,10
300341,15
300342,15
300343,15
300349,15
300360,12.5
300441,15
300460,12.5
300660,22.5
310229,16.5
310240,16.5
350219,25
370310,33
370320,44
380852,19
382485,16.5
382486,16.5
382487,16.5
382488,16.5
382489,16.5
382520,16.5
382530,16.5
382720,16.5
382759,36.5
390450,39
391590,41.5
401219,30
401320,25
410190,24.333333333333332
410530,23
411520,29
420600,20
430110,45
430230,35
440141,35
440321,24.443333333333328
440322,24.666666666666668
440342,10
440349,10
440500,41
440612,10
440691,15
440713,34.170000000000016
440722,10
441249,21.75
441821,39
441850,16
441873,14
441883,39
441889,39
470319,15
470421,15
480512,16
480550,16
481310,17.5
481320,17.5
482210,41
500200,19
500300,19
500400,16
510219,24
510320,36.25
510330,44
510400,32.5
510620,40
510810,31.666666666666668
510820,23.333333333333332
520511,40
520514,15
520522,40
520524,40
520528,15
520534,15
520611,15
520613,25
520622,15
520623,40
520625,15
520634,15
520641,15
520643,15
520831,43
520833,18
520952,18
520959,43
521032,43
521049,43
521119,18
521152,38
521211,18
530110,21
530130,21
530310,15
530610,15
530720,15
531090,18
550820,15
550992,15
551120,40
551449,18
551621,38
551644,18
560721,15
570239,16
580121,18
580122,43
580430,18
590290,43
600390,28
600523,18
600524,18
600541,18
600543,43
610419,18
610829,16
610839,16
620419,18
620819,16
621120,30.5
630222,41
650200,18
680229,25
680292,37.5
681591,38.329999999999984
710110,31
710221,35
711230,17
720120,11
720249,37
720280,12
720310,37
720410,37
720610,37
720711,37
720719,37
720810,40
720837,20
720838,20
720890,41
721050,43
721430,42
721622,41
721912,14
722511,38
722611,23
722720,16
722880,17
730520,17
730590,16
732182,27
750300,36.5
810197,38
810411,41
810830,38
810939,38
811020,13
811231,38
811259,28
840110,12
840681,23.666666666666668
840732,20
841011,43
841710,40
841891,44
842620,20
842940,25.333333333333332
843049,40
844120,22
844314,25
844513,18
844520,18
844530,43
845380,18
845510,27
845620,45
845720,43
845730,40
845969,29
846510,44
847321,35
847681,26
847751,40
847890,18
850423,28.4
851920,27
854011,18
854913,18
854929,14
854931,18
860110,13
860210,15.5
860290,13
860630,15
870122,41
870129,41
870193,38
870210,41
870220,47.25
870321,50
870350,50
870370,25
870452,50
880100,33
880622,20.595
880624,20.595
890200,17.5
890322,43
890800,38
902213,30
902221,20.75
910990,26
911090,26
911190,24
930320,23
930591,23
940159,10
970192,26
010619,21.25
020130,52
020210,60
020220,52
020322,52
020329,52
020621,22
020649,52
020910,55
030311,47
030339,47
030351,47
030359,17
030367,47
030382,47
030399,47
030475,47
030520,47
030611,47
030614,47
030616,15.666666666666666
030631,41
030632,41
030633,45.75
030743,51
030771,45
030791,41
040221,45
040229,45
040320,46.25
040490,55
040520,45
040610,49.5
040620,49.5
040690,49.5
040811,30
050790,19.666666666666668
051199,21.4
060319,47.5
060420,55.25
060490,42.75
071040,35
071290,53
071335,44.5
071340,39.75
071350,39.75
080211,64
080232,60
080261,49.5
080521,52
080610,53
080810,50
080929,50
081190,55
090121,50
090122,50
090240,31.25
090300,20
090411,55
090412,55
090422,55
090921,25
100119,100
100199,100
100410,15
100510,30
100710,15
110100,100
110710,45
110812,40
120241,35
120770,31.25
120799,31.666666666666668
120921,10
120923,10
120925,10
120929,12.5
121410,15
130190,26.2
130219,25.5
130231,47.5
130239,32.375
140420,39
150210,23
150290,23
150420,42
150810,45
150940,45
151090,25
151211,44
151229,30
151319,44
151329,24
151519,35
151530,45
151590,45
151620,60
151800,40
152190,37.5
160414,40
160419,40
170114,85
170211,30
170219,30
170250,65
170260,60
180400,57
180500,50
180631,43
190230,35.625
190410,45
190590,45
200190,30
200290,26.666666666666668
200390,16.666666666666668
200410,25
200490,40
200510,25
200551,25
200599,25
200710,37.5
200799,40
200811,34.375
200819,23.5
200830,21.25
200860,33.75
200870,28.75
200893,55
200899,23.5
200950,30
200969,40
220210,40
220299,42.5
220422,40
220710,75
220840,45
220860,45
220870,45
220900,40
230110,21
230240,25
230330,40
230800,20
240220,60
240319,92
240412,16.5
250100,28.875
250300,40.5
250410,33.833333333333336
250490,40.5
250510,35.5
250590,40.5
250700,26.75
250840,35.5
250900,40.5
251020,28
251110,25.5
251310,40.5
251512,41.5
251611,41.5
251620,40.5
251690,40.5
251741,25.5
251810,40.5
252020,27.5
252220,42.5
252510,42.5
252910,40.5
252921,15.5
253010,30
260111,10
260300,35
260700,20
260800,35
261400,35
261510,35
261590,22.5
261610,10
262190,24
270119,55
270210,53
270400,40
270799,42
271290,31.75
271311,39.25
271312,39.25
280120,40
280130,28.75
280200,37.5
280421,42.5
280429,22.5
280450,42.5
280490,28.25
280511,22.5
280610,27.5
280700,42.5
281000,18.75
281111,27.75
281119,26.25
281122,30
281129,27.5
281390,27.5
281810,28.75
281830,37.5
281910,20
282010,22.5
282110,35
282120,27.5
282200,28.75
282300,42.5
282490,18.75
282590,25
282619,23.75
282710,29.5
282731,22.5
282735,42.5
282739,32.5
282890,42.5
282911,20
283220,37.5
283311,42.5
283319,22.5
283330,18.75
283429,22.5
283525,26.666666666666668
283529,40
283531,32.5
283691,42.5
284020,22.5
284030,27.5
284130,18
284150,43
284170,30.5
284310,43
284321,23
284420,42.5
284690,21.602564102564106
285210,18
285390,25.2
290110,12
290124,37
290230,37
290260,37
290313,20
290315,40.5
290322,23
290323,40.5
290343,15.5
290346,15.5
290349,15.5
290351,15.5
290359,15.5
290389,40.5
290410,25.5
290499,35.5
290516,40.5
290519,15.5
290541,40.5
290545,43
290549,20.5
290611,40
290612,25.5
290613,28
290711,23
290712,29.25
290819,19.75
290920,35.5
290930,22.166666666666668
290941,40.5
290944,20.5
290950,40.5
291090,25.5
291229,23
291241,35.5
291242,20.5
291250,15.5
291412,40.5
291413,35.5
291423,40.5
291429,23
291440,40.5
291469,40.5
291521,33.833333333333336
291539,20.5
291540,40.5
291550,30.5
291590,15.5
291612,28.5
291614,41.5
291620,27.75
291632,41.5
291634,36.5
291733,26.5
291739,39
291830,26.5
291899,26.5
291990,36.5
292019,36.5
292090,26.5
292111,36.5
292119,17.571428571428573
292122,19
292144,41.5
292146,21.5
292149,24.5
292151,30.25
292211,21.5
292214,16.5
292221,26.5
292250,24.833333333333332
292310,26.5
292529,41.5
292620,26.5
292990,22.125
293030,36.5
293040,41.5
293149,29
293190,16.5
293214,21.5
293311,41.5
293339,20.25
293349,41.5
293359,26.5
293369,21.4
293410,29
293430,36.5
293491,21.5
293492,35.670000000000016
293624,39
293625,34
293719,39
293722,26.5
293750,39
293890,29
293911,34
293930,19
293945,19
293949,19
293969,14
293972,16.5
293979,14
294110,15.22222222222222
300213,13
300241,13
300590,22.5
300693,25.25
310100,22.833333333333332
310210,85
310221,26.5
310250,41.5
310280,16.5
310390,16.5
310490,18
310530,70
320190,44
320290,44
320411,44
320414,29
320416,44
320417,39
320418,29.414999999999992
320500,24
320620,29
320641,44
320710,40
320730,40
321000,42.5
321100,42.5
321290,32.5
321390,21.5
321410,39
321590,33.333333333333336
330125,35
330129,41.875
330130,55
330190,42.5
330290,40
330300,38
330410,40
330430,40
330491,40
330510,38
330590,38
330710,38
330790,38
340130,26.5
340231,21.5
340250,31.5
340290,26.5
340391,45
340510,36.5
340600,24
350110,45
350190,40
350211,25
350400,21.333333333333332
350610,30
360320,31.5
360350,31.5
360360,31.5
360690,17.666666666666668
370120,40
370191,55
370243,20
370244,NA
370256,NA
370296,NA
370297,NA
370610,17.5
380300,16.5
380700,21.5
380862,20
380869,41
380892,40
380893,29.75
380993,36.5
381121,16.5
381190,21.5
381239,26.25
381400,30
381600,19.125
382000,30
382211,13
382219,13
382313,31
382319,51
382430,21.5
382440,34
382765,36.5
390190,30.25
390210,16.5
390290,29
390410,30.25
390430,41.5
390461,27.5
390469,24
390490,27.5
390530,44
390690,25.666666666666668
390721,16.5
390740,16.5
390799,26.5
390940,39
390950,39
391212,24
391220,44
391231,29
391239,24
391390,24
391610,47.5
391710,47.5
391721,42.5
391723,42.5
391733,24
391739,29
391740,32.5
391910,34
391990,30.25
392010,30.25
392071,29
392091,39
392111,27.5
392114,27.5
392190,31.5
392220,36.5
392290,36.5
392310,42.5
392350,32.5
392390,42.5
392410,36.5
392510,44
392530,36.5
392590,21.5
392620,33.166666666666664
392690,27.5
400110,30
400129,55
400239,32.5
400249,42.5
400251,42.5
400260,31.5
400299,29.666666666666668
400520,43
400819,28
400911,40
400912,40
400921,30
400922,30
400931,40
400932,45
401011,45
401019,30
401031,43
401035,40
401039,38
401140,50
401170,51
401213,55
401390,34
401410,35
401519,45
401590,36.5
401691,45
401692,45
410150,19.333333333333332
410411,20.666666666666668
410712,30.5
410791,40
410792,40
411320,49
411390,49
420221,41
420222,41
420299,45
420330,28.5
430310,45
440112,35
440326,22.5
440391,10
440395,35
440397,35
440711,34.166666666666664
440714,35
440723,35
440793,15
440794,10
440795,10
440799,24
440810,25.75
440831,20.75
440839,27
440910,16
440922,14
441019,39
441194,25.333333333333332
441231,41
441233,39
441291,16
441410,37
441510,41
441520,28.5
441829,39
441875,39
441912,15
441919,15
442090,25
442110,35
450190,35
450490,35
460194,17
460211,17
470321,10
470329,15
470429,15
470610,15
470691,10
470692,35
470693,10
480100,40
480210,28.5
480256,40
480258,35
480261,35
480419,35
480442,40
480449,37
480452,20
480525,41
480591,29.333333333333332
480592,36
480610,41
480620,41
480630,21
480810,41
481013,20
481014,35
481032,20
481092,40
481110,16
481149,21
481159,26
481160,28.5
481190,21
481490,36
481620,41
481710,40
481730,40
481890,20
481910,40
481920,40
481930,41
482020,40
482040,40
482090,40
482190,36
482340,21
482361,15
482370,41
490110,35
490191,35
490210,10
490300,15
490810,36
500710,18
510710,40
510720,40
511130,43
511190,43
511219,43
520419,25
520542,15
520812,43
520813,18
520819,43
520822,43
520839,43
520841,18
520842,43
520851,43
520911,43
520932,43
520942,43
520943,43
521031,43
521132,43
521149,43
521213,43
521214,43
521221,43
530620,40
530911,30.5
530921,30.5
540211,30
540219,40
540232,26
540234,40
540239,40
540244,27.5
540246,25
540247,40
540248,40
540249,25
540251,21.25
540252,40
540419,35
540490,35
540500,35
540744,43
540751,43
540752,43
540761,43
540769,43
540771,43
540773,43
540791,43
540792,43
540793,38
540810,28
540822,34.666666666666664
540823,34.666666666666664
550319,25
550410,21.25
550690,20
550921,40
550932,40
550941,15
551011,15
551090,15
551211,43
551219,43
551229,28
551321,43
551423,43
551442,18
551511,43
551611,43
551613,43
551622,43
551623,38
551642,43
551693,43
560130,28
560229,38
560312,23
560392,28
560394,38
560410,25
560490,25
560500,40
560749,25
560811,18
560900,43
570190,41
570241,39
570249,16
570299,41
570329,24
570331,39
570339,39
570390,26
570500,35.333333333333336
580136,38
580210,18
580230,23
580410,33
580639,29.666666666666668
581092,43
581099,43
590390,34.666666666666664
590691,43
590700,36.333333333333336
591110,40.5
591120,38
591140,38
600110,43
600192,43
600240,18
600522,18
600536,38
600538,43
600539,18
600590,30.5
600610,43
600623,43
600633,43
610120,43
610290,20
610310,19.333333333333332
610331,41
610332,41
610333,43
610339,41
610342,41
610429,17
610431,41
610432,41
610433,45
610441,41
610443,43
610453,41
610461,41
610463,43
610520,43
610610,41
610620,43
610719,28.5
610722,16
610791,16
610832,41
611011,41
611019,32.666666666666664
611020,41
611120,45
611130,45
611231,18
611241,43
611249,41
611300,41
611490,41
611510,41
611522,41
611530,41
611595,41
611691,16
611692,26
611699,41
611780,41
620120,41
620140,43
620230,28.5
620240,44
620290,41
620319,30.5
620323,43
620331,41
620333,47
620341,41
620342,28.5
620431,41
620433,47
620442,41
620449,41
620461,41
620640,43
620721,41
620722,16
620799,24.333333333333332
620892,41
620930,45
620990,20
621020,41
621111,41
621133,43
621143,43
621220,41
621320,28.5
621410,41
621490,41
630120,41
630130,41
630140,43
630190,41
630231,34.75
630239,23
630253,28.5
630260,41
630293,41
630312,28.5
630419,19.571428571428573
630420,16
630493,21
630533,41
630539,41
630622,41
630630,21
630640,27.666666666666668
630710,41
630720,26
630790,16
640199,45
640219,45
640312,24
640351,36.75
640359,43
640391,43
640399,43
640510,22
640590,41
640620,41
650100,40
650610,39
650691,24
650699,35.666666666666664
660199,39
660390,41
670100,28
670210,28
670290,34.25
670411,38
680299,50
680410,28
680421,18
680430,33
680510,28
680530,28
680790,45
680911,50
680919,45
680990,50
681011,30
681091,25
681189,30.5
681299,30
681381,45
681389,30
681410,43
681490,43
681513,35.5
681519,20
690210,28
690220,28
690320,38
690390,28
690723,29.5
690990,35
691010,42
691110,35.75
691190,42
691390,42
700210,47
700220,36.5
700231,36
700239,42
700320,25
700521,45
700711,21
701010,49
701020,49
701310,42
701337,42
701349,42
701391,42
701399,42
701720,28
701790,28
701820,50
701890,45
701912,45
701915,25
701919,28
701963,35
701971,30
701990,30.8
710122,43.5
710491,14
710510,15
710610,26.25
710700,33
710811,20
710813,35
710900,43
711011,35
711019,34
711029,26.5
711031,35
711610,45
711711,45
711810,30
720211,12
720510,37
720690,22
720720,12
720825,40
720839,38
720916,24.333333333333332
720925,26
720990,41
721041,18
721049,14
721090,28
721123,36
721210,35
721220,38
721250,28
721590,38
721631,41
721633,34.333333333333336
721669,38
721720,43
721790,38
721810,37
721899,37
721924,34.333333333333336
721933,33.5
721935,36
722012,26
722020,39.333333333333336
722090,26
722211,36
722219,41
722410,37
722490,24.5
722519,41
722540,36.333333333333336
722599,27.5
722691,38
722692,33
722810,38
722820,41
722870,28
722920,42
730240,17
730411,25
730422,14
730441,40.5
730451,22.333333333333332
730459,25.666666666666668
730490,34
730531,41
730611,17
730650,38
730669,33
730690,36
730711,25
730719,28
730721,28
730791,37
730792,34
730799,24
730830,43
730890,39
730900,38
731021,35.5
731210,39
731300,27
731412,38
731419,37
731431,42
731439,27
731512,28
731520,38
731589,43
731600,38
731814,38
731815,28
731816,28
731819,25
731822,28
731824,28
731829,28
731940,37
731990,32
732010,32.333333333333336
732020,32
732111,42
732181,37
732219,43
732290,28
732392,42
732393,42
732490,27
732591,18
740311,28.666666666666668
740321,36
740329,36
740400,36.5
740610,25.4
740620,27
740822,35.5
740919,39
740929,42
740990,37
741521,38
741810,28.666666666666668
741820,44
750400,31.5
750511,26
750712,16
750720,26
750890,30.333333333333332
760110,40
760200,36.5
760310,26
760421,25
760511,43
760519,43
760521,28
760529,28
760611,37.25
760692,38
761210,44
761290,36.5
761410,26
761520,28
761610,28
761691,28
780199,38
780419,41
780420,26
790120,38
790400,41
790500,26
790700,27.666666666666668
800110,38
800300,43
800700,38
810110,36
810194,33
810199,26.5
810296,43
810299,28
810320,34.333333333333336
810399,24.666666666666668
810419,26
810490,35.5
810690,33
811212,38
811221,23
811269,33
811299,32
811300,43
820140,28
820160,43
820240,28
820340,28
820411,38
820412,28
820600,28
820713,38
820719,28
820720,43
820740,43
820760,43
820790,33
820820,43
820840,28
821192,32
821210,32
821420,42
821599,42
830130,37
830160,39
830220,44
830610,18
830790,28
830820,29
830890,39
830910,39
830990,29
831000,39
831120,38
840212,15
840310,35.5
840390,26
840410,17.5
840420,43
840490,42
840510,30
840590,36
840690,37
840820,27
840890,26
840910,12
841090,16
841112,11
841121,12
841191,11
841221,22
841231,24
841239,34
841319,30
841320,40
841392,36
841451,31
841460,43
841470,38.75
841582,39
841690,26
841780,23.333333333333332
841861,44
841911,43
841912,23
841919,23
841920,34
841950,30
842099,38
842119,40
842121,35.666666666666664
842123,18
842132,33
842139,30.5
842220,38
842230,34.8
842330,45
842389,37.5
842390,38
842420,23
842490,16.666666666666668
842519,25
842542,26.5
842549,32.5
842612,36
842699,41
842839,36.666666666666664
842911,39.5
842920,20
842959,38
843020,25
843050,23
843069,32.25
843120,38.5
843139,35
843143,27.666666666666668
843210,25
843280,40.5
843311,31
843320,34
843340,35
843359,34.666666666666664
843360,35
843490,20
843510,38
843590,36
843629,48
843680,33
843699,26
843790,36
843810,37
843850,37
843890,35
844110,47
844180,39.5
844230,33.75
844240,35
844313,21
844316,40
844319,34.5
844332,32.22222222222222
844399,30
844610,43
844629,18
844819,43
844820,41
844849,27.25
844859,41
845011,42
845150,28
845180,38
845190,38
845210,35.666666666666664
845221,44
845230,44
845290,29
845390,43
845611,10
845690,30
845941,44
845951,19
845959,24
845970,39
846012,31.5
846040,39.5
846140,44
846222,42.75
846233,17
846261,19
846330,44
846390,39
846420,35
846490,35
846592,44
846593,29
846594,44
846595,44
846596,44
846610,42
846692,41
846694,36
846711,28
846722,33
846789,23
846799,34.5
847010,35
847141,20
847149,25
847150,22.5
847410,35
847420,38.333333333333336
847510,18
847521,35
847621,46
847629,22
847689,27
847690,43
847720,37.5
847730,28.333333333333332
847740,40
847759,15
847780,40
847950,16.666666666666668
847982,27
848010,43
848041,41.333333333333336
848049,28
848079,40
848120,25
848130,25
848180,30.833333333333332
848250,38
848310,34.333333333333336
848320,26
848420,38
848510,39
848640,10
848690,10
848710,36
850120,42
850162,25
850211,25
850231,43
850240,20
850433,30
850440,25
850450,35
850490,33.75
850511,39.5
850640,43
850811,43
850870,28
850990,41
851030,43
851190,29.75
851210,45
851220,25
851310,33
851440,40
851511,40
851519,45
851529,45
851539,40
851610,25.333333333333332
851632,17
851640,17
851660,32
851671,38.25
851679,42
851690,33.5
851762,27.77777777777778
851771,34.28999999999999
851810,35
851890,35
851981,19.285714285714285
852329,21.875
852341,35
852349,20
852359,27.5
852411,15
852419,13.25
852560,22.5
852581,17.166666666666668
852583,17.166666666666668
852610,10
852691,15
852692,30
852713,10
852792,35
852799,35
852842,30
852852,31.666666666666668
852869,37.5
852871,25
852910,25
853329,30
853339,35
853340,35
853510,45
853521,45
853540,45
853610,45
853620,44
853630,35
853641,45
853650,35
853690,33.333333333333336
853810,32.5
853890,42
853932,43
853951,32.81999999999999
853952,43
853990,35.265000000000015
854110,35
854121,35
854141,35
854151,32
854239,10
854290,10
854340,20
854370,19.5
854420,30
854430,25
854442,32.5
854460,39.4
854470,25
854519,25
854690,45
854710,27
854800,18
860721,38
860730,38
870130,51
870192,38
870195,38
870310,50
870324,60
870360,25
870380,25
870410,41
870422,50
870431,60
870432,50
870822,16
870840,19.125
870850,16.357142857142858
870893,16
871130,80
871390,14
871491,40
871496,40
871639,45
871680,45
871690,25
880211,17
880230,19
880710,11
880720,11
880730,11
890393,45
900190,30
900211,31.8
900220,27.5
900311,42
900319,25.333333333333332
900410,27
900659,20.428571428571427
900669,41.5
900699,43
900791,28
900792,28
901090,21.666666666666668
901110,35
901120,30
901210,10
901290,10
901320,10
901380,39.666666666666664
901390,25.5
901420,10
901490,12.5
901510,10
901580,15
901600,41.5
901710,28
901780,38
901790,35
901811,15
901814,20
901819,25
901820,20
901849,21.5
902000,23
902110,14
902131,14
902140,14
902190,10
902212,15
902230,10
902410,18.333333333333332
902490,15
902590,20
902610,20
902680,20
902750,10
902820,35
902920,32.5
903031,17.5
903039,20
903082,10
903089,20
903090,10
903110,30
903141,10
903180,15.714285714285714
903190,20
903210,37
903281,10
903289,19.5
903300,36
910121,18
910129,18
910219,43
910221,46
910299,25
910310,35
910591,31
911011,26
911220,49
911310,30
911320,49
911490,32.333333333333336
920290,30
920590,43.75
930520,23
930621,23
940110,30
940149,35
940153,35
940161,27.5
940179,30
940199,16.335000000000008
940370,30
940382,10
940391,35
940399,35
940421,40
940440,43
940519,35
940542,35.5
940569,40
940610,38
950430,15
950440,20
950490,25
950590,20
950619,36
950632,36
950639,41
950699,16
950790,26
950821,26
950822,26
950826,26
950830,26
950840,26
960340,29.333333333333332
960350,39.25
960390,26
960400,26
960621,41
960622,41
960629,41
960850,42
960860,42
960920,42
961390,30
961519,36
961590,36
961610,36
961700,38
961800,40
970121,29
970290,21
970400,27.5
970610,10
010129,50
010310,10
010511,16.25
010649,21.25
010690,22.5
020622,22
020714,50
021019,65
030119,45
030299,17
030331,48.5
030363,47
030389,47
030391,47
030471,47
030481,47
030489,47
030494,47
030499,47
030612,47
030636,31
030711,41
030784,50
030792,47
040120,52.5
040150,52.5
040291,45
040390,57.5
040410,16
040510,45
040630,49.5
040640,52.5
040900,55
050590,27.5
050800,49.5
060210,12.5
060220,27.5
060290,22.857142857142858
071090,35
071310,38.75
071333,41.25
080111,52
080212,50
080221,60
080231,65
080251,50
080299,64.5
080940,50
081040,70
081320,65
081340,64
090190,36.25
090220,31.25
100111,75
100790,37
110422,55
110520,50
110630,55
110720,45
110811,35
110819,55
120190,20
120400,50
120729,30
120922,10
121010,35
121020,40
121190,22.966666666666665
121229,30
121490,19
130120,45
130212,41
130220,55
130232,42.5
150410,47
150790,44
150890,45
150920,45
150990,45
151311,44
151499,44
151511,50
151521,25
151529,45
151550,47
151560,43.75
151610,40
151630,60
151710,65
152110,50
160231,25
160250,28.75
160411,45
160561,45
170220,65
170290,40
170410,47
170490,45
180100,43
190110,42.5
190120,45
190190,45
190219,45
190220,45
190420,45
190430,30
190490,45
190510,22.5
190531,45
190540,45
200110,40
200210,30
200520,40
200559,30
200570,40
200580,40
200791,40
200880,40
200897,40
200912,65
200919,50
200929,40
200931,28.75
200939,28.75
200971,40
200979,45
200990,40
210111,47
210120,47
210130,27
210220,60
210230,60
210310,47
210330,32
210410,47
210420,32
210500,47
210610,30
220291,42.5
220300,35
220410,49
220421,49
220720,65
220830,45
230120,26
230210,35
230400,27.5
230910,52.5
240210,60
250620,40.5
250850,25.5
250860,25.5
251320,25.5
251400,15.5
251520,40.5
251820,15.5
251990,34
252210,42.5
252321,27.5
252330,42.5
252520,27.5
252620,14.25
252930,42.5
260500,10
261100,10
261690,10
270730,41
270750,42
270810,42
270900,22.5
271012,37
271019,26.6
271020,41
271112,40
271113,41.25
271220,45.5
271320,45.5
271490,40.333333333333336
271500,43
280469,41.5
280519,22.5
280530,20.90909090909091
280920,23.166666666666668
281121,42.5
281219,15
281290,24.375
281420,42.5
281511,42.5
281610,42.5
281640,22.5
281700,32.5
281820,42.5
282090,37.5
282510,25
282520,26.25
282530,42.5
282550,22.5
282570,27.5
282580,42.5
282612,27.75
282690,41.833333333333336
282749,32.5
282751,42.5
282759,42.5
282760,42.5
282919,15
282990,27.5
283090,25
283110,28.75
283230,37.5
283321,42.5
283322,42.5
283324,37.5
283325,27.5
283327,42.5
283340,27.5
283510,42.5
283522,37.5
283620,22.5
283630,25
283640,22.5
283650,37.5
283660,42.5
283911,22.5
283919,35
283990,22.5
284011,15
284019,15
284169,23
284410,42.5
284430,22.5
284442,25.75
284443,31
284590,15
284610,24.375
284910,18
284920,38
284990,26.333333333333332
285000,23.625
290121,37
290122,37
290129,22
290219,22
290241,37
290243,37
290244,37
290250,37
290270,37
290290,20.333333333333332
290319,29.25
290329,18
290345,15.5
290377,15.5
290378,20.5
290379,20.5
290420,16.5
290511,40.5
290512,30.5
290513,25.5
290514,25.5
290517,42
290522,25.5
290529,40.5
290532,25.5
290543,43
290544,18
290559,35.5
290619,30.5
290621,40
290629,30.5
290713,15.5
290715,20.5
290719,22.25
290721,35.5
290722,20.5
290729,22.25
290943,20.5
290949,19.75
291020,25.5
291100,40.5
291212,15.5
291221,40.5
291260,25.5
291411,40.5
291419,20.5
291439,39.75
291450,36.75
291462,20.5
291479,20.5
291513,40.5
291529,25.5
291531,35.5
291532,40.5
291533,25.5
291570,38.75
291611,41.5
291613,41.5
291619,26.5
291631,36.5
291639,22.75
291713,31.5
291732,41.5
291734,31.5
291736,34.833333333333336
291815,26.5
291816,26.5
291819,26.5
291821,31.5
291822,18.75
291823,21.5
291829,16.5
292121,24
292129,26.5
292142,41.5
292143,36.5
292145,41.5
292159,41.5
292212,26.5
292217,21.5
292229,29
292239,24.833333333333332
292242,38.833333333333336
292244,16.5
292419,29
292421,41.5
292423,16.5
292429,33.75
292519,21.5
292610,41.5
292800,36.5
292910,28.5
293010,34.829999999999984
293020,21.5
293159,41.5
293211,36
293212,41
293219,26.5
293295,21.5
293299,22.125
293329,36.5
293331,16
293333,22.75
293334,24
293341,21.5
293352,21.5
293353,36.5
293355,16.5
293371,19
293372,19
293379,29
293399,41.5
293420,36.5
293550,16.5
293622,39
293623,39
293626,39
293629,24
293690,19
293712,26.5
293721,14
294130,14
294190,19.333333333333332
294200,21.5
300242,13
300249,13
300259,13
300390,10
300410,10
300420,10
300431,10
300439,10
300449,15
300450,10
300490,12
300510,32.5
300630,41.5
300640,27.5
300650,27.5
300670,29
300691,47.5
310430,40.5
310510,39
310540,41.5
310560,36.5
310590,29
320210,44
320300,29
320412,44
320413,44
320415,31.5
320419,42.333333333333336
320490,39
320720,40
320740,25
320810,47.5
320990,44.166666666666664
321310,26.5
321511,39
321519,39
330124,37.5
330210,40
330420,40
330499,38.5
330520,38
330530,38
330610,38
330749,38
340119,39
340120,41.5
340239,21.5
340242,16.5
340311,40
340319,20
340399,20
340420,25
340520,26.5
340540,26.5
340590,26.5
350300,27
350510,34.5
350699,30
350790,24.333333333333332
360410,23.5
360490,23.5
370110,42.5
370130,26.666666666666668
370199,27.5
370210,45
370239,NA
370254,NA
370400,28.5
370500,15
370710,18
370790,34.166666666666664
380110,26.5
380120,21.5
380190,34
380210,31.5
380290,25
380510,41.5
380610,32.5
380630,21.5
380910,45
380992,21.5
381010,36.5
381090,26.5
381129,16.5
381511,21.5
381590,16.5
381700,41.5
381800,13.333333333333334
382212,13
382311,51
382370,48
382410,26.5
382450,36.5
382481,41.5
382499,24.714285714285715
382790,41.5
390220,44
390230,44
390311,24
390319,44
390320,49.5
390330,44
390421,24
390440,47
390591,27.5
390610,44
390729,30.25
390750,47.5
390761,41.5
390770,21.5
390810,32.125
390890,20
390910,44
390931,41.5
390939,41.5
391110,29
391190,16.5
391211,16.5
391290,24
391400,29
391690,40
391731,32.5
391732,29
392030,44
392043,39
392049,29
392059,39
392063,47.5
392069,32.5
392073,44
392093,24
392099,20.25
392113,37.75
392119,30.25
392210,44
392321,32.5
392329,32.5
392490,44
392520,21.5
392640,36.5
400219,36.25
400259,37.5
400270,22.5
400280,42.5
400291,37.5
400510,38
400591,28
400599,38
400690,28.5
400700,49
400811,38
400821,28
400829,38
400942,30
401033,38
401034,38
401036,40
401110,25
401120,25
401150,32.5
401180,54.75
401190,48.5
401610,31.5
401694,55.5
401695,40.5
410120,27.666666666666668
410210,42
410330,24
410390,26
410441,40
410449,31
410631,39
410711,30.5
410719,31
411200,43
411310,49
411330,44
411410,44
411420,45
411510,49
420100,45
420211,42
420212,45
420219,45
420231,41
420232,45
420239,45
420291,41
420321,45
420340,45
430180,35
430390,45
440121,35
440122,35
440323,30
440324,32.5
440712,35
440719,35
440796,35
440921,14
440929,29
441011,39
441112,25.5
441192,40
441241,41
441252,41
441292,41
441299,28
441600,32
441700,34.5
441819,26.5
441879,34
441899,39
441911,15
441920,25
441990,25
450410,43
460199,27
460212,17
460219,29.5
460290,42
470100,15
470200,15
470419,15
470620,10
480254,41
480255,40
480257,40
480262,40
480300,40
480421,20
480431,37
480439,17
480441,17
480459,17
480519,41
480524,16
480540,21
480640,36
480840,21
480920,21
480990,36
481019,35
481031,40
481039,20
481141,36
481820,40
481850,15
481950,40
482010,40
482050,20
482110,36
482369,40
482390,27
490199,10
490400,15
490520,35
490590,25
490700,20.5
490900,36
491191,36
491199,38.5
500600,16
500720,31.571428571428573
510111,73
510610,15
511111,36.666666666666664
511120,43
511211,43
520513,35
520521,15
520543,40
520823,18
520829,43
520832,43
520852,43
520922,43
520929,43
520931,43
520939,43
520941,43
520951,43
521039,43
521051,43
521059,30.5
521131,43
521141,43
521143,43
521159,28
521212,23
530210,21
530290,21
530929,43
540110,37.5
540120,15
540220,40
540231,35
540259,25
540261,38.75
540262,40
540269,37.5
540342,15
540600,25
540710,43
540720,38
540730,33
540741,43
540742,43
540743,43
540753,43
540754,43
540774,43
540783,43
540784,38
540821,34.666666666666664
540831,18
540832,43
540833,43
550111,40
550120,25
550190,40
550320,40
550330,40
550340,40
550390,40
550810,40
550959,25
550999,35
551030,15
551221,38
551299,43
551311,23
551329,43
551331,43
551349,18
551412,23
551421,43
551422,43
551441,28
551512,43
551521,28
551599,38
551614,43
551633,43
551643,38
551691,18
551692,43
560122,23
560129,43
560210,28
560290,38
560311,43
560313,18
560314,38
560393,38
560600,40
560819,38
570110,41
570232,41
570242,39
570292,41
570310,26
570321,24
570490,39
580110,43
580123,18
580126,28
580127,43
580131,43
580133,43
580137,38
580220,19.25
580421,43
580500,16
580610,35.5
580620,43
580631,43
580632,38
580640,28
580710,43
580790,38
590110,36.333333333333336
590190,36.75
590210,43
590310,36.333333333333336
590699,35.5
591131,38
591132,38
600122,38
600129,18
600199,43
600290,32
600310,18
600340,18
600537,43
600621,43
600624,43
600631,43
600632,43
600642,43
600643,43
610210,45
610220,43
610230,43
610322,45
610349,41
610439,41
610449,41
610451,41
610462,41
610590,41
610690,41
610712,16
610721,16
610799,41
610811,16
610821,41
610822,41
610831,41
610892,41
610910,41
610990,41
611090,41
611190,20
611211,41
611212,43
611219,41
611430,43
611521,41
611594,26
611596,41
611610,37.25
611790,41
620130,41
620220,41
620311,38
620312,18
620349,28.5
620422,18
620423,45
620432,41
620441,41
620443,43
620452,41
620453,41
620463,47
620530,41
620590,41
620610,41
620620,41
620690,16
620719,16
620729,16
620791,41
620811,41
620822,41
620891,41
620920,45
621010,31.5
621030,41
621040,41
621139,32.666666666666664
621142,41
621149,41
621210,41
621230,41
621290,28.5
621430,41
621520,41
621590,41
621600,41
630251,28.5
630259,16
630319,21
630399,41
630411,28.5
630499,21
630532,41
630590,41
630612,41
630690,22.25
630800,41
640220,45
640299,36.666666666666664
640320,24
640340,34
640411,45
640420,32.5
640610,41
650400,38
650500,38.25
650700,30
660110,26
660191,39
660200,39
670419,43
680221,31.666666666666668
680291,47.5
680610,35
680620,30
680800,43
681019,45
681099,31.5
681320,30
681511,27
681599,32
690290,43
690490,45
690600,45
690721,37
690722,42
691200,42
691310,42
691490,30
700232,42
700319,35
700330,35
700600,45
700729,49
700800,41.5
700910,30
700991,34
701190,36
701341,42
701510,30
701590,40.666666666666664
701690,42.5
701911,40
701961,30
701964,35
701965,30
701966,35
701969,30
701972,30
710310,38
710391,39
710410,39
710421,27.5
710429,27.5
710590,35
710691,35
710692,32.5
710812,30
711039,29
711041,35
711049,36.5
711292,30.5
711319,34
711320,45
711411,30
711419,45
711510,23
711590,31.5
711620,45
711719,43
711790,53
720110,11
720229,32
720293,12
720421,35
720429,35
720521,22
720529,12
720826,30
720827,40
720853,21
720854,41
720915,28.5
720917,21.333333333333332
721030,43
721061,43
721069,43
721070,39
721114,26
721119,26
721190,36
721230,38
721499,38
721510,42
721640,28
721650,24
721661,18
721891,37
721911,39
721921,26
721923,41
721931,36
721932,16
721990,26
722100,41
722230,36
722240,36
722592,42
722619,33
722620,38
722699,38.666666666666664
722790,21.333333333333332
722830,21.333333333333332
722840,38
722850,38
722990,27.5
730110,42
730120,42
730210,41
730300,26.5
730423,19
730431,27
730619,42
730630,36.333333333333336
730661,33
730722,28
730723,28
730820,38
731010,43
731029,33
731290,24
731414,43
731420,37
731441,28
731450,43
731519,38
731581,43
731582,43
731700,28
731811,28
731821,38
731823,38
732090,39.5
732112,17
732119,27
732310,37
732391,37
732394,25.333333333333332
732410,37
732429,42
732599,35.5
732611,28
732619,33
732620,33
732690,38
740200,37
740322,36
740710,26.5
740729,27
740811,39
740911,31.5
740931,42
740939,42
741012,27
741021,26.5
741121,42
741122,27
741129,37
741220,39.5
741300,40
741510,28
741920,38.166666666666664
741980,38.214285714285715
750512,26
750522,16
750610,36
750620,16
750711,16
760320,42
760429,30
760612,37
760691,41
760711,36
760719,41
760720,36
760810,43
760900,28
761090,36
761100,29
761300,27.5
761490,36
780110,13
780411,26
780600,26
790111,25.5
790112,33
800120,34.25
810210,26
810391,28
810430,43
810520,22.333333333333332
810590,28
810610,33
810820,33
810929,38
810991,28
810999,28
811090,28
811100,33
811229,33
811251,13
820110,38
820190,28
820220,38
820239,43
820291,28
820299,33
820310,43
820320,38
820330,38
820420,43
820510,28
820520,38
820530,38
820540,38
820551,32
820559,28
820770,43
820830,28
820890,43
820900,40
821000,38
821110,43
821193,42
821290,32
821410,37
821591,42
830110,32
830170,42
830210,44
830241,44
830242,44
830249,29
830260,44
830520,42
830590,37
830621,42
830629,24.5
831110,28
840120,11
840140,11
840219,40
840290,37
840682,25
840721,28
840729,23
840733,20
840810,40
840991,18.666666666666668
840999,21.75
841111,11
841181,25
841290,15
841330,33
841350,29
841360,32.5
841381,38
841382,38
841440,38
841480,27.166666666666668
841490,28.75
841520,40
841581,39
841590,40.5
841620,43.333333333333336
841720,30
841790,23.666666666666668
841810,33.333333333333336
841840,28.666666666666668
841850,29
841933,45.886666666666656
841935,44
841939,29
841940,45
841960,25
842010,43
842112,40
842122,38
842131,25
842211,43
842240,43
842290,43.333333333333336
842310,41
842320,40
842382,40
842430,38
842449,33
842482,48
842489,23.75
842539,40
842619,21.11111111111111
842630,41
842720,24
842790,29
842820,25
842832,25
842833,40
842870,38.75
842890,30.5
842919,17
842952,24.25
843010,25
843131,33
843141,41
843221,45
843229,44
843242,49
843319,31
843330,45
843351,48
843352,28
843353,48
843390,26.5
843410,33
843420,41
843610,47
843621,35
843691,26
843710,30.5
843780,48
843860,38
843880,38
843920,18
843930,43
844010,38
844090,43
844140,47
844190,38
844317,45
844331,35
844339,16.5
844391,26.666666666666668
844832,41
844833,26
844839,26
844900,33
845019,17
845090,34
845130,43
845320,43
845490,31
845530,28
845640,10
845819,39
845929,44
845961,27.5
846022,36.5
846024,35.666666666666664
846029,22.2
846031,44
846039,47
846150,22
846190,30.333333333333332
846219,19
846229,42.75
846239,36.5
846263,19
846310,27.75
846320,44
846410,30
846591,44
846599,44
846620,42
846691,30
846781,38
846792,26
846810,39
846880,44
846890,37
847029,35
847130,35
847170,20
847180,35
847290,25.88888888888889
847329,35
847330,35
847480,36.666666666666664
847490,35
847529,43
847790,30
847810,35
847930,18
847940,42
847960,38
847990,25
848020,43
848060,23
848071,35
848110,25
848140,20
848190,33
848220,38
848230,38
848240,28
848291,38
848299,36
848340,39.666666666666664
848350,43
848390,38
848410,28
848490,23
848620,10
848630,10
848790,38
850110,36.666666666666664
850131,22
850132,35
850133,35
850134,40
850140,40
850161,35
850163,40
850212,40
850213,37.5
850239,25
850300,40.5
850410,40
850432,37.5
850519,42
850610,40.5
850660,43
850690,38
850720,40
850730,20
850750,45
850780,30
850860,35
850940,32
851020,43
851110,28
851120,29
851130,19
851140,35.333333333333336
851150,31.5
851180,23
851419,27.5
851431,20
851439,10
851490,31.5
851521,41.666666666666664
851580,40.5
851590,36
851621,42
851629,37.833333333333336
851650,42
851672,33.666666666666664
851680,17
851713,35
851714,35
851718,35
851769,20
851822,30
851829,35
851830,35
851989,32.5
852210,22
852321,27.5
852351,27.5
852380,19.166666666666668
852492,15.142857142857142
852499,13.25
852550,15
852719,30
852721,30
852729,15
852791,35
852849,15
852872,30.833333333333332
852990,26.25
853010,18
853080,38
853090,36
853120,35
853180,32.5
853190,25
853210,35
853223,35
853225,35
853229,35
853290,17.5
853331,35
853390,35
853400,35
853530,28.333333333333332
853590,40
853649,45
853661,40
853670,33
853710,24.333333333333332
853720,40.5
853910,23
853922,30
853939,31.333333333333332
853949,18
854071,43
854089,43
854091,18
854099,30.5
854129,35
854130,35
854142,35
854159,30
854160,35
854231,10
854232,10
854320,25
854330,20
854390,22.5
854419,40
854449,29.75
854590,30
854610,45
854720,37
854790,32
860729,23
860791,38
860799,13
860900,27.5
870333,50
870451,60
870460,60
870530,18
870590,26.454545454545453
870600,16
870821,16
870829,16
870830,16.5
870870,16
870880,16
870892,16
870894,16
870899,16
870919,45
870990,43
871150,65
871200,41.142857142857146
871410,50
871492,40
871494,40
871495,40
871500,41
871610,45
871620,55
880220,20
880400,17
880529,10
890331,30
890690,42
890790,38
900120,35
900140,25.333333333333332
900219,35
900490,39.5
900510,45
900640,40
900661,44
900691,38.4
900850,27.2
900890,24.666666666666668
901010,33.5
901060,15
901190,30
901410,30
901480,20
901530,44
901590,20
901720,30
901730,28
901831,23
901832,31
901920,14
902129,26.670000000000016
902139,14
902150,10
902300,25
902480,15
902519,15
902580,41
902620,20
902690,10
902710,10
902720,15
902730,10
902781,11.666666666666666
902789,10
902810,35
902910,43.666666666666664
902990,36
903010,10
903020,25
903033,30
903040,17.5
903084,27.5
903120,17
903149,33.333333333333336
903290,15
910199,25
910211,45
910229,45
910390,50
910511,50
910519,20
910529,45
910690,30
910700,38
910811,26
910812,26
911290,22
911390,49
920110,45
920710,47
920790,32
920930,30
920991,45
920992,30
930390,43
930599,33
930629,33
930700,33
940139,20
940169,35
940171,32.5
940180,25
940310,30
940320,30
940330,30
940350,25
940389,26.666666666666668
940410,30
940429,45
940430,32.5
940521,45
940529,45
940591,28
940592,38
940690,43
950300,34.285714285714285
950420,30
950450,10
950611,36
950640,28.5
950659,41
950662,33.5
950669,41
950691,26
950730,41
950825,26
950829,26
960321,38
960329,36
960610,41
960711,41
960830,42
960891,38
960899,36.666666666666664
960910,42
960990,36
961100,43
961210,28
961220,30
961320,45
961620,36
962000,18
970199,26
970310,31
970390,31
970510,20
970522,20
970529,20
970531,20
020120,52
020230,52
020610,22
020629,52
030235,17
030312,47
030325,50
030332,47
030366,47
030469,47
030495,47
030635,42.5
030722,48.5
030812,50
030821,42.5
040140,52.5
040210,45
050400,46.75
050510,42.5
051110,10
051191,27
060110,14.8
071390,39.75
080252,50
080440,65
080510,51
080529,52
080540,52
080550,51
080620,50
080830,51.333333333333336
080930,50
090111,43
090210,31.25
090230,37.5
100191,75
100590,100
110290,46.666666666666664
110510,37.5
110610,32.5
110820,35
120242,50
120600,30
120750,32.5
120924,10
120930,10
120991,10
120999,10
121120,27.857142857142858
121299,44.285714285714285
121300,27
140490,35
150600,55
150930,45
151219,44
151491,24
151790,60
152000,55
160232,19.375
160249,17.5
160420,43.5
170199,76.66666666666667
170230,65
180610,30
180620,45
180632,45
180690,43
190532,45
200600,31.666666666666668
200961,40
200981,27.5
200989,31.428571428571427
210112,47
210210,60
210320,32
210390,32
210690,29.875
220110,40
220190,40
220600,65
220850,45
220890,45
230650,20
230990,25.75
240120,45
240419,62.16499999999999
250610,25.5
250810,25.5
250830,35.5
251200,26.75
251511,41.5
251612,41.5
251710,41.5
251749,40.5
252010,42.5
252100,37.5
252310,42.5
252329,27.5
252390,27.5
252490,30
252800,41.5
253090,20.9
261310,20
261390,20
270111,53
270112,55.75
271111,50
271129,40
271210,45.5
280300,27.5
280430,22.5
280440,22.5
280461,26.5
280480,42.5
280512,42.5
280800,42.5
281512,27.5
281520,22.5
281530,42.5
281990,27.5
282410,15
282540,15
282560,22.5
282720,42.5
282732,27.5
282741,22.5
282810,20
283210,42.5
283329,35
283410,27.5
283421,29.5
283524,37.5
283526,22.5
283539,24.166666666666668
283692,42.5
283699,28.5
283720,42.5
284161,28
284180,21
284190,43
284210,38
284290,28.9375
284329,23
284330,30.5
284390,15.5
284441,15
284510,27.5
284530,15
284700,43
290123,22
290211,37
290220,37
290242,37
290312,28
290342,15.5
290369,15.5
290391,28
290399,16.75
290531,40.5
290539,24.75
290542,40.5
290723,40.5
290899,28
290919,28
290960,30.5
291211,20.5
291219,25.5
291249,40.5
291300,40.5
291422,25.5
291511,35.5
291512,40.5
291560,20.5
291615,26.5
291711,25.666666666666668
291712,41.5
291719,26.5
291720,37.75
291735,16.5
291811,36.5
291813,41.5
291814,36.5
292029,24
292130,36.5
292141,16.5
292219,22.125
292231,21.5
292241,30.5
292249,27.625
292320,26.5
292390,26.5
292411,16.5
292511,44
292690,15.666666666666666
292700,41.5
293090,30.25
293120,16.5
293154,41.5
293213,26
293220,36.5
293319,28.75
293321,21.5
293354,16.5
293361,41.5
293391,21.5
293499,19.8125
293590,36.5
293621,39
293627,34
293628,24
293729,39
293790,19
293919,39
294000,26
294150,14
300120,13
300190,13
300212,13
300214,13
300215,13
300290,13
300432,10
300443,15
300610,20
310290,29
310420,40.5
310520,85
310559,21.5
320420,24
320611,24
320619,32.5
320642,41.5
320649,32.333333333333336
320650,29
320820,45
320890,42.5
320910,32.5
321210,45
321490,31.5
330112,37.5
330113,37.5
330119,37.5
330620,38
330690,38
330720,38
330730,38
330741,38
340111,41.5
340241,21.5
340249,26.5
340490,30
340530,26.5
340700,36
350220,25
350290,40
350520,40
350691,35
350710,16
360100,26.5
360200,21.5
360330,31.5
360610,21
370231,15
370232,15
370242,NA
370252,NA
370255,NA
370298,NA
370390,44
380130,26.5
380400,26.5
380590,41.5
380620,21.5
380690,26.5
380891,26.5
380894,19
380899,21.5
380991,36.5
381111,16.5
381119,26.5
381210,36
381220,26.5
381300,23.25
381512,16.5
381519,16.5
381900,26.5
382100,18
382213,20.5
382290,14.5
382312,51
382491,16.5
382600,41.5
382768,36.5
390110,16.5
390120,16.5
390130,44
390140,16.5
390390,29
390422,29
390512,27.5
390519,47.5
390521,47.5
390529,47.5
390599,27.5
390710,39
390730,16.5
390769,34
390791,39
390920,29
391000,16.5
391310,47.5
391620,47.5
391722,47.5
391729,32.5
391810,37.5
391890,30
392020,31.5
392051,39
392061,39
392062,16.5
392079,47.5
392092,42.5
392094,42.5
392112,45.25
392330,29
392340,47.5
392610,47.5
392630,42.5
400211,35
400220,40
400231,31.75
400241,27.5
400300,38
400941,30
401012,30
401032,38
401130,21
401290,39
401490,39.5
401512,43
401693,31.5
401699,34
401700,39
410419,26
410640,29
410799,31
420229,20
420292,41
420310,41
420329,45
420500,41
430219,37.5
430220,55
430400,32.5
440220,41
440290,41
440325,15
440399,18.333333333333332
440729,16.25
440791,10
440792,35
440797,15
440890,27.625
441012,39
441113,22.166666666666668
441114,31.333333333333332
441210,19.714285714285715
441239,39
441300,41
441490,27
442019,22.5
442191,32.5
442199,22.5
450310,43
450390,38
470311,15
470500,15
480220,38.5
480269,40
480411,20
480429,40
480451,17
480511,16
480530,41
480593,41
480700,41
480890,36
481029,40
481099,36
481151,31
481200,36
481420,36
481690,28.5
481720,40
481810,40
481830,40
481940,40
481960,40
482030,40
482290,36
482320,36
490290,10
490600,35
490890,41
491000,41
491110,33
500790,43
510910,22.666666666666668
510990,24.333333333333332
511119,36.666666666666664
511220,43
511230,43
511290,43
520100,75
520411,40
520420,25
520541,15
520631,40
520710,40
520811,43
520821,18
520849,43
520919,43
520921,43
520949,43
521019,30.5
521139,43
521142,43
521223,43
521224,43
530919,43
540233,40
540245,28.75
540263,40
540333,25
540411,25
540412,15
540772,43
540781,43
540782,43
550130,40
550311,35
550490,40
550610,30
550620,40
550942,40
551319,23
551323,30.5
551411,33
551430,35.5
551513,43
551519,43
551529,43
551591,43
551612,38
551641,43
560121,43
560221,43
560391,40.5
560729,15
560741,25
560750,25
560790,25
560890,38
570210,41
570220,16
570231,39
570291,41
570410,16
580429,26.333333333333332
580810,43
580890,43
580900,24.666666666666668
581010,43
581091,18
581100,26
590220,18
590320,38
590410,16
590500,38
590610,40.5
590800,28
590900,28
591000,38
591190,18
600121,43
600191,43
600320,43
600330,43
600410,38
600490,38
600622,43
600634,43
600690,43
610130,43
610190,31.5
610323,20
610341,41
610343,43
610422,43
610423,20
610442,41
610444,41
610452,41
610459,41
610469,41
610510,41
610711,41
610891,41
611012,41
611030,41
611420,41
611529,28.5
611599,16
611693,41
611710,41
620190,41
620322,43
620332,41
620339,41
620343,32.5
620412,18
620413,18
620429,18
620439,41
620444,41
620451,41
620459,41
620462,41
620469,41
620520,41
620630,41
620711,41
620821,41
620899,28.5
621050,41
621112,41
621132,32.666666666666664
621420,32.666666666666664
621440,16
621510,41
621710,32.666666666666664
621790,41
630110,26
630210,16
630221,41
630232,28.5
630240,16
630291,41
630299,16
630391,41
630392,41
630491,22.25
630492,41
630520,41
630619,22.666666666666668
640192,32.5
640212,39
640291,45
640319,45
640419,45
640520,45
640690,31
670300,43
670420,26
670490,43
680210,25
680223,20
680293,31.666666666666668
680422,40.5
680423,38
680520,28
680690,30
680710,45
681140,26
681182,43
681291,45
681512,44
690100,43
690310,28
690410,25
690590,40
690911,18
690912,18
690919,28
691090,42
691410,45
700100,27
700312,50
700420,50
700490,35
700510,35
700529,40
700530,50
700719,49
700721,28
700992,47
701090,45.25
701110,47
701322,42
701328,42
701333,42
701342,32
701400,47.5
701710,20
701810,45
701913,28
701914,25
701962,30
701973,30
701980,29
702000,31.666666666666668
710229,35
710239,39
710399,24
710499,33.166666666666664
711021,35
711100,38
711311,35.5
720150,36
720219,37
720260,37
720299,21
720390,32
720852,41
720918,28.5
720926,36
720927,41
721129,41
721240,34
721260,38
721399,15
721420,38
721491,33
721550,42
721610,24.666666666666668
721621,41
721691,38
721710,43
721730,43
721914,24
721922,41
721934,41
722011,41
722220,26
722300,41
722530,13
722550,38
722591,42
722860,38
730419,33.75
730424,39
730429,22.333333333333332
730439,26
730449,40.5
730629,33
730640,26
730729,28
730793,42
730840,38
731100,28
731442,28
731449,43
731511,26.333333333333332
731590,43
731812,43
731813,28
732189,42
732190,43
732399,42
732421,42
732510,40
740313,37
740319,37
740500,39
740721,42
740819,39
740821,37
740829,27
740921,42
740940,42
741011,14
741022,42
741110,37.75
741210,34
741529,38
741533,28
741539,28
750220,13
750521,36
750810,36
760120,42
760410,37.5
760820,29.666666666666668
761010,39
761510,29.5
761699,28
790310,41
790390,26
810196,38
810295,43
810890,28
811010,38
811219,28
811239,34
811241,38
811249,34
811292,38
820130,43
820150,43
820210,43
820231,43
820560,38
820570,38
820590,28
820730,43
820750,40.5
820780,33
820810,39.666666666666664
821191,42
821194,37
821195,42
821220,27
821300,42
821490,42
821510,42
821520,37
830120,29
830140,29
830150,29
830230,29
830250,37
830300,44
830400,39
830630,42
830710,28
830810,39
831130,28
831190,28
840130,11.5
840710,17
840734,20
840790,26.5
841182,13
841199,15
841210,19
841229,27
841280,30
841311,40
841370,26.333333333333332
841391,25
841410,18
841420,38
841430,38.714285714285715
841459,43
841510,38
841583,38
841610,40
841821,38
841829,19.666666666666668
841830,33.666666666666664
841869,34
841899,30.25
841934,53
841981,30
841989,22.5
841990,34.5
842091,43
842129,27.5
842191,22.5
842199,18.5
842219,43
842381,40
842410,28
842511,26
842531,27.5
842541,33
842611,40.5
842641,27.5
842710,29
842810,29.5
842951,20
843041,25.833333333333332
843110,23
843149,36.666666666666664
843231,39
843239,30.666666666666668
843290,39
843820,43
843991,21
843999,41
844130,24.5
844250,35
844315,25
844400,30.5
844790,25.25
844831,41
844851,41
845020,33.75
845121,43
845129,28
845140,43
845420,40.5
845430,22.6
845521,26.25
845590,38
845630,37
845650,15
845710,39
845811,44
845921,44
845939,19
846023,35.666666666666664
846090,42
846211,19
846226,44
846242,44
846249,44
846259,19
846262,19
846269,19
846290,19
846630,42
846693,32.5
846719,28
846721,43
846729,33
846791,26
846820,39
847050,27.5
847090,35
847160,32.5
847190,30
847230,28
847340,35
847350,35
847431,42
847439,35
847590,28
847710,35
847910,26.75
847981,41.5
847989,25.555555555555557
848030,38
848050,18
848210,32
848280,38
848330,36
848360,38
848520,40
848580,37.626666666666665
848590,26.678571428571427
848610,10
850151,40
850152,20
850153,40
850164,25.5
850220,45
850421,40
850431,37.5
850434,30
850520,18
850590,40.5
850650,43
850680,38
850710,45
850760,20
850790,41.5
850819,35
850980,34.666666666666664
851010,43
851090,43
851230,26.25
851240,25
851290,23
851390,40
851411,27.5
851420,20
851432,10
851531,43.333333333333336
851631,42
851633,17
851761,32.5
851779,30.833333333333332
851821,35
851840,30
851850,30
851930,42
852190,27.5
852290,25.555555555555557
852352,32.5
852412,18
852491,13.6
852589,29.09090909090909
852859,47.5
852862,33.333333333333336
853110,30
853221,35
853222,35
853224,35
853230,35
853310,35
853321,35
853529,36.666666666666664
853669,35
853921,25
853929,28.4
853931,31.75
853941,38
854060,27
854079,23
854081,38
854143,35
854149,35
854190,30
854233,10
854310,40
854411,40
854511,43
854520,45
854620,36.5
860719,38
860800,26
870322,50
870323,53.333333333333336
870340,50
870710,41
870790,41
870810,16
870891,16
870895,16
870911,45
871160,80
871310,15
871420,40
871493,40
871499,40
871640,45
880212,17
880240,13
880790,15
890332,30
890710,28
900110,40
900130,37
900150,40.333333333333336
900290,30
900390,41
900580,31.5
900590,29
900630,44
900653,31.5
900710,22
900720,30.5
901180,30
901310,43
901812,13.333333333333334
901813,22.5
901839,19
901850,35
901890,16
901910,34.5
902121,19
902214,10
902219,18.333333333333332
902229,17.22
902290,24.75
902511,34
902790,15
902830,21.666666666666668
902890,32.5
903032,20
903220,20
910111,18
910212,50
910291,45
910400,45
910521,50
910599,40
910610,30
911120,24
911430,24
920120,40
920210,45
920510,30
920600,30
920810,40
920890,45
920994,45
920999,43.333333333333336
930400,33
940120,21
940131,20
940141,35
940191,16.670000000000016
940210,15
940290,20
940340,35
940360,35
940490,43
940511,35
940531,43
940541,35.170000000000016
940549,35.5
940550,45
940561,40
940599,38
950510,35
950612,36
950629,26
950631,36
950670,36
950710,41
950720,36
950824,26
960200,23.5
960310,42
960330,37.333333333333336
960500,36
960630,41
960719,41
960720,41
960810,38
960820,42
960840,42
961000,36
961310,20
961380,30
961400,45
961511,36
961900,24.5
970191,24.333333333333332
970690,10
