hs6,chn_reta_2019,n_hs8
010129,25.0,1
010619,10.0,1
010620,10.0,1
010649,10.0,1
010690,25.0,1
020110,25.0,1
020120,25.0,1
020130,25.0,1
020210,25.0,1
020220,25.0,1
020230,25.0,1
020311,25.0,2
020312,25.0,1
020319,25.0,1
020321,25.0,2
020322,25.0,1
020329,25.0,1
020422,25.0,1
020629,25.0,1
020630,25.0,1
020641,25.0,1
020649,25.0,1
020711,25.0,1
020712,25.0,1
020713,25.0,4
020714,25.0,5
020724,25.0,1
020725,25.0,1
020726,25.0,1
020727,25.0,1
020741,25.0,1
020742,25.0,1
020743,25.0,1
020744,25.0,1
020745,25.0,1
020751,25.0,1
020752,25.0,1
020753,25.0,1
020754,25.0,1
020755,25.0,1
020910,25.0,1
021011,25.0,2
021012,25.0,1
021019,25.0,1
021020,25.0,1
021099,25.0,1
030111,25.0,1
030119,25.0,1
030311,25.0,1
030312,25.0,1
030313,25.0,1
030314,25.0,1
030319,25.0,1
030323,25.0,1
030324,25.0,1
030325,25.0,1
030326,25.0,1
030329,25.0,1
030331,25.0,2
030332,25.0,1
030333,25.0,1
030334,25.0,1
030339,25.0,1
030341,25.0,1
030342,25.0,1
030343,25.0,1
030344,25.0,1
030345,25.0,2
030346,25.0,1
030349,25.0,1
030351,25.0,1
030353,25.0,1
030354,25.0,1
030355,25.0,1
030356,25.0,1
030357,25.0,1
030359,25.0,1
030363,25.0,1
030364,25.0,1
030365,25.0,1
030366,25.0,1
030367,25.0,1
030368,25.0,1
030369,25.0,1
030381,25.0,1
030382,25.0,1
030383,25.0,1
030384,25.0,1
030389,25.0,4
030391,25.0,1
030392,25.0,1
030399,25.0,1
030461,25.0,1
030462,25.0,3
030463,25.0,1
030469,25.0,1
030471,25.0,1
030472,25.0,1
030473,25.0,1
030474,25.0,1
030475,25.0,1
030479,25.0,1
030481,25.0,1
030482,25.0,1
030483,25.0,1
030484,25.0,1
030485,25.0,1
030486,25.0,1
030487,25.0,1
030488,25.0,1
030489,25.0,1
030491,25.0,1
030492,25.0,1
030493,25.0,1
030494,25.0,1
030495,25.0,1
030496,25.0,1
030497,25.0,1
030499,25.0,1
030510,25.0,1
030520,25.0,1
030541,25.0,1
030611,25.0,1
030612,25.0,1
030614,25.0,2
030615,25.0,1
030616,25.0,5
030617,25.0,4
030619,25.0,3
030631,25.0,2
030632,25.0,2
030633,25.0,4
030634,25.0,2
030635,25.0,3
030636,25.0,3
030639,25.0,2
030691,25.0,1
030692,25.0,1
030693,25.0,3
030694,25.0,1
030695,25.0,2
030699,25.0,1
030711,25.0,2
030712,25.0,1
030719,25.0,1
030721,25.0,2
030722,25.0,1
030729,25.0,1
030731,25.0,2
030732,25.0,1
030739,25.0,1
030742,25.0,3
030743,25.0,2
030749,25.0,2
030751,25.0,1
030752,25.0,1
030759,25.0,1
030760,25.0,2
030771,25.0,3
030772,25.0,1
030779,25.0,1
030781,25.0,2
030782,25.0,2
030783,25.0,1
030784,25.0,1
030787,25.0,1
030788,25.0,1
030791,25.0,2
030792,25.0,1
030799,25.0,1
030811,25.0,2
030812,25.0,1
030819,25.0,1
030821,25.0,2
030822,25.0,1
030829,25.0,1
030830,25.0,3
030890,25.0,4
040110,25.0,1
040120,25.0,1
040140,25.0,1
040150,25.0,1
040210,25.0,1
040221,25.0,1
040229,25.0,1
040291,25.0,1
040299,25.0,1
040310,25.0,1
040390,25.0,1
040410,25.0,1
040490,25.0,1
040510,25.0,1
040520,25.0,1
040590,25.0,1
040610,25.0,1
040620,25.0,1
040630,25.0,1
040640,25.0,1
040690,25.0,1
040819,10.0,1
040900,25.0,1
041000,25.0,2
050400,25.0,4
050510,20.0,1
050590,10.0,1
050800,25.0,2
051191,10.0,1
051199,25.0,1
060220,20.0,1
060290,25.0,1
060319,25.0,1
060390,25.0,1
060420,25.0,2
060490,25.0,1
070110,25.0,1
070190,25.0,1
070200,25.0,1
070310,25.0,2
070320,25.0,3
070390,25.0,3
070410,25.0,1
070420,25.0,1
070490,25.0,3
070511,25.0,1
070519,25.0,1
070521,25.0,1
070529,25.0,1
070610,25.0,1
070690,25.0,1
070700,25.0,1
070810,25.0,1
070820,25.0,1
070890,25.0,1
070920,25.0,1
070930,25.0,1
070940,25.0,1
070951,25.0,1
070959,25.0,7
070960,25.0,1
070970,25.0,1
070991,25.0,1
070992,25.0,1
070993,25.0,1
070999,25.0,2
071010,10.0,1
071021,25.0,1
071022,10.0,1
071029,25.0,1
071030,25.0,1
071040,10.0,1
071080,10.0,1
071090,10.0,1
071220,25.0,1
071231,25.0,1
071232,25.0,1
071233,25.0,1
071239,25.0,5
071290,25.0,7
071310,25.0,2
071320,25.0,2
071331,25.0,2
071332,25.0,2
071333,25.0,2
071334,25.0,1
071335,25.0,1
071339,25.0,1
071340,25.0,2
071350,25.0,2
071360,25.0,2
071390,25.0,2
071410,25.0,2
071420,23.75,4
071430,25.0,1
071440,25.0,1
071450,25.0,1
071490,25.0,4
080111,25.0,1
080112,25.0,1
080119,25.0,2
080121,25.0,1
080122,25.0,1
080131,25.0,1
080132,25.0,1
080211,25.0,1
080212,25.0,1
080221,25.0,1
080222,25.0,1
080231,25.0,1
080232,25.0,1
080241,25.0,2
080242,25.0,2
080251,25.0,1
080252,25.0,1
080261,25.0,2
080262,25.0,1
080270,25.0,1
080280,25.0,1
080290,25.0,3
080310,25.0,1
080390,25.0,1
080410,25.0,1
080420,25.0,1
080430,25.0,1
080440,25.0,1
080450,25.0,3
080510,25.0,1
080521,25.0,2
080522,25.0,1
080529,25.0,1
080540,25.0,1
080550,25.0,1
080590,25.0,1
080610,25.0,1
080620,25.0,1
080711,25.0,1
080719,25.0,3
080720,25.0,1
080810,25.0,1
080830,25.0,3
080840,25.0,1
080910,25.0,1
080921,25.0,1
080929,25.0,1
080930,25.0,1
080940,25.0,1
081010,25.0,1
081020,25.0,1
081030,25.0,1
081040,25.0,1
081050,25.0,1
081060,25.0,1
081070,25.0,1
081090,25.0,8
081110,20.0,1
081120,25.0,1
081190,25.0,1
081310,25.0,1
081320,25.0,1
081330,25.0,1
081340,25.0,5
081350,25.0,1
081400,25.0,1
090111,25.0,1
090112,25.0,1
090121,25.0,1
090122,25.0,1
090190,10.0,1
090210,25.0,2
090220,25.0,1
090230,25.0,2
090240,25.0,1
090411,25.0,1
090412,25.0,1
090422,25.0,1
090619,25.0,1
090932,25.0,1
090962,10.0,1
091012,25.0,1
091091,25.0,1
091099,25.0,1
100119,25.0,1
100199,25.0,1
100590,25.0,1
100610,25.0,4
100620,25.0,2
100630,25.0,2
100640,25.0,2
100790,25.0,1
110100,25.0,1
110220,25.0,1
110290,25.0,3
110311,25.0,1
110319,25.0,2
110412,20.0,1
110419,10.0,1
110422,25.0,1
110429,25.0,1
110430,20.0,1
110510,10.0,1
110520,25.0,1
110610,10.0,1
110630,25.0,1
110710,25.0,1
110720,25.0,1
110812,10.0,1
110813,25.0,1
110814,25.0,1
110819,25.0,1
110900,25.0,1
120190,25.0,2
120241,10.0,1
120242,20.0,1
120400,20.0,1
120600,25.0,1
120710,10.0,1
120750,25.0,1
120799,25.0,1
121020,20.0,1
121120,10.0,1
121190,25.0,3
121221,25.0,1
121291,10.0,1
121299,20.0,3
121410,25.0,1
121490,25.0,1
130120,20.0,1
130190,20.0,1
130212,25.0,1
130213,10.0,1
130219,20.0,1
130220,25.0,1
130231,25.0,1
130232,20.0,1
130239,18.333333333333332,3
140110,25.0,1
140420,25.0,1
140490,25.0,1
150410,25.0,1
150420,20.0,1
150600,25.0,1
150710,25.0,1
150790,25.0,1
150810,25.0,1
150890,25.0,1
150910,25.0,1
150990,25.0,1
151211,25.0,1
151219,25.0,1
151229,10.0,1
151311,25.0,1
151319,25.0,1
151411,25.0,1
151499,25.0,1
151511,20.0,1
151519,10.0,1
151529,25.0,1
151530,25.0,1
151550,25.0,1
151590,20.0,2
151610,25.0,1
151620,25.0,1
151710,25.0,1
151790,25.0,2
151800,20.0,1
152000,25.0,1
152110,20.0,1
152190,10.0,1
160100,20.0,2
160210,25.0,1
160231,10.0,1
160232,10.0,1
160241,25.0,1
160250,25.0,1
160300,25.0,1
160411,25.0,2
160412,25.0,1
160413,25.0,1
160414,25.0,1
160415,25.0,1
160416,25.0,1
160417,25.0,1
160418,25.0,1
160419,25.0,4
160420,25.0,4
160431,25.0,1
160432,25.0,1
160510,25.0,1
160521,25.0,1
160529,25.0,1
160530,25.0,1
160540,25.0,3
160551,25.0,1
160552,25.0,1
160553,25.0,1
160554,25.0,1
160555,25.0,1
160556,25.0,2
160557,25.0,1
160558,25.0,1
160559,25.0,1
160561,25.0,1
160562,25.0,1
160563,25.0,1
160569,25.0,1
170114,25.0,1
170191,10.0,1
170199,22.5,2
170211,10.0,1
170219,10.0,1
170220,25.0,1
170230,25.0,1
170250,25.0,1
170260,20.0,1
170290,20.0,1
170410,20.0,1
170490,20.0,1
180100,25.0,1
180310,25.0,1
180400,25.0,1
180500,25.0,1
180610,10.0,1
180620,25.0,1
180631,20.0,1
180632,25.0,1
180690,20.0,1
190110,17.5,2
190120,20.0,1
190190,25.0,1
190211,25.0,1
190219,20.0,1
190220,25.0,1
190230,18.333333333333332,3
190410,20.0,1
190420,25.0,1
190430,10.0,1
190490,20.0,1
190531,25.0,1
190532,25.0,1
190540,25.0,1
190590,20.0,1
200110,25.0,1
200190,25.0,1
200210,25.0,1
200290,10.0,3
200310,25.0,1
200390,25.0,1
200410,10.0,1
200490,25.0,1
200510,10.0,1
200520,25.0,1
200540,25.0,1
200551,25.0,1
200559,25.0,1
200570,25.0,1
200580,25.0,1
200599,22.5,2
200600,25.0,2
200710,20.0,1
200791,25.0,1
200799,25.0,2
200811,16.25,4
200819,17.5,2
200830,10.0,1
200850,25.0,1
200860,15.0,2
200870,25.0,1
200880,20.0,1
200893,25.0,1
200897,25.0,1
200899,17.5,2
200911,25.0,1
200912,25.0,1
200919,10.0,1
200921,25.0,1
200929,25.0,1
200931,25.0,1
200939,25.0,1
200941,25.0,1
200949,25.0,1
200950,10.0,1
200961,25.0,1
200969,20.0,1
200971,20.0,1
200979,25.0,1
200981,10.0,1
200989,22.0,5
200990,25.0,2
210111,25.0,1
210112,25.0,1
210120,25.0,1
210210,25.0,1
210220,25.0,1
210230,20.0,1
210310,25.0,1
210320,10.0,1
210330,10.0,1
210390,20.0,1
210410,20.0,1
210420,10.0,1
210500,25.0,1
210610,10.0,1
210690,17.5,2
220110,22.5,2
220190,25.0,3
220210,20.0,1
220291,25.0,1
220299,25.0,1
220300,25.0,1
220410,25.0,1
220421,25.0,1
220422,10.0,1
220429,25.0,1
220510,25.0,1
220590,10.0,1
220600,25.0,1
220710,25.0,1
220720,25.0,1
220820,25.0,1
220830,25.0,1
220840,20.0,1
220850,25.0,1
220860,20.0,1
220870,25.0,1
220890,25.0,3
220900,25.0,1
230110,10.0,2
230120,25.0,2
230210,20.0,1
230240,10.0,1
230320,10.0,1
230330,25.0,1
230400,25.0,1
230690,25.0,1
230910,25.0,2
230990,10.0,2
240110,25.0,2
240120,25.0,2
240130,25.0,1
240210,25.0,1
240220,25.0,1
240290,25.0,1
240311,25.0,1
240319,25.0,1
240391,25.0,1
240399,25.0,1
250100,17.5,4
250200,25.0,1
250300,25.0,1
250410,18.333333333333332,3
250490,25.0,1
250510,20.0,1
250590,25.0,1
250610,10.0,1
250620,25.0,1
250700,17.5,2
250810,10.0,1
250830,20.0,1
250840,20.0,1
250850,10.0,1
250860,10.0,1
250900,25.0,1
251020,25.0,1
251110,10.0,1
251200,17.5,2
251310,25.0,1
251320,10.0,1
251511,25.0,1
251512,25.0,1
251520,25.0,1
251611,25.0,1
251612,25.0,1
251620,25.0,1
251690,25.0,1
251710,25.0,1
251741,10.0,1
251749,25.0,1
251810,25.0,1
251990,23.0,5
252010,25.0,1
252020,10.0,2
252100,20.0,1
252210,25.0,1
252220,25.0,1
252310,25.0,1
252321,10.0,1
252329,10.0,1
252330,25.0,1
252390,10.0,1
252490,25.0,1
252510,25.0,1
252520,10.0,1
252620,10.0,1
252800,25.0,2
252910,25.0,1
252930,25.0,1
253010,25.0,1
253020,10.0,1
253090,20.0,3
260112,25.0,1
260200,25.0,1
260300,25.0,1
260400,25.0,1
260700,10.0,1
260800,25.0,1
261310,10.0,1
261390,10.0,1
261400,25.0,1
261510,25.0,1
261590,25.0,1
261610,20.0,1
261690,25.0,1
261790,25.0,1
261800,25.0,1
261900,25.0,1
262099,25.0,1
262190,10.0,1
270111,25.0,1
270112,25.0,2
270119,25.0,1
270120,25.0,1
270210,25.0,1
270220,25.0,1
270300,25.0,1
270400,25.0,2
270500,25.0,1
270600,25.0,1
270710,25.0,1
270720,25.0,1
270730,25.0,1
270740,25.0,1
270750,25.0,1
270791,25.0,1
270799,25.0,2
270810,25.0,1
270820,25.0,1
271012,25.0,5
271019,25.0,11
271020,25.0,1
271091,25.0,1
271099,25.0,1
271111,25.0,1
271112,25.0,1
271113,25.0,2
271114,25.0,1
271119,25.0,2
271121,25.0,1
271129,25.0,1
271210,25.0,1
271220,25.0,1
271290,25.0,2
271311,25.0,2
271312,25.0,2
271320,25.0,1
271390,25.0,1
271410,25.0,1
271490,25.0,3
271500,25.0,1
280110,25.0,1
280120,25.0,1
280130,25.0,1
280200,20.0,1
280300,10.0,1
280410,20.0,1
280421,25.0,1
280429,5.0,1
280430,5.0,1
280440,5.0,1
280450,25.0,1
280461,15.0,4
280469,25.0,1
280470,20.0,1
280480,25.0,1
280490,25.0,1
280511,5.0,1
280512,25.0,1
280519,5.0,2
280530,8.333333333333334,6
280610,10.0,1
280700,25.0,1
280800,25.0,1
280910,5.0,1
280920,15.0,2
281000,7.5,2
281111,25.0,1
281119,20.0,1
281121,25.0,1
281122,12.5,2
281129,10.0,1
281212,5.0,1
281219,25.0,1
281290,10.0,3
281390,10.0,1
281410,25.0,1
281420,25.0,1
281511,25.0,1
281512,10.0,1
281520,5.0,1
281530,25.0,1
281610,25.0,1
281640,5.0,1
281700,15.0,2
281810,17.5,2
281820,25.0,1
281830,20.0,1
281910,5.0,1
281990,10.0,1
282010,5.0,1
282090,20.0,1
282110,20.0,1
282120,10.0,1
282200,25.0,1
282300,25.0,1
282490,5.0,1
282510,25.0,1
282520,20.0,1
282530,25.0,2
282550,5.0,1
282560,5.0,1
282570,10.0,1
282580,25.0,1
282590,22.5,4
282612,25.0,1
282619,15.0,2
282690,25.0,3
282710,25.0,1
282720,25.0,1
282731,5.0,1
282732,10.0,1
282735,25.0,1
282739,15.0,4
282741,5.0,1
282749,15.0,2
282751,25.0,1
282759,25.0,1
282760,25.0,1
282810,5.0,1
282890,25.0,1
282990,10.0,1
283010,5.0,2
283090,12.5,2
283110,25.0,1
283210,25.0,1
283220,20.0,1
283230,20.0,1
283311,25.0,1
283319,5.0,1
283321,25.0,1
283322,25.0,1
283324,20.0,1
283325,10.0,1
283327,25.0,1
283329,17.5,4
283330,5.0,1
283340,10.0,1
283410,10.0,1
283421,25.0,1
283429,5.0,2
283510,25.0,1
283522,20.0,1
283524,20.0,1
283525,15.0,2
283526,5.0,1
283529,22.5,2
283531,15.0,2
283539,6.666666666666667,3
283620,5.0,1
283630,10.0,1
283640,5.0,1
283650,20.0,1
283660,25.0,1
283691,25.0,1
283692,25.0,1
283699,20.0,3
283719,25.0,2
283720,25.0,1
283911,5.0,1
283919,17.5,2
283990,5.0,1
284011,5.0,1
284019,5.0,1
284020,5.0,1
284030,10.0,1
284150,25.0,1
284161,10.0,1
284169,10.0,1
284170,12.5,2
284180,7.5,2
284190,25.0,1
284210,20.0,1
284290,22.5,4
284310,25.0,1
284321,5.0,1
284329,5.0,1
284330,10.0,1
284390,5.0,1
284410,25.0,1
284420,25.0,1
284430,5.0,1
284440,18.333333333333332,3
284510,10.0,1
284590,5.0,1
284610,10.0,3
284690,16.071428571428573,14
284700,25.0,1
284920,20.0,1
284990,12.5,2
285000,10.0,3
285390,11.666666666666666,3
290110,5.0,1
290121,25.0,1
290122,25.0,1
290123,15.0,2
290124,25.0,2
290129,15.0,2
290211,25.0,1
290219,15.0,2
290220,25.0,1
290230,25.0,1
290241,25.0,1
290242,25.0,1
290243,25.0,1
290244,25.0,1
290250,25.0,1
290260,25.0,1
290270,25.0,1
290290,16.666666666666668,3
290311,5.0,1
290312,10.0,1
290315,25.0,1
290319,25.0,1
290322,5.0,1
290323,25.0,1
290329,5.0,2
290339,5.0,1
290378,5.0,1
290379,10.0,1
290389,25.0,1
290391,25.0,1
290399,5.0,1
290410,10.0,1
290420,5.0,1
290499,20.0,1
290511,25.0,1
290512,15.0,2
290513,10.0,1
290514,15.0,2
290516,25.0,2
290517,25.0,1
290519,20.0,1
290522,10.0,4
290529,25.0,1
290531,25.0,1
290532,10.0,1
290539,15.0,2
290541,25.0,1
290542,25.0,1
290543,25.0,1
290544,10.0,1
290545,25.0,1
290549,5.0,2
290559,20.0,1
290611,25.0,1
290612,10.0,1
290613,12.5,2
290619,15.0,2
290621,25.0,1
290629,15.0,2
290711,7.5,2
290712,18.333333333333332,3
290715,10.0,1
290719,7.5,2
290721,20.0,1
290722,5.0,2
290723,25.0,1
290729,7.5,2
290819,10.0,1
290899,25.0,1
290911,5.0,1
290919,12.5,2
290920,20.0,1
290930,20.0,1
290941,25.0,1
290943,5.0,1
290944,5.0,1
290949,10.0,1
290950,25.0,1
290960,5.0,1
291020,10.0,1
291030,25.0,1
291090,10.0,1
291100,25.0,1
291211,5.0,1
291219,10.0,1
291221,25.0,1
291229,7.5,2
291241,20.0,1
291242,5.0,1
291249,25.0,2
291260,10.0,1
291300,25.0,1
291411,25.0,1
291412,25.0,1
291413,20.0,1
291419,5.0,1
291422,10.0,1
291423,25.0,1
291429,7.5,2
291439,25.0,2
291440,25.0,1
291450,21.25,4
291461,25.0,1
291462,5.0,1
291469,25.0,1
291479,5.0,1
291511,20.0,1
291512,25.0,1
291513,25.0,1
291521,25.0,2
291524,20.0,1
291529,10.0,2
291531,20.0,1
291532,25.0,1
291533,10.0,1
291539,5.0,1
291540,25.0,1
291550,15.0,2
291560,5.0,1
291570,22.5,2
291590,20.0,1
291611,25.0,1
291612,15.0,4
291613,25.0,1
291614,25.0,1
291615,10.0,1
291619,10.0,1
291620,25.0,1
291631,20.0,1
291632,25.0,1
291634,20.0,1
291639,8.333333333333334,3
291711,12.5,2
291712,25.0,1
291713,15.0,2
291714,25.0,1
291719,10.0,1
291720,22.5,2
291732,25.0,1
291733,10.0,1
291734,15.0,2
291736,18.333333333333332,3
291737,25.0,1
291739,22.5,2
291811,20.0,1
291812,25.0,1
291813,25.0,1
291814,20.0,1
291815,10.0,1
291816,10.0,1
291819,10.0,1
291821,15.0,2
291822,5.0,1
291823,5.0,1
291829,25.0,1
291830,10.0,1
291899,10.0,1
291990,20.0,1
292019,20.0,1
292023,5.0,1
292029,7.5,2
292090,10.0,1
292111,20.0,1
292112,5.0,1
292119,10.0,1
292121,7.5,2
292122,5.0,1
292129,10.0,1
292130,20.0,1
292142,25.0,1
292143,20.0,1
292144,25.0,1
292145,25.0,1
292146,5.0,1
292149,15.0,3
292151,15.0,2
292159,25.0,1
292211,5.0,1
292212,10.0,1
292215,5.0,1
292217,5.0,1
292219,9.0,5
292221,10.0,1
292229,25.0,1
292231,5.0,1
292239,25.0,1
292241,15.0,2
292242,23.333333333333332,3
292243,5.0,1
292249,11.25,4
292250,25.0,1
292310,10.0,1
292320,10.0,1
292390,10.0,1
292419,12.5,2
292421,25.0,1
292429,23.333333333333332,3
292511,25.0,1
292519,5.0,1
292529,25.0,1
292610,25.0,1
292620,10.0,1
292690,5.0,1
292700,25.0,1
292800,20.0,1
292910,20.0,3
292990,20.0,1
293020,5.0,1
293030,20.0,1
293040,25.0,1
293090,18.333333333333332,3
293139,25.0,1
293190,5.0,1
293211,20.0,1
293212,25.0,1
293213,10.0,1
293214,5.0,1
293219,10.0,1
293220,20.0,2
293295,5.0,1
293299,12.5,2
293311,25.0,1
293319,25.0,1
293321,5.0,1
293329,20.0,1
293331,5.0,1
293332,25.0,1
293333,5.0,1
293339,5.0,1
293341,5.0,1
293349,25.0,1
293352,5.0,1
293353,20.0,1
293359,15.0,2
293361,25.0,1
293369,17.5,2
293379,10.0,1
293391,5.0,1
293399,25.0,1
293410,25.0,1
293420,20.0,1
293430,20.0,1
293491,5.0,1
293499,18.333333333333332,3
293590,20.0,1
293621,25.0,1
293622,25.0,1
293623,25.0,1
293624,25.0,1
293625,20.0,1
293626,25.0,1
293627,20.0,1
293628,10.0,1
293629,10.0,1
293690,10.0,1
293712,25.0,2
293719,25.0,1
293722,25.0,1
293723,25.0,1
293729,25.0,1
293750,25.0,1
293790,5.0,1
293890,25.0,1
293911,20.0,1
293919,25.0,1
293930,5.0,1
293942,5.0,1
293971,5.0,1
293980,25.0,1
294000,20.0,1
294110,15.0,2
294120,5.0,1
294190,18.333333333333332,3
294200,5.0,1
300510,15.0,2
300590,5.0,2
300610,5.0,1
300620,5.0,1
300630,25.0,1
300640,10.0,1
300650,10.0,1
300660,25.0,1
300670,10.0,1
300691,25.0,1
310100,12.5,2
310210,25.0,1
310221,10.0,1
310250,25.0,1
310290,25.0,1
310319,5.0,1
310420,25.0,2
310430,25.0,1
310490,5.0,1
310510,25.0,1
310520,25.0,1
310530,10.0,1
310540,25.0,1
310559,5.0,1
310560,20.0,1
310590,12.5,2
320110,25.0,1
320190,25.0,2
320210,25.0,1
320290,25.0,1
320300,15.0,2
320411,25.0,1
320412,25.0,1
320413,25.0,1
320414,10.0,1
320415,12.5,2
320416,25.0,1
320417,20.0,1
320419,23.333333333333332,3
320420,5.0,1
320490,21.666666666666668,3
320500,5.0,1
320611,15.0,2
320619,10.0,1
320620,10.0,1
320641,25.0,1
320642,22.5,2
320649,13.333333333333334,3
320650,10.0,1
320710,25.0,1
320720,25.0,1
320730,25.0,1
320740,10.0,1
320810,25.0,1
320820,22.5,2
320890,20.0,2
320910,10.0,1
320990,21.666666666666668,3
321000,20.0,1
321100,20.0,1
321210,20.0,1
321290,10.0,1
321310,10.0,1
321390,5.0,1
321410,17.5,2
321490,10.0,1
321511,20.0,1
321519,20.0,1
321590,11.666666666666666,3
330112,5.0,1
330113,5.0,1
330119,5.0,2
330124,5.0,1
330125,10.0,1
330129,11.25,8
330130,22.5,2
330190,10.0,3
330210,15.0,2
330290,20.0,1
330300,25.0,1
330410,25.0,1
330420,25.0,1
330430,25.0,1
330491,25.0,1
330499,25.0,1
330510,25.0,1
330520,25.0,1
330530,25.0,1
330590,25.0,1
330610,20.0,2
330620,20.0,1
330690,20.0,2
330710,20.0,1
330720,20.0,1
330730,20.0,1
330741,20.0,1
330749,20.0,1
330790,20.0,1
340111,25.0,1
340119,22.5,2
340120,25.0,1
340130,10.0,1
340211,5.0,1
340212,5.0,1
340213,25.0,1
340219,10.0,1
340220,15.0,2
340290,10.0,1
340311,20.0,1
340319,25.0,1
340391,25.0,1
340399,25.0,1
340420,5.0,1
340490,10.0,1
340510,20.0,1
340520,10.0,1
340530,10.0,1
340540,10.0,1
340590,10.0,1
340600,5.0,1
340700,18.333333333333332,3
350110,25.0,1
350190,20.0,1
350211,5.0,1
350220,5.0,1
350290,20.0,1
350300,5.0,1
350400,7.5,2
350510,10.0,1
350520,10.0,1
350610,10.0,1
350691,15.0,3
350699,10.0,1
350790,8.333333333333334,3
360100,5.0,1
360300,10.0,1
360410,5.0,1
360490,5.0,1
360610,5.0,1
360690,5.0,1
370110,10.0,1
370120,25.0,1
370130,17.0,5
370191,20.0,1
370199,15.0,2
370210,25.0,1
370231,5.0,1
370232,5.0,1
370239,5.0,2
370242,25.0,4
370243,7.5,2
370244,25.0,3
370252,5.0,1
370254,5.0,1
370255,5.0,1
370256,5.0,2
370296,5.0,1
370297,5.0,1
370310,5.0,1
370320,10.0,1
370390,10.0,1
370400,5.0,1
370500,5.0,3
370610,5.0,2
370790,21.666666666666668,3
380110,10.0,1
380120,5.0,1
380130,10.0,1
380190,17.5,2
380210,12.5,2
380290,5.0,1
380300,5.0,1
380400,10.0,1
380510,25.0,1
380590,25.0,2
380610,25.0,1
380620,5.0,2
380630,5.0,1
380690,10.0,1
380700,5.0,1
380869,25.0,1
380891,15.0,2
380892,22.5,2
380893,12.5,4
380894,10.0,1
380899,5.0,1
380910,25.0,1
380991,20.0,1
380992,5.0,1
380993,20.0,1
381010,20.0,1
381090,10.0,1
381119,10.0,1
381121,5.0,1
381190,5.0,1
381210,20.0,1
381220,10.0,1
381231,25.0,1
381239,10.0,2
381300,5.0,2
381400,10.0,1
381511,5.0,1
381600,10.0,1
381700,25.0,1
381800,16.666666666666668,3
381900,10.0,1
382000,10.0,1
382100,5.0,1
382311,25.0,1
382312,25.0,1
382313,5.0,1
382319,25.0,1
382370,25.0,1
382410,10.0,1
382430,5.0,1
382440,17.5,2
382450,20.0,1
382460,10.0,1
382471,5.0,1
382475,5.0,1
382476,25.0,1
382478,20.0,1
382479,25.0,1
382481,25.0,1
382499,18.333333333333332,3
382590,25.0,1
382600,25.0,1
390120,25.0,1
390130,25.0,1
390140,25.0,2
390190,25.0,1
390210,25.0,1
390220,25.0,1
390230,25.0,2
390290,10.0,1
390311,5.0,1
390319,25.0,2
390320,25.0,1
390330,25.0,2
390390,10.0,1
390410,25.0,1
390421,5.0,1
390422,10.0,1
390430,20.0,1
390440,25.0,1
390450,20.0,1
390461,5.0,1
390469,5.0,1
390490,5.0,1
390512,5.0,1
390519,25.0,1
390521,25.0,1
390529,25.0,1
390530,20.0,1
390591,5.0,1
390599,5.0,1
390610,25.0,1
390690,25.0,1
390710,20.0,2
390720,25.0,1
390750,25.0,1
390761,22.5,2
390769,15.0,2
390770,5.0,1
390791,20.0,1
390799,12.5,2
390810,18.333333333333332,3
390910,25.0,1
390920,10.0,1
390931,25.0,1
390939,25.0,1
390940,20.0,1
390950,20.0,1
391110,10.0,1
391212,5.0,1
391220,25.0,1
391231,10.0,1
391239,5.0,1
391290,5.0,1
391310,25.0,1
391390,5.0,1
391400,10.0,1
391510,25.0,1
391520,25.0,1
391530,25.0,1
391590,25.0,2
391610,25.0,1
391620,25.0,2
391690,17.5,2
391710,25.0,1
391721,20.0,1
391722,25.0,1
391723,20.0,1
391729,10.0,1
391731,10.0,1
391732,10.0,1
391733,5.0,1
391739,10.0,1
391740,10.0,1
391810,15.0,2
391890,7.5,2
391910,15.0,3
391990,25.0,1
392010,25.0,1
392020,12.5,2
392030,25.0,1
392043,20.0,1
392049,10.0,1
392051,20.0,1
392059,20.0,1
392061,20.0,1
392063,25.0,1
392069,10.0,1
392071,10.0,1
392073,25.0,1
392079,25.0,1
392091,20.0,1
392092,20.0,1
392093,5.0,1
392094,20.0,1
392099,5.0,1
392111,5.0,1
392112,25.0,2
392113,17.5,2
392114,5.0,1
392119,10.0,2
392190,20.0,2
392210,25.0,1
392220,20.0,1
392290,20.0,1
392310,20.0,1
392321,10.0,1
392329,10.0,1
392330,10.0,1
392340,25.0,1
392350,10.0,1
392390,20.0,1
392410,20.0,1
392490,25.0,1
392510,25.0,1
392520,5.0,1
392530,20.0,1
392590,5.0,1
392610,25.0,1
392620,13.333333333333334,3
392630,20.0,1
392640,20.0,1
392690,10.0,1
400129,25.0,1
400211,17.5,2
400219,18.75,8
400220,22.5,2
400231,15.0,2
400239,15.0,2
400241,10.0,1
400249,25.0,2
400251,25.0,1
400259,20.0,2
400260,17.5,2
400270,5.0,2
400280,25.0,1
400291,20.0,1
400299,13.333333333333334,3
400300,20.0,1
400510,20.0,1
400520,25.0,1
400591,10.0,1
400599,20.0,1
400610,25.0,1
400690,7.5,2
400700,25.0,1
400811,20.0,1
400819,10.0,1
400821,10.0,1
400829,20.0,1
400911,20.0,1
400912,20.0,1
400921,10.0,1
400922,10.0,1
400931,20.0,1
400932,25.0,1
400941,10.0,1
400942,10.0,1
401011,25.0,1
401012,10.0,1
401019,10.0,1
401031,25.0,1
401032,20.0,1
401033,20.0,1
401034,20.0,1
401035,20.0,1
401036,20.0,1
401039,20.0,1
401110,5.0,1
401120,5.0,1
401130,10.0,1
401140,25.0,1
401170,17.5,2
401180,21.25,4
401190,15.0,2
401212,5.0,1
401213,20.0,1
401220,25.0,2
401290,11.666666666666666,3
401310,5.0,1
401390,15.0,2
401410,25.0,1
401490,10.0,1
401511,25.0,1
401519,25.0,1
401590,17.5,2
401610,10.0,2
401691,20.0,1
401692,25.0,1
401693,10.0,2
401694,25.0,1
401695,10.0,1
401699,15.0,2
401700,17.5,2
410120,25.0,1
410150,5.0,1
410190,20.0,1
410210,25.0,1
410330,5.0,1
410390,5.0,1
410411,5.0,2
410419,25.0,1
410441,25.0,1
410449,25.0,1
410631,25.0,1
410711,25.0,1
410712,15.0,2
410719,25.0,1
410791,25.0,1
410792,25.0,1
410799,25.0,1
411200,25.0,1
411310,25.0,1
411320,25.0,1
411330,20.0,1
411390,25.0,1
411410,20.0,1
411420,25.0,1
411510,25.0,1
420100,25.0,1
420211,25.0,2
420212,20.0,2
420219,20.0,1
420221,25.0,1
420222,25.0,1
420231,25.0,1
420232,20.0,1
420239,20.0,1
420291,25.0,1
420292,25.0,1
420299,20.0,1
420310,25.0,1
420321,25.0,1
420329,25.0,2
420330,25.0,1
420340,25.0,1
420500,23.333333333333332,3
430110,20.0,1
430180,5.0,1
430190,25.0,1
430211,25.0,1
430219,25.0,2
430220,25.0,1
430310,22.5,2
430390,25.0,1
430400,25.0,1
440112,20.0,1
440121,20.0,1
440122,25.0,1
440131,25.0,1
440139,25.0,1
440140,25.0,1
440290,25.0,1
440311,25.0,1
440312,20.0,1
440321,20.0,4
440322,20.0,2
440323,20.0,1
440324,25.0,1
440325,5.0,1
440326,20.0,1
440391,25.0,1
440395,25.0,1
440397,25.0,1
440398,25.0,1
440399,23.333333333333332,3
440420,20.0,1
440500,25.0,1
440691,5.0,1
440711,22.5,4
440712,25.0,1
440719,20.0,1
440729,25.0,3
440791,25.0,1
440792,25.0,1
440793,5.0,1
440794,20.0,1
440795,20.0,1
440796,25.0,1
440797,5.0,1
440799,17.5,4
440810,22.5,2
440831,25.0,1
440839,25.0,2
440890,19.166666666666668,6
440929,15.0,2
441011,25.0,1
441012,25.0,1
441019,25.0,1
441090,5.0,1
441112,21.666666666666668,3
441113,22.5,2
441114,25.0,4
441192,25.0,2
441193,25.0,1
441194,15.0,2
441210,25.0,1
441231,25.0,1
441233,25.0,1
441234,25.0,2
441239,25.0,1
441294,25.0,1
441299,25.0,2
441300,25.0,1
441400,20.0,2
441510,25.0,1
441520,25.0,1
441600,20.0,1
441700,25.0,1
441810,25.0,1
441820,25.0,1
441860,25.0,1
441875,25.0,1
441879,20.0,1
441899,25.0,1
441911,5.0,1
441990,20.0,1
442010,25.0,2
442090,15.0,2
442110,25.0,1
442191,22.5,2
442199,25.0,1
450190,25.0,2
450310,25.0,1
450390,20.0,1
450410,25.0,1
450490,25.0,1
460121,25.0,1
460199,20.0,1
460219,25.0,2
460290,25.0,1
470100,5.0,1
470200,5.0,1
470311,5.0,1
470319,5.0,1
470321,5.0,1
470329,5.0,1
470411,5.0,1
470419,5.0,1
470421,5.0,1
470429,5.0,1
470500,5.0,1
470610,5.0,1
470620,20.0,1
470692,25.0,1
470710,25.0,1
470720,25.0,1
470730,25.0,1
470790,25.0,1
480100,25.0,2
480210,25.0,1
480220,22.5,2
480254,25.0,1
480255,25.0,1
480256,25.0,1
480257,25.0,1
480258,20.0,1
480261,20.0,1
480262,25.0,1
480269,25.0,1
480300,20.0,1
480411,5.0,1
480419,20.0,1
480421,5.0,1
480429,20.0,1
480431,20.0,1
480439,5.0,1
480441,5.0,1
480442,20.0,1
480449,20.0,1
480451,5.0,1
480452,5.0,1
480459,5.0,1
480519,25.0,1
480525,25.0,1
480530,20.0,1
480540,5.0,1
480591,20.0,2
480592,20.0,1
480593,20.0,1
480610,25.0,1
480620,25.0,1
480630,5.0,1
480640,20.0,1
480700,25.0,1
480810,25.0,1
480840,5.0,1
480890,20.0,1
480920,5.0,1
480990,20.0,1
481013,5.0,1
481014,20.0,1
481019,20.0,1
481022,20.0,1
481029,20.0,1
481031,20.0,1
481032,5.0,1
481039,5.0,1
481092,25.0,1
481099,20.0,1
481141,20.0,1
481149,5.0,1
481151,22.5,2
481159,10.0,3
481160,12.5,2
481190,5.0,1
481200,20.0,1
481420,20.0,1
481490,20.0,1
481620,25.0,1
481690,12.5,2
481710,20.0,1
481720,20.0,1
481730,25.0,1
481810,20.0,1
481820,20.0,1
481830,20.0,1
481890,5.0,1
481910,20.0,1
481920,20.0,1
481930,25.0,1
481940,25.0,1
481950,20.0,1
481960,25.0,1
482010,20.0,1
482020,25.0,1
482030,20.0,1
482040,20.0,1
482050,5.0,1
482090,20.0,1
482110,20.0,1
482190,20.0,1
482210,25.0,1
482290,20.0,1
482320,20.0,1
482340,5.0,1
482369,22.5,2
482370,25.0,1
482390,22.5,2
490110,20.0,1
490191,20.0,1
490199,5.0,1
490210,5.0,1
490290,5.0,1
490300,5.0,1
490400,5.0,1
490510,5.0,1
490591,20.0,1
490599,20.0,1
490600,25.0,1
490700,10.0,3
490810,20.0,1
490890,25.0,1
490900,20.0,2
491000,25.0,1
491110,20.0,2
491191,20.0,1
491199,22.5,2
500720,23.75,4
500790,25.0,2
510111,25.0,1
510310,25.0,2
510320,25.0,1
510330,25.0,1
510400,25.0,1
510620,25.0,1
510710,25.0,1
510720,25.0,1
510810,25.0,2
510820,25.0,1
510910,20.0,1
510990,25.0,1
511111,25.0,2
511119,25.0,2
511120,25.0,1
511130,25.0,1
511190,25.0,1
511211,25.0,1
511219,25.0,1
511220,25.0,1
511230,25.0,1
511290,25.0,1
520100,25.0,1
520210,25.0,1
520291,25.0,1
520299,25.0,1
520300,25.0,1
520411,25.0,1
520419,10.0,1
520420,10.0,1
520511,25.0,1
520512,25.0,1
520513,20.0,1
520522,25.0,1
520524,25.0,1
520531,20.0,1
520543,25.0,1
520612,25.0,1
520613,10.0,1
520623,25.0,1
520631,25.0,1
520710,25.0,1
520811,25.0,1
520812,25.0,1
520819,25.0,1
520822,25.0,1
520829,25.0,1
520831,25.0,1
520832,25.0,1
520839,25.0,1
520842,25.0,1
520843,25.0,1
520849,25.0,1
520851,25.0,1
520852,25.0,1
520859,25.0,1
520911,25.0,1
520912,25.0,1
520919,25.0,1
520921,25.0,1
520922,25.0,1
520929,25.0,1
520931,25.0,1
520932,25.0,1
520939,25.0,1
520941,25.0,1
520942,25.0,1
520943,25.0,1
520949,25.0,1
520951,25.0,1
520959,25.0,1
521011,25.0,1
521019,25.0,1
521031,25.0,1
521032,25.0,1
521039,25.0,1
521041,25.0,1
521049,25.0,2
521051,25.0,1
521059,25.0,1
521111,25.0,1
521112,25.0,1
521120,25.0,1
521131,25.0,1
521132,25.0,1
521139,25.0,1
521141,25.0,1
521142,25.0,1
521143,25.0,1
521149,25.0,1
521151,25.0,1
521152,20.0,1
521159,10.0,1
521213,25.0,1
521214,25.0,1
521215,25.0,1
521221,25.0,1
521222,20.0,1
521223,25.0,1
521224,25.0,1
521225,25.0,1
530620,25.0,1
530911,25.0,1
530919,25.0,1
530921,25.0,1
530929,25.0,1
540110,22.5,2
540211,15.0,3
540219,25.0,3
540220,25.0,1
540231,25.0,4
540232,13.75,4
540233,25.0,2
540234,25.0,1
540239,25.0,1
540244,25.0,1
540245,13.75,4
540246,10.0,1
540247,25.0,1
540248,25.0,1
540249,10.0,2
540251,25.0,1
540252,25.0,1
540253,25.0,1
540259,10.0,2
540261,23.75,4
540262,25.0,1
540263,25.0,1
540269,22.5,2
540310,10.0,1
540333,10.0,2
540349,25.0,1
540411,10.0,1
540419,20.0,1
540490,20.0,1
540500,20.0,1
540600,20.0,1
540710,25.0,2
540720,20.0,1
540730,10.0,1
540741,25.0,1
540742,25.0,1
540743,25.0,1
540744,25.0,1
540751,25.0,1
540752,25.0,1
540753,25.0,1
540754,25.0,1
540761,25.0,1
540769,25.0,1
540771,25.0,1
540772,25.0,1
540773,25.0,1
540774,25.0,1
540781,25.0,1
540782,25.0,1
540783,25.0,1
540784,20.0,1
540791,25.0,1
540792,25.0,1
540793,20.0,1
540794,25.0,1
540810,10.0,1
540821,25.0,2
540822,25.0,2
540823,25.0,2
540832,25.0,1
540833,25.0,1
540834,25.0,1
550110,25.0,1
550120,10.0,1
550130,25.0,1
550190,25.0,1
550210,10.0,1
550311,20.0,3
550319,10.0,1
550320,25.0,1
550330,25.0,1
550340,25.0,1
550390,25.0,2
550410,25.0,1
550490,25.0,1
550510,25.0,1
550520,25.0,1
550610,20.0,3
550620,25.0,1
550630,20.0,1
550690,10.0,1
550700,25.0,1
550810,25.0,1
550911,10.0,1
550912,25.0,1
550921,25.0,1
550922,25.0,1
550932,25.0,1
550942,25.0,1
550951,25.0,1
550952,25.0,1
550953,25.0,1
550959,10.0,1
550961,25.0,1
550999,20.0,1
551012,25.0,1
551020,25.0,1
551110,20.0,1
551120,25.0,1
551211,25.0,1
551219,25.0,1
551221,20.0,1
551229,10.0,1
551291,25.0,1
551299,25.0,1
551321,25.0,1
551323,25.0,1
551329,25.0,1
551331,25.0,1
551411,25.0,1
551419,17.5,2
551421,25.0,1
551422,25.0,1
551423,25.0,1
551429,25.0,1
551430,23.333333333333332,3
551441,10.0,1
551443,10.0,1
551511,25.0,1
551512,25.0,1
551513,25.0,1
551519,25.0,1
551521,10.0,1
551529,25.0,1
551591,25.0,1
551599,20.0,1
551611,25.0,1
551612,20.0,1
551613,25.0,1
551614,25.0,1
551621,20.0,1
551622,25.0,1
551623,20.0,1
551633,25.0,1
551641,25.0,1
551642,25.0,1
551643,20.0,1
551692,25.0,1
551693,25.0,1
551694,25.0,1
560121,25.0,1
560122,10.0,1
560129,25.0,1
560130,10.0,1
560210,10.0,1
560221,25.0,1
560229,20.0,1
560290,20.0,1
560311,25.0,2
560312,10.0,2
560313,10.0,2
560314,20.0,2
560391,22.5,2
560392,10.0,2
560393,20.0,2
560394,20.0,2
560410,10.0,1
560490,10.0,1
560500,25.0,1
560600,25.0,1
560741,10.0,1
560749,10.0,1
560750,10.0,1
560790,20.0,1
560819,20.0,1
560890,20.0,1
560900,25.0,1
570110,25.0,1
570190,21.666666666666668,3
570210,25.0,1
570231,20.0,1
570232,25.0,1
570241,20.0,1
570242,25.0,1
570291,25.0,1
570292,25.0,1
570299,25.0,1
570310,10.0,1
570320,10.0,1
570330,25.0,1
570390,10.0,1
570420,20.0,1
570490,20.0,1
570500,16.666666666666668,3
580110,25.0,1
580122,25.0,1
580126,10.0,1
580127,25.0,2
580131,25.0,1
580132,25.0,1
580133,25.0,1
580136,20.0,1
580137,20.0,2
580190,25.0,2
580230,25.0,1
580300,10.0,1
580410,20.0,3
580421,25.0,1
580429,25.0,1
580610,17.5,2
580620,25.0,1
580631,25.0,1
580632,20.0,1
580639,17.5,2
580640,20.0,1
580710,25.0,1
580790,20.0,1
580810,25.0,1
580890,25.0,1
580900,10.0,2
581010,25.0,1
581092,25.0,1
581099,25.0,1
581100,20.0,2
590110,18.333333333333332,3
590190,25.0,3
590210,25.0,3
590290,25.0,1
590310,18.333333333333332,3
590320,20.0,3
590390,16.666666666666668,3
590500,20.0,1
590610,22.5,2
590691,25.0,1
590699,17.5,2
590700,18.333333333333332,3
590800,10.0,1
590900,10.0,1
591000,20.0,1
591110,22.5,2
591120,20.0,1
591131,20.0,1
591132,20.0,1
591140,20.0,1
591190,10.0,1
600110,25.0,1
600121,25.0,1
600122,20.0,1
600191,25.0,1
600192,25.0,1
600199,25.0,1
600290,17.5,4
600320,25.0,1
600330,25.0,1
600390,10.0,1
600410,25.0,4
600490,25.0,4
600535,25.0,1
600536,20.0,1
600537,25.0,1
600538,25.0,1
600542,25.0,1
600543,25.0,1
600590,25.0,1
600610,25.0,1
600621,25.0,1
600622,25.0,1
600623,25.0,1
600624,25.0,1
600631,25.0,1
600632,25.0,1
600633,25.0,1
600634,25.0,1
600642,25.0,1
600643,25.0,1
600690,25.0,1
610120,25.0,1
610130,25.0,1
610190,25.0,1
610210,20.0,1
610220,25.0,1
610230,25.0,1
610322,20.0,1
610329,20.0,1
610331,25.0,1
610332,25.0,1
610333,25.0,1
610339,25.0,1
610341,25.0,1
610342,25.0,1
610343,25.0,1
610349,25.0,1
610422,25.0,1
610431,25.0,1
610432,25.0,1
610433,25.0,1
610439,25.0,1
610441,25.0,1
610442,25.0,1
610443,25.0,1
610444,25.0,1
610449,25.0,1
610451,25.0,1
610452,25.0,1
610453,25.0,1
610459,25.0,1
610461,25.0,1
610462,25.0,1
610463,25.0,1
610469,25.0,1
610510,25.0,1
610520,25.0,1
610590,25.0,1
610610,25.0,1
610620,25.0,1
610690,25.0,1
610711,25.0,1
610719,25.0,1
610799,25.0,2
610821,25.0,1
610822,25.0,1
610831,25.0,1
610832,25.0,1
610891,25.0,1
610892,25.0,1
610910,25.0,1
610990,25.0,2
611011,25.0,1
611012,20.0,1
611019,25.0,2
611020,25.0,1
611030,25.0,1
611090,25.0,2
611120,25.0,1
611130,25.0,1
611211,25.0,1
611212,25.0,1
611219,25.0,1
611241,25.0,1
611249,25.0,1
611300,25.0,1
611420,25.0,1
611430,25.0,1
611490,25.0,2
611510,20.0,1
611521,25.0,1
611522,25.0,1
611529,25.0,1
611530,25.0,1
611594,10.0,1
611595,25.0,1
611596,25.0,1
611610,25.0,1
611692,10.0,1
611693,25.0,1
611699,20.0,1
611710,25.0,4
611780,25.0,2
611790,25.0,1
620111,20.0,1
620112,20.0,1
620113,25.0,2
620119,25.0,1
620191,25.0,1
620192,25.0,2
620193,25.0,2
620199,25.0,1
620211,20.0,1
620212,20.0,1
620213,25.0,2
620219,25.0,1
620291,25.0,1
620292,25.0,1
620293,25.0,2
620299,25.0,1
620311,20.0,1
620319,25.0,1
620322,25.0,1
620323,25.0,1
620331,20.0,1
620332,25.0,1
620333,25.0,1
620339,25.0,2
620341,25.0,1
620342,25.0,1
620343,25.0,1
620349,25.0,1
620423,20.0,1
620431,20.0,1
620432,25.0,1
620433,25.0,1
620439,25.0,2
620441,25.0,1
620442,25.0,1
620443,25.0,1
620444,25.0,1
620449,25.0,2
620451,25.0,1
620452,25.0,1
620453,25.0,1
620459,25.0,2
620461,25.0,1
620462,25.0,1
620463,25.0,1
620469,25.0,1
620520,25.0,1
620530,25.0,1
620590,25.0,3
620610,25.0,1
620620,25.0,1
620630,25.0,1
620640,25.0,1
620711,25.0,1
620721,25.0,1
620791,25.0,1
620799,25.0,1
620811,25.0,1
620821,25.0,1
620822,25.0,1
620829,25.0,1
620891,25.0,1
620892,25.0,1
620899,25.0,1
620920,25.0,1
620930,25.0,1
621010,18.333333333333332,3
621020,25.0,1
621040,25.0,1
621050,25.0,1
621111,25.0,1
621112,25.0,1
621120,25.0,1
621132,22.5,2
621133,25.0,3
621139,25.0,2
621142,25.0,2
621143,25.0,2
621149,25.0,2
621210,25.0,2
621220,25.0,2
621230,25.0,2
621290,25.0,1
621320,25.0,1
621390,25.0,1
621410,20.0,1
621420,20.0,2
621430,25.0,1
621490,25.0,1
621510,25.0,1
621520,25.0,1
621590,25.0,1
621600,25.0,1
621710,25.0,2
621790,25.0,1
630110,10.0,1
630120,20.0,1
630130,25.0,1
630140,25.0,1
630190,25.0,1
630221,25.0,2
630222,22.5,2
630229,17.5,2
630231,23.333333333333332,3
630232,20.0,1
630239,17.5,2
630251,25.0,1
630253,25.0,1
630260,25.0,2
630291,25.0,1
630293,25.0,1
630312,20.0,1
630319,10.0,2
630391,25.0,1
630392,20.0,1
630399,25.0,1
630411,22.5,2
630419,25.0,1
630491,25.0,1
630492,22.5,2
630493,10.0,1
630499,10.0,2
630520,25.0,1
630532,25.0,1
630533,25.0,1
630539,20.0,1
630590,25.0,1
630612,25.0,1
630619,10.0,2
630622,25.0,1
630629,20.0,2
630630,10.0,1
630640,15.0,2
630690,20.0,1
630710,20.0,1
630720,10.0,1
630790,20.0,1
630800,20.0,1
631010,25.0,1
631090,25.0,1
640110,20.0,1
640192,20.0,1
640199,20.0,1
640212,25.0,1
640219,25.0,1
640220,25.0,1
640291,25.0,1
640299,25.0,2
640319,25.0,1
640340,10.0,1
640351,25.0,3
640359,25.0,1
640391,25.0,4
640399,25.0,1
640411,25.0,1
640419,25.0,2
640420,20.0,1
640520,25.0,1
640590,25.0,2
640610,25.0,1
640620,25.0,2
640690,20.0,3
650100,20.0,1
650400,20.0,1
650500,21.25,4
650610,20.0,1
650691,10.0,1
650699,18.333333333333332,3
650700,10.0,1
660110,10.0,1
660191,25.0,1
660199,25.0,1
660200,25.0,1
660320,25.0,1
660390,25.0,1
670100,10.0,1
670210,10.0,1
670290,20.0,3
670300,25.0,1
670411,20.0,1
670419,25.0,1
670420,10.0,1
670490,25.0,1
680221,25.0,1
680291,25.0,2
680292,15.0,2
680293,25.0,1
680299,25.0,2
680410,10.0,1
680421,20.0,2
680422,22.5,2
680423,20.0,2
680430,15.0,2
680510,10.0,1
680520,10.0,1
680530,10.0,1
680610,15.0,2
680620,10.0,1
680690,10.0,1
680710,25.0,1
680790,25.0,1
680800,25.0,1
680911,25.0,1
680919,20.0,1
680990,25.0,1
681011,10.0,1
681019,25.0,2
681091,10.0,1
681099,25.0,1
681140,17.5,2
681182,25.0,1
681189,25.0,1
681291,25.0,1
681292,10.0,1
681293,10.0,1
681299,10.0,1
681320,10.0,2
681381,25.0,1
681389,10.0,1
681410,25.0,1
681490,25.0,1
681510,10.0,1
681591,25.0,1
681599,17.0,5
690100,25.0,1
690210,10.0,1
690220,10.0,1
690290,25.0,1
690310,10.0,1
690320,20.0,1
690390,10.0,1
690490,20.0,1
690590,10.0,1
690600,20.0,1
690721,17.5,2
690722,25.0,2
690723,25.0,1
690740,25.0,1
690911,10.0,1
690912,20.0,1
690919,10.0,1
690990,10.0,1
691010,25.0,1
691090,25.0,1
691110,25.0,3
691190,25.0,1
691200,25.0,2
691310,25.0,1
691390,25.0,1
691410,20.0,1
691490,10.0,1
700100,10.0,1
700210,25.0,1
700220,17.5,2
700231,17.5,2
700232,20.0,1
700239,20.0,1
700312,25.0,1
700319,10.0,1
700330,10.0,1
700420,25.0,1
700490,10.0,1
700510,10.0,1
700521,20.0,1
700529,20.0,1
700530,25.0,1
700600,25.0,1
700711,10.0,2
700719,25.0,1
700721,10.0,2
700729,25.0,1
700800,17.5,2
700910,10.0,1
700991,10.0,1
700992,25.0,1
701010,25.0,1
701020,25.0,1
701090,21.25,4
701110,25.0,1
701120,10.0,1
701190,15.0,2
701310,25.0,1
701322,25.0,1
701328,25.0,1
701333,25.0,1
701337,25.0,1
701341,25.0,1
701342,10.0,1
701349,25.0,1
701391,25.0,1
701399,25.0,1
701400,25.0,2
701510,10.0,1
701590,25.0,2
701610,25.0,1
701690,17.5,2
701710,10.0,1
701720,10.0,1
701790,10.0,1
701810,25.0,1
701820,25.0,1
701890,20.0,1
701911,20.0,1
701912,25.0,1
701919,10.0,1
701931,10.0,1
701932,10.0,1
701939,10.0,2
701940,10.0,1
701951,10.0,1
701952,25.0,1
701959,10.0,1
701990,10.0,4
702000,13.75,4
710122,25.0,1
710221,25.0,1
710229,25.0,1
710231,25.0,1
710239,25.0,1
710310,25.0,1
710391,25.0,1
710399,25.0,2
710410,25.0,1
710420,17.5,2
710490,17.5,4
710510,10.0,1
710590,25.0,1
710610,16.25,4
710691,25.0,2
710692,22.5,2
710700,10.0,1
710811,10.0,1
710812,20.0,1
710813,25.0,1
710900,25.0,1
711011,25.0,1
711019,22.5,2
711021,25.0,1
711029,15.0,2
711031,25.0,1
711039,17.5,2
711041,25.0,1
711049,25.0,2
711100,25.0,1
711291,25.0,1
711292,17.5,2
711311,17.5,2
711319,18.333333333333332,6
711320,25.0,2
711411,10.0,1
711419,25.0,1
711510,10.0,1
711590,15.0,2
711610,25.0,1
711620,25.0,1
711711,25.0,1
711719,25.0,1
711790,25.0,1
711810,20.0,1
720150,25.0,1
720219,25.0,1
720221,25.0,1
720229,20.0,1
720249,25.0,1
720260,25.0,1
720291,25.0,1
720292,25.0,1
720299,15.0,3
720310,25.0,1
720390,20.0,1
720410,25.0,1
720421,25.0,1
720429,25.0,1
720430,25.0,1
720441,25.0,1
720449,25.0,1
720450,25.0,1
720510,25.0,1
720521,10.0,1
720529,20.0,1
720610,25.0,1
720690,10.0,1
720711,25.0,1
720719,25.0,1
720810,25.0,1
720825,25.0,1
720826,25.0,1
720827,25.0,2
720839,25.0,2
720840,20.0,1
720851,25.0,3
720852,25.0,1
720853,10.0,1
720854,25.0,2
720890,25.0,1
720915,25.0,1
720916,25.0,2
720917,25.0,2
720918,25.0,1
720925,10.0,1
720926,20.0,1
720927,25.0,1
720928,25.0,1
720990,25.0,1
721030,25.0,1
721049,25.0,1
721050,25.0,1
721061,25.0,1
721069,25.0,1
721070,25.0,2
721090,10.0,1
721113,10.0,1
721114,10.0,1
721119,10.0,1
721123,20.0,1
721129,25.0,1
721190,20.0,1
721210,20.0,1
721220,20.0,1
721230,20.0,1
721240,20.0,1
721250,10.0,1
721260,20.0,1
721420,25.0,1
721430,25.0,1
721491,20.0,1
721499,25.0,1
721510,25.0,1
721550,25.0,1
721590,25.0,1
721610,25.0,1
721621,25.0,1
721622,25.0,1
721631,25.0,1
721632,25.0,2
721633,25.0,2
721640,25.0,1
721650,25.0,1
721669,25.0,1
721691,25.0,1
721699,20.0,1
721710,25.0,1
721720,25.0,1
721730,25.0,2
721790,20.0,1
721810,20.0,1
721891,25.0,1
721899,25.0,1
721911,25.0,1
721912,25.0,1
721913,25.0,2
721914,25.0,1
721921,10.0,1
721922,25.0,1
721923,25.0,1
721924,18.333333333333332,3
721931,20.0,1
721932,25.0,1
721933,17.5,2
721934,25.0,1
721935,20.0,1
721990,10.0,1
722011,25.0,1
722012,10.0,1
722020,23.333333333333332,3
722090,10.0,1
722100,25.0,1
722211,20.0,1
722219,25.0,1
722220,10.0,1
722230,20.0,1
722240,20.0,1
722300,25.0,1
722410,25.0,1
722490,25.0,1
722511,25.0,1
722519,25.0,1
722530,25.0,1
722540,23.333333333333332,3
722550,25.0,1
722591,25.0,1
722592,25.0,1
722599,25.0,1
722611,10.0,1
722619,20.0,1
722620,25.0,1
722691,25.0,3
722692,20.0,1
722699,21.666666666666668,3
722790,25.0,1
722810,25.0,1
722820,25.0,1
722830,25.0,2
722840,25.0,1
722850,25.0,1
722860,25.0,1
722870,25.0,1
722920,25.0,1
722990,25.0,1
730110,25.0,1
730120,25.0,1
730210,25.0,1
730290,25.0,1
730300,25.0,1
730411,10.0,4
730419,25.0,3
730423,10.0,1
730424,25.0,1
730429,25.0,1
730431,17.5,2
730439,17.5,2
730441,22.5,2
730449,22.5,2
730451,25.0,1
730459,17.5,2
730490,20.0,1
730511,25.0,1
730531,25.0,1
730539,20.0,1
730619,25.0,1
730621,20.0,1
730629,20.0,1
730630,23.333333333333332,3
730640,10.0,1
730650,25.0,1
730661,20.0,1
730669,20.0,1
730690,20.0,1
730711,10.0,1
730719,10.0,1
730721,10.0,1
730722,10.0,1
730723,10.0,1
730729,10.0,1
730791,20.0,1
730792,20.0,1
730793,25.0,1
730799,10.0,1
730820,20.0,1
730830,25.0,1
730840,20.0,1
730890,25.0,1
730900,20.0,1
731010,25.0,1
731021,17.5,2
731029,15.0,2
731100,10.0,2
731210,25.0,1
731290,10.0,1
731300,10.0,1
731412,20.0,1
731414,25.0,1
731419,20.0,1
731420,20.0,1
731431,25.0,1
731439,10.0,1
731441,10.0,1
731442,10.0,1
731449,25.0,1
731450,25.0,1
731511,25.0,1
731512,10.0,1
731519,20.0,1
731520,20.0,1
731581,25.0,1
731582,25.0,1
731589,25.0,1
731590,25.0,1
731600,20.0,1
731700,10.0,1
731811,10.0,1
731812,25.0,1
731813,10.0,1
731814,20.0,1
731815,15.0,2
731816,10.0,1
731819,10.0,1
731821,20.0,1
731822,10.0,1
731823,20.0,1
731824,10.0,1
731829,10.0,1
731940,17.5,2
731990,10.0,1
732010,22.5,2
732020,15.0,2
732090,22.5,2
732111,25.0,1
732119,10.0,1
732181,20.0,1
732182,10.0,1
732189,25.0,1
732190,25.0,1
732219,25.0,1
732290,10.0,1
732310,20.0,1
732391,20.0,1
732392,25.0,1
732393,25.0,1
732394,25.0,1
732399,25.0,1
732410,20.0,1
732421,25.0,1
732429,25.0,1
732490,10.0,1
732510,22.5,2
732599,17.5,2
732611,10.0,1
732619,15.0,2
732620,15.0,2
732690,20.0,3
740200,25.0,1
740311,25.0,2
740313,25.0,1
740319,20.0,1
740321,25.0,1
740322,20.0,1
740329,20.0,1
740400,25.0,1
740500,25.0,1
740610,10.0,5
740620,17.5,2
740710,25.0,1
740721,25.0,3
740729,10.0,1
740811,25.0,1
740819,25.0,1
740821,20.0,1
740822,17.5,2
740829,10.0,1
740911,17.5,2
740919,25.0,1
740921,25.0,1
740929,25.0,1
740931,25.0,1
740939,25.0,1
740940,25.0,1
740990,20.0,1
741011,25.0,1
741012,20.0,2
741021,25.0,2
741022,25.0,2
741110,23.75,4
741121,25.0,2
741122,10.0,1
741129,20.0,1
741210,20.0,1
741220,22.5,2
741300,25.0,1
741510,10.0,1
741521,20.0,1
741529,20.0,1
741533,20.0,1
741539,10.0,1
741810,17.5,2
741820,25.0,1
741910,25.0,1
741991,15.0,2
741999,20.0,5
750120,25.0,1
750210,25.0,2
750300,25.0,1
750400,17.5,2
750511,10.0,1
750512,10.0,1
750521,20.0,1
750522,10.0,1
750610,20.0,1
750620,10.0,1
750712,10.0,1
750720,10.0,1
750810,20.0,3
750890,15.0,3
760110,25.0,2
760120,25.0,1
760200,25.0,1
760310,10.0,1
760320,25.0,1
760410,22.5,2
760421,10.0,1
760429,15.0,2
760511,25.0,1
760519,25.0,1
760521,10.0,1
760529,10.0,1
760611,21.25,4
760612,21.0,5
760691,25.0,1
760692,20.0,1
760711,20.0,3
760719,25.0,1
760720,20.0,1
760810,25.0,1
760820,20.0,3
760900,10.0,1
761010,20.0,1
761090,20.0,1
761100,10.0,1
761210,25.0,1
761290,17.5,2
761300,10.0,2
761410,10.0,1
761490,20.0,1
761510,25.0,1
761520,10.0,1
761610,10.0,1
761691,10.0,1
761699,10.0,2
780191,25.0,1
780199,25.0,1
780411,10.0,1
780419,25.0,1
780420,10.0,1
780600,10.0,2
790111,25.0,1
790112,20.0,1
790120,25.0,1
790200,25.0,1
790310,25.0,1
790390,10.0,1
790400,25.0,1
790500,10.0,1
790700,17.5,2
800110,25.0,1
800120,20.0,4
800200,25.0,1
800300,25.0,1
800700,20.0,4
810110,20.0,1
810194,20.0,1
810196,20.0,1
810197,25.0,1
810199,10.0,2
810210,10.0,1
810294,25.0,1
810295,25.0,1
810296,25.0,1
810299,10.0,1
810320,18.333333333333332,3
810330,25.0,1
810390,10.0,2
810411,25.0,1
810419,10.0,1
810420,25.0,1
810430,25.0,1
810490,17.5,2
810520,25.0,1
810590,10.0,1
810600,17.5,2
810720,25.0,1
810790,10.0,1
810820,18.333333333333332,3
810830,25.0,1
810890,13.333333333333334,6
810920,20.0,1
810930,25.0,1
810990,10.0,1
811010,25.0,2
811090,10.0,1
811100,17.5,2
811212,25.0,1
811219,10.0,1
811221,10.0,1
811229,20.0,1
811259,10.0,1
811292,25.0,5
811299,16.0,5
811300,25.0,2
820110,20.0,1
820130,25.0,1
820140,10.0,1
820150,25.0,1
820160,25.0,1
820190,10.0,2
820210,25.0,1
820220,20.0,2
820231,25.0,1
820239,25.0,2
820240,10.0,1
820291,10.0,2
820299,15.0,2
820310,25.0,1
820320,20.0,1
820330,20.0,1
820340,10.0,1
820411,20.0,1
820412,10.0,1
820420,25.0,1
820510,10.0,1
820520,20.0,1
820530,20.0,1
820540,20.0,1
820551,10.0,1
820559,10.0,1
820560,20.0,1
820570,20.0,1
820590,10.0,1
820600,10.0,1
820713,20.0,1
820719,10.0,2
820720,25.0,2
820730,25.0,1
820740,25.0,1
820750,22.5,2
820760,25.0,2
820770,25.0,2
820780,15.0,2
820790,15.0,2
820810,21.666666666666668,3
820820,25.0,1
820830,10.0,1
820840,10.0,1
820890,25.0,1
820900,22.0,5
821000,20.0,1
821110,25.0,1
821191,25.0,1
821192,10.0,1
821193,25.0,1
821194,20.0,1
821195,25.0,1
821210,10.0,1
821220,10.0,1
821290,10.0,1
821300,25.0,1
821410,20.0,1
821420,25.0,1
821490,25.0,1
821510,25.0,1
821520,20.0,1
821591,25.0,1
821599,25.0,1
830110,10.0,1
830120,10.0,2
830130,20.0,1
830140,10.0,1
830150,10.0,1
830160,20.0,1
830170,25.0,1
830210,25.0,1
830220,25.0,1
830230,10.0,1
830241,25.0,1
830242,25.0,1
830249,10.0,1
830250,20.0,1
830260,25.0,1
830300,25.0,1
830400,20.0,1
830520,25.0,1
830590,20.0,1
830621,25.0,1
830629,10.0,1
830630,25.0,1
830710,10.0,1
830790,10.0,1
830810,20.0,1
830820,10.0,1
830890,20.0,1
830910,20.0,1
830990,10.0,1
831000,20.0,1
831110,10.0,1
831120,20.0,1
831130,10.0,1
831190,10.0,1
840219,25.0,1
840290,25.0,1
840310,17.5,2
840390,10.0,1
840420,25.0,1
840490,25.0,2
840510,10.0,1
840590,20.0,1
840681,25.0,1
840682,10.0,1
840690,25.0,1
840710,10.0,1
840721,10.0,1
840729,5.0,1
840790,5.0,1
840810,20.0,1
840890,11.666666666666666,3
840991,10.0,1
840999,15.0,2
841011,25.0,1
841210,5.0,1
841221,10.0,1
841229,15.0,2
841231,20.0,1
841239,10.0,1
841280,10.0,1
841311,20.0,1
841319,10.0,1
841320,20.0,1
841330,20.0,4
841340,25.0,1
841350,16.0,5
841360,18.0,10
841370,6.666666666666667,3
841381,20.0,1
841382,20.0,1
841391,10.0,1
841392,20.0,1
841410,25.0,1
841420,20.0,1
841430,20.0,7
841440,20.0,1
841451,25.0,4
841459,25.0,4
841460,25.0,2
841480,15.0,4
841490,17.5,4
841510,20.0,3
841520,20.0,1
841581,20.0,2
841582,20.0,2
841583,20.0,1
841590,22.5,2
841610,20.0,1
841620,23.333333333333332,3
841690,10.0,1
841710,20.0,1
841720,10.0,1
841780,25.0,1
841790,20.0,1
841810,20.0,3
841821,20.0,3
841830,15.0,3
841840,10.0,3
841850,10.0,1
841861,25.0,2
841869,15.0,2
841891,25.0,1
841899,11.25,4
841911,25.0,1
841919,5.0,2
841920,20.0,1
841931,25.0,1
841932,25.0,1
841939,20.0,1
841940,25.0,3
841950,10.0,1
841960,5.0,2
841981,10.0,1
841989,12.5,2
841990,22.5,2
842010,25.0,1
842091,25.0,1
842099,20.0,1
842112,22.5,2
842119,20.0,3
842121,18.333333333333332,3
842122,20.0,1
842123,10.0,1
842129,17.5,2
842131,5.0,1
842139,18.0,10
842191,12.5,2
842199,5.0,2
842211,25.0,1
842219,25.0,1
842220,20.0,1
842230,20.0,4
842240,25.0,1
842290,25.0,3
842310,25.0,1
842320,25.0,2
842330,25.0,4
842381,23.333333333333332,3
842382,20.0,2
842389,17.5,4
842390,20.0,1
842410,10.0,1
842420,5.0,1
842430,20.0,1
842441,25.0,1
842449,5.0,1
842482,20.0,1
842489,13.75,4
842490,6.666666666666667,3
842511,10.0,1
842519,10.0,1
842531,20.0,1
842539,22.5,2
842541,20.0,1
842542,17.5,2
842549,15.0,2
842611,22.5,2
842612,20.0,1
842619,25.0,1
842630,25.0,1
842641,20.0,1
842649,25.0,1
842699,25.0,1
842710,15.0,2
842720,10.0,1
842790,10.0,1
842810,25.0,1
842820,10.0,1
842832,10.0,1
842833,25.0,1
842839,21.666666666666668,3
842890,23.75,4
842911,22.5,2
842920,10.0,1
842940,25.0,1
842951,5.0,1
842952,25.0,1
842959,20.0,1
843010,5.0,1
843020,5.0,1
843031,20.0,1
843039,20.0,1
843041,16.666666666666668,3
843049,25.0,1
843050,25.0,1
843069,21.666666666666668,3
843110,10.0,1
843120,22.5,2
843131,20.0,1
843139,20.0,1
843141,25.0,1
843142,20.0,1
843143,13.333333333333334,3
843149,21.666666666666668,3
843221,20.0,1
843229,20.0,1
843231,22.5,4
843239,20.0,2
843241,10.0,1
843242,25.0,1
843280,15.0,2
843290,25.0,1
843311,5.0,1
843319,5.0,1
843320,10.0,1
843330,20.0,1
843340,10.0,1
843351,20.0,1
843353,20.0,1
843359,11.666666666666666,3
843360,20.0,1
843390,12.5,2
843410,5.0,1
843420,25.0,1
843490,5.0,1
843510,20.0,1
843590,20.0,1
843610,20.0,1
843621,10.0,1
843629,20.0,1
843680,5.0,1
843691,10.0,1
843699,10.0,1
843710,5.0,1
843780,20.0,1
843790,20.0,1
843810,20.0,1
843820,25.0,1
843830,25.0,1
843840,25.0,1
843850,20.0,1
843860,10.0,1
843880,20.0,1
843890,20.0,1
843910,25.0,1
843930,25.0,1
843991,5.0,1
843999,25.0,1
844010,25.0,2
844090,25.0,1
844110,25.0,1
844130,5.0,1
844140,25.0,1
844180,17.5,2
844190,20.0,2
844230,23.75,4
844240,25.0,1
844250,25.0,1
844313,5.0,1
844314,5.0,1
844315,5.0,1
844316,20.0,1
844317,25.0,1
844319,20.0,3
844331,25.0,2
844332,22.22222222222222,9
844339,16.25,4
844391,16.666666666666668,3
844399,20.0,4
844400,25.0,3
844511,22.5,2
844519,20.0,1
844530,25.0,1
844540,25.0,2
844610,25.0,1
844630,25.0,1
844711,25.0,1
844712,25.0,1
844720,17.5,2
844790,10.0,3
844819,25.0,1
844820,25.0,2
844831,25.0,1
844832,25.0,1
844833,20.0,1
844839,25.0,2
844842,25.0,1
844849,22.5,2
844851,25.0,2
844859,25.0,1
844900,22.5,2
845011,25.0,3
845020,13.75,4
845090,17.5,2
845110,25.0,1
845121,25.0,1
845129,10.0,1
845130,25.0,1
845140,25.0,1
845150,10.0,1
845180,20.0,1
845190,20.0,1
845210,25.0,2
845221,25.0,4
845229,25.0,1
845230,25.0,1
845290,25.0,2
845310,25.0,1
845320,25.0,1
845390,25.0,1
845410,20.0,1
845420,22.5,2
845430,5.0,1
845490,21.666666666666668,3
845510,20.0,1
845521,5.0,1
845522,20.0,2
845530,10.0,1
845590,20.0,1
845611,25.0,1
845620,25.0,1
845630,17.5,2
845640,5.0,1
845650,5.0,1
845690,20.0,1
845710,25.0,4
845720,25.0,1
845730,25.0,1
845811,25.0,1
845819,20.0,1
845891,25.0,2
845899,25.0,1
845921,25.0,1
845929,25.0,1
845941,25.0,1
845949,25.0,1
845961,25.0,1
845969,20.0,1
845970,20.0,1
846012,25.0,1
846019,25.0,1
846022,17.5,2
846023,25.0,2
846024,25.0,2
846029,10.0,1
846031,25.0,1
846039,25.0,1
846040,17.5,2
846090,20.0,3
846130,25.0,1
846140,25.0,3
846150,25.0,1
846190,25.0,1
846210,25.0,2
846221,25.0,2
846229,22.5,2
846231,25.0,1
846239,17.5,2
846241,25.0,3
846249,25.0,1
846291,25.0,2
846299,25.0,2
846310,17.5,2
846320,25.0,1
846330,25.0,1
846390,20.0,1
846410,20.0,3
846420,25.0,2
846490,25.0,4
846510,25.0,1
846591,25.0,1
846592,25.0,1
846593,10.0,1
846594,25.0,1
846595,25.0,1
846596,25.0,1
846599,25.0,1
846610,25.0,1
846620,25.0,1
846630,25.0,1
846691,20.0,1
846692,25.0,1
846693,22.5,2
846694,20.0,1
846711,10.0,1
846719,10.0,1
846721,25.0,1
846722,15.0,2
846729,22.5,2
846781,20.0,1
846789,5.0,1
846791,10.0,2
846792,10.0,1
846799,17.5,2
846810,20.0,1
846820,20.0,1
846880,25.0,1
846890,20.0,1
847010,25.0,1
847029,25.0,1
847030,5.0,1
847050,17.5,2
847090,25.0,1
847130,25.0,2
847141,10.0,4
847149,15.0,5
847150,12.5,4
847160,22.5,6
847170,18.75,4
847180,25.0,1
847190,20.0,1
847230,20.0,1
847290,16.875,8
847321,25.0,1
847329,25.0,1
847330,25.0,2
847340,25.0,3
847350,25.0,1
847410,20.0,1
847420,23.333333333333332,3
847431,25.0,1
847432,5.0,1
847439,20.0,1
847480,21.666666666666668,3
847490,20.0,1
847521,25.0,1
847529,25.0,4
847590,10.0,1
847621,25.0,1
847681,5.0,1
847689,5.0,1
847690,25.0,1
847710,25.0,2
847720,22.5,2
847730,20.0,2
847740,25.0,3
847751,25.0,1
847759,15.0,2
847780,25.0,1
847790,20.0,1
847810,20.0,1
847910,17.5,2
847920,25.0,1
847940,25.0,1
847950,22.5,2
847960,20.0,1
847979,25.0,1
847981,22.5,2
847982,10.0,1
847989,20.0,8
847990,15.0,3
848010,25.0,1
848020,25.0,1
848030,20.0,1
848041,23.333333333333332,3
848049,10.0,1
848050,5.0,1
848060,5.0,1
848071,25.0,2
848079,20.0,1
848110,10.0,1
848120,15.0,2
848130,10.0,1
848140,5.0,1
848180,14.166666666666666,6
848190,15.0,2
848210,20.0,5
848220,20.0,1
848230,20.0,1
848240,10.0,1
848250,20.0,1
848280,20.0,1
848291,20.0,1
848299,20.0,1
848310,18.333333333333332,3
848320,10.0,1
848330,20.0,1
848340,21.666666666666668,3
848350,25.0,1
848360,20.0,1
848390,20.0,1
848410,10.0,1
848420,20.0,1
848490,5.0,1
848710,20.0,1
848790,20.0,1
850110,25.0,2
850120,20.0,1
850131,20.0,1
850132,10.0,1
850133,20.0,1
850134,20.0,1
850140,20.0,1
850151,25.0,1
850152,25.0,1
850153,20.0,1
850161,20.0,1
850162,5.0,1
850163,20.0,1
850164,20.0,1
850211,5.0,1
850212,20.0,1
850213,15.0,2
850220,25.0,1
850231,25.0,1
850239,5.0,1
850300,25.0,4
850410,20.0,2
850421,20.0,1
850422,25.0,1
850423,25.0,2
850431,22.5,2
850432,20.0,2
850433,15.0,2
850434,20.0,1
850440,20.625,8
850450,25.0,1
850490,23.75,4
850511,22.5,2
850519,25.0,1
850520,25.0,1
850590,22.5,2
850610,22.5,4
850640,25.0,1
850650,25.0,1
850660,25.0,1
850680,20.0,1
850690,20.0,2
850710,25.0,1
850720,20.0,1
850730,5.0,1
850740,20.0,1
850750,25.0,1
850760,25.0,1
850780,20.0,1
850790,22.5,2
850811,25.0,1
850819,25.0,1
850860,25.0,1
850870,15.0,2
850940,15.0,2
850980,25.0,2
850990,25.0,1
851010,25.0,1
851020,25.0,1
851030,25.0,1
851090,25.0,1
851110,10.0,1
851120,15.0,2
851130,5.0,2
851140,18.333333333333332,3
851150,15.0,2
851180,5.0,1
851190,15.0,2
851210,25.0,1
851220,5.0,2
851230,6.25,4
851240,5.0,1
851290,5.0,1
851310,17.5,2
851390,25.0,2
851410,15.0,2
851420,10.0,1
851430,10.0,1
851440,20.0,1
851490,17.5,2
851511,20.0,1
851519,25.0,1
851521,21.666666666666668,3
851529,25.0,1
851531,23.333333333333332,3
851539,20.0,1
851580,22.5,2
851590,20.0,1
851610,6.666666666666667,3
851621,25.0,1
851629,20.0,6
851631,25.0,1
851650,25.0,1
851660,25.0,3
851671,21.25,4
851672,25.0,2
851679,25.0,2
851680,10.0,1
851690,17.5,2
851711,25.0,1
851712,25.0,3
851718,20.0,1
851761,22.5,2
851762,17.77777777777778,18
851769,10.0,2
851770,23.571428571428573,7
851810,25.0,1
851821,25.0,1
851822,20.0,1
851829,25.0,1
851830,25.0,1
851840,20.0,1
851850,20.0,1
851890,25.0,1
851920,5.0,1
851930,25.0,1
851950,5.0,1
851981,15.833333333333334,6
851989,22.5,2
852110,5.0,1
852190,23.333333333333332,3
852290,20.0,7
852321,15.0,2
852329,17.0,5
852341,25.0,1
852349,10.0,3
852351,17.5,2
852352,22.5,2
852359,17.5,2
852380,11.0,5
852550,5.0,1
852560,12.5,2
852580,20.0,11
852610,12.5,2
852691,5.0,2
852692,20.0,1
852719,20.0,1
852721,5.0,1
852729,5.0,1
852791,25.0,1
852792,25.0,1
852799,25.0,1
852842,20.0,1
852849,5.0,2
852852,16.0,5
852859,22.5,2
852862,22.5,2
852869,15.0,2
852871,22.5,2
852872,17.0,5
852910,16.666666666666668,3
852990,21.363636363636363,11
853080,20.0,1
853090,20.0,1
853110,10.0,1
853120,25.0,1
853180,17.5,2
853190,15.0,2
853210,25.0,1
853221,22.5,2
853222,25.0,2
853223,25.0,1
853224,22.5,2
853225,22.5,2
853229,25.0,1
853230,25.0,1
853290,10.0,1
853310,25.0,1
853321,22.5,2
853329,20.0,1
853331,20.0,1
853339,25.0,1
853340,25.0,1
853390,25.0,1
853400,25.0,2
853510,25.0,1
853521,25.0,1
853529,25.0,2
853530,25.0,1
853540,25.0,1
853590,20.0,1
853610,25.0,1
853620,25.0,1
853630,25.0,1
853641,25.0,2
853649,25.0,1
853650,25.0,1
853661,20.0,1
853669,25.0,1
853670,10.0,1
853690,23.333333333333332,3
853710,21.666666666666668,3
853720,22.5,2
853810,22.5,2
853890,25.0,1
853910,5.0,1
853921,11.25,4
853922,15.0,2
853929,13.0,5
853931,13.75,4
853932,25.0,3
853939,13.333333333333334,3
853941,20.0,1
853949,10.0,1
853950,25.0,1
853990,25.0,1
854012,5.0,1
854020,25.0,1
854040,10.0,1
854060,20.0,1
854071,25.0,1
854079,7.5,2
854081,20.0,1
854089,25.0,1
854091,5.0,1
854099,25.0,1
854110,25.0,1
854121,25.0,1
854129,25.0,1
854130,25.0,1
854140,25.0,3
854150,20.0,1
854160,25.0,1
854190,20.0,1
854310,20.0,1
854320,15.0,2
854330,10.0,1
854370,10.0,4
854390,14.166666666666666,6
854411,20.0,1
854419,20.0,1
854420,10.0,1
854430,7.5,2
854442,21.25,4
854449,12.5,4
854460,20.0,5
854470,10.0,1
854511,25.0,1
854519,5.0,1
854520,25.0,1
854590,10.0,1
854610,25.0,1
854620,17.5,2
854690,25.0,1
854710,10.0,1
854720,20.0,1
854790,15.0,2
854890,25.0,1
860210,5.0,1
860400,5.0,1
860712,25.0,1
860719,25.0,2
860721,25.0,1
860729,10.0,1
860730,25.0,1
860791,25.0,1
860799,20.0,1
860800,25.0,1
860900,20.0,3
870110,5.0,1
870120,25.0,1
870130,25.0,1
870191,15.0,2
870192,15.0,2
870193,15.0,2
870194,15.0,2
870195,15.0,2
870210,0.0,4
870220,0.0,4
870230,0.0,3
870240,0.0,3
870290,0.0,3
870310,0.0,3
870321,0.0,4
870322,0.0,4
870323,0.0,12
870324,0.0,8
870331,0.0,6
870332,0.0,8
870333,0.0,12
870340,0.0,29
870350,0.0,27
870360,0.0,1
870370,0.0,1
870380,0.0,1
870390,0.0,1
870410,0.0,2
870421,0.0,1
870422,0.0,2
870423,0.0,1
870431,0.0,1
870432,0.0,2
870490,0.0,1
870510,25.0,6
870520,5.0,1
870530,5.0,2
870540,5.0,1
870590,5.0,11
870600,0.0,6
870710,25.0,1
870790,25.0,2
870810,0.0,1
870821,0.0,1
870829,0.0,12
870830,0.5555555555555556,9
870840,0.0,1
870850,0.4166666666666667,12
870870,0.0,8
870893,0.0,6
870895,0.0,1
870899,0.0,12
870911,25.0,2
870919,25.0,2
870990,25.0,1
871110,25.0,1
871120,25.0,5
871130,25.0,2
871140,25.0,1
871150,25.0,1
871160,25.0,1
871190,25.0,1
871200,25.0,7
871410,25.0,1
871420,25.0,1
871491,25.0,1
871492,25.0,2
871493,25.0,3
871494,25.0,1
871495,25.0,1
871496,25.0,2
871499,25.0,1
871500,25.0,1
871610,25.0,1
871620,25.0,1
871631,25.0,2
871639,25.0,2
871640,25.0,1
871680,25.0,1
871690,5.0,1
880100,20.0,2
880211,5.0,1
880212,10.0,1
880220,5.0,1
880230,5.0,1
880390,5.0,1
880400,5.0,1
880510,5.0,1
890310,5.0,1
890391,25.0,1
890392,10.0,1
890399,25.0,1
890520,25.0,1
890590,25.0,1
890690,25.0,3
890710,10.0,1
890790,20.0,1
890800,25.0,1
900110,25.0,1
900120,25.0,1
900130,20.0,1
900140,25.0,1
900150,23.333333333333332,3
900190,20.0,2
900211,25.0,3
900219,25.0,2
900220,17.5,2
900290,20.0,2
900311,25.0,1
900319,25.0,1
900390,25.0,1
900410,10.0,1
900490,22.5,2
900510,25.0,1
900580,15.0,2
900590,15.0,2
900630,25.0,1
900640,25.0,1
900652,5.0,2
900653,25.0,1
900661,25.0,1
900669,22.5,2
900691,21.0,5
900699,25.0,1
900720,25.0,1
900791,10.0,1
900792,10.0,1
900850,7.5,4
900890,20.0,1
901010,25.0,2
901050,18.333333333333332,3
901060,5.0,1
901090,17.5,2
901110,25.0,1
901120,20.0,1
901180,20.0,1
901190,20.0,1
901210,20.0,1
901290,5.0,1
901310,25.0,1
901320,10.0,1
901380,21.25,4
901390,20.0,3
901410,20.0,1
901480,10.0,1
901490,5.0,2
901510,25.0,1
901520,25.0,1
901530,25.0,1
901540,25.0,1
901580,5.0,1
901590,10.0,1
901600,22.5,2
901710,10.0,1
901720,20.0,1
901730,10.0,1
901780,20.0,1
901790,25.0,1
901811,5.0,1
901812,5.0,3
901813,15.0,2
901814,5.0,1
901819,15.0,4
901820,10.0,1
901831,5.0,1
901832,15.0,2
901839,5.0,1
901841,25.0,1
901849,7.5,2
901850,25.0,1
901890,9.444444444444445,9
901910,17.5,2
901920,10.0,1
902000,5.0,1
902110,5.0,1
902121,5.0,1
902139,5.0,1
902212,5.0,1
902213,20.0,1
902214,25.0,1
902219,11.666666666666666,3
902221,10.0,1
902229,5.0,1
902230,5.0,1
902290,25.0,1
902300,15.0,2
902410,8.333333333333334,3
902480,5.0,1
902490,5.0,1
902511,20.0,1
902519,10.0,2
902580,20.0,1
902590,10.0,1
902610,10.0,1
902620,10.0,2
902680,10.0,2
902690,10.0,1
902710,5.0,1
902720,5.0,4
902730,10.0,1
902750,5.0,1
902780,5.0,4
902790,5.0,1
902810,15.0,2
902820,15.0,2
902830,23.333333333333332,3
902890,22.5,2
902910,21.666666666666668,3
902920,12.5,2
902990,20.0,1
903020,15.0,2
903031,7.5,2
903032,10.0,1
903033,16.666666666666668,3
903039,10.0,1
903040,7.5,2
903084,17.5,2
903089,10.0,2
903090,10.0,1
903110,20.0,1
903149,23.333333333333332,3
903180,10.0,5
903190,10.0,1
903210,20.0,1
903220,10.0,1
903281,10.0,1
903289,5.0,2
903290,10.0,1
903300,20.0,1
910211,25.0,1
910212,25.0,1
910219,25.0,1
910221,25.0,1
910229,25.0,1
910291,25.0,1
910310,10.0,1
910390,25.0,1
910400,25.0,1
910511,25.0,1
910521,25.0,1
910529,25.0,1
910591,25.0,1
910599,20.0,1
910610,10.0,1
910690,10.0,1
910700,20.0,1
910910,25.0,1
911220,25.0,1
911320,25.0,1
911390,25.0,1
911490,25.0,1
920110,25.0,1
920120,20.0,1
920190,10.0,1
920210,25.0,1
920290,10.0,1
920510,10.0,1
920590,23.75,4
920600,10.0,1
920710,25.0,1
920790,10.0,1
920810,20.0,1
920890,25.0,1
920930,10.0,1
920991,25.0,1
920992,10.0,1
920994,25.0,1
920999,23.333333333333332,3
930390,20.0,1
930400,10.0,1
930599,10.0,1
930629,10.0,1
930700,10.0,2
940110,20.0,1
940120,5.0,2
940130,10.0,1
940140,25.0,2
940152,25.0,1
940153,25.0,1
940161,17.5,2
940169,25.0,1
940171,22.5,2
940179,20.0,1
940180,15.0,2
940190,6.666666666666667,3
940210,10.0,1
940290,10.0,1
940310,20.0,1
940320,20.0,1
940330,20.0,1
940340,25.0,1
940350,22.5,2
940360,25.0,3
940370,20.0,1
940389,25.0,2
940390,25.0,1
940410,10.0,1
940421,20.0,1
940429,25.0,1
940430,25.0,1
940490,23.0,5
940510,20.0,1
940520,25.0,1
940530,25.0,1
940540,16.666666666666668,3
940550,25.0,1
940560,20.0,1
940591,10.0,1
940592,20.0,1
940599,20.0,1
940610,20.0,1
940690,25.0,1
950300,24.285714285714285,7
950420,20.0,1
950430,10.0,1
950440,10.0,1
950450,22.5,2
950490,17.142857142857142,7
950510,25.0,1
950590,10.0,1
950611,20.0,1
950612,20.0,1
950619,20.0,1
950621,25.0,1
950629,10.0,1
950631,20.0,1
950632,20.0,1
950639,25.0,1
950640,25.0,1
950659,25.0,1
950662,17.5,2
950669,25.0,1
950670,20.0,2
950691,10.0,4
950699,10.0,1
950710,25.0,1
950720,20.0,1
950730,25.0,1
950790,10.0,1
950890,10.0,1
960190,25.0,1
960200,10.0,1
960310,20.0,1
960321,20.0,1
960329,20.0,1
960330,20.0,3
960340,13.333333333333334,3
960350,21.25,4
960390,20.0,1
960400,10.0,1
960500,20.0,1
960610,25.0,1
960621,25.0,1
960622,25.0,1
960629,25.0,1
960630,25.0,1
960711,25.0,1
960719,25.0,1
960720,25.0,1
960810,20.0,1
960820,20.0,1
960830,20.0,3
960840,20.0,1
960850,20.0,1
960860,20.0,1
960891,20.0,1
960899,16.666666666666668,3
960910,20.0,2
960920,20.0,1
960990,20.0,1
961000,20.0,1
961100,25.0,1
961210,10.0,1
961220,10.0,1
961320,25.0,1
961380,10.0,1
961390,10.0,1
961400,25.0,2
961511,20.0,1
961519,20.0,1
961590,20.0,1
961610,20.0,1
961620,20.0,1
961700,20.0,3
961800,20.0,1
961900,10.0,4
962000,25.0,1
970110,15.0,2
970190,10.0,1
970200,10.0,1
970300,20.0,1
970400,25.0,1
970500,10.0,1
970600,20.0,1
