sector,year,exports,imports,base_imports,base_exports,base_total,total_trade,trade_change,trade_asymmetry
01,2015,10244385,33777173,38783587.333333336,11123474.333333334,49907061.666666664,44021558,-0.11792927634122047,0.3032931441598147
01,2016,6399523,46245949,38783587.333333336,11123474.333333334,49907061.666666664,52645472,0.05487019756088631,0.13838018547311032
01,2017,16726515,36327640,38783587.333333336,11123474.333333334,49907061.666666664,53054155,0.06305907878033432,0.46043494705408883
01,2018,14590026,46352348,38783587.333333336,11123474.333333334,49907061.666666664,60942374,0.22111725204419141,0.3147634721762099
01,2019,27899236,37690937,38783587.333333336,11123474.333333334,49907061.666666664,65590173,0.31424633728353146,0.7402107302346981
01,2020,19671156,3113059,38783587.333333336,11123474.333333334,49907061.666666664,22784215,-0.5434671118853354,6.318915253453276
01,2021,48655660,4811968,38783587.333333336,11123474.333333334,49907061.666666664,53467628,0.07134393840123565,10.11138478061367
02,2015,335588336,21975413,18885002.666666668,480699506.6666667,499584509.3333333,357563749,-0.28427775017054036,15.271082095248904
02,2016,584610550,18096308,18885002.666666668,480699506.6666667,499584509.3333333,602706858,0.2064162253635076,32.30551502549581
02,2017,521899634,16583287,18885002.666666668,480699506.6666667,499584509.3333333,538482921,0.07786152480703289,31.47142264377382
02,2018,391174508,16932695,18885002.666666668,480699506.6666667,499584509.3333333,408107203,-0.1831067709753541,23.101727634023998
02,2019,1186678925,9796219,18885002.666666668,480699506.6666667,499584509.3333333,1196475144,1.3949404387990874,121.13642263407954
02,2020,3149611012,8347027,18885002.666666668,480699506.6666667,499584509.3333333,3157958039,5.321168851320295,377.3332723136034
02,2021,3981645396,9395457,18885002.666666668,480699506.6666667,499584509.3333333,3991040853,6.988720183349587,423.7841114061828
03,2015,1007955183,1990649384,1979991180.6666667,1064304180.6666666,3044295361.3333335,2998604567,-0.015008660103637888,0.5063449099080524
03,2016,949230937,1923385542,1979991180.6666667,1064304180.6666666,3044295361.3333335,2872616479,-0.05639363529369961,0.49352088610012024
03,2017,1235726422,2025938616,1979991180.6666667,1064304180.6666666,3044295361.3333335,3261665038,0.07140229539733735,0.6099525485326945
03,2018,1064712053,2101476600,1979991180.6666667,1064304180.6666666,3044295361.3333335,3166188653,0.04003990322846991,0.5066494925520465
03,2019,861291809,1554253752,1979991180.6666667,1064304180.6666666,3044295361.3333335,2415545561,-0.2065337707764187,0.554151346195367
03,2020,696987374,1431244024,1979991180.6666667,1064304180.6666666,3044295361.3333335,2128231398,-0.30091165757717997,0.4869801112266513
03,2021,777398595,1468545303,1979991180.6666667,1064304180.6666666,3044295361.3333335,2245943898,-0.26224507433591243,0.5293664372572645
04,2015,293604974,13630647,12935160,322307293.6666667,335242453.6666667,307235621,-0.08354202267745607,21.54006145122825
04,2016,265611120,12361241,12935160,322307293.6666667,335242453.6666667,277972361,-0.17083186225456587,21.487415381675675
04,2017,407705787,12813592,12935160,322307293.6666667,335242453.6666667,420519379,0.2543738849320218,31.81822762891155
04,2018,314613472,26021029,12935160,322307293.6666667,335242453.6666667,340634501,0.01608402299398111,12.09073907107978
04,2019,188649316,22984226,12935160,322307293.6666667,335242453.6666667,211633542,-0.3687149712535265,8.207773278943568
04,2020,329286606,10787504,12935160,322307293.6666667,335242453.6666667,340074110,0.01441242384575032,30.524818901573525
04,2021,491600939,9176994,12935160,322307293.6666667,335242453.6666667,500777933,0.493778390901309,53.568841714400165
05,2015,266200493,437512309,426078294.6666667,262558827,688637121.6666666,703712802,0.021892052953588415,0.6084411513094138
05,2016,254085015,387033694,426078294.6666667,262558827,688637121.6666666,641118709,-0.06900355959850189,0.6564932690330574
05,2017,267390973,453688881,426078294.6666667,262558827,688637121.6666666,721079854,0.04711150664491365,0.5893707873347683
05,2018,317097034,463002095,426078294.6666667,262558827,688637121.6666666,780099129,0.13281597005978044,0.6848717045222009
05,2019,295976684,265362178,426078294.6666667,262558827,688637121.6666666,561338862,-0.18485535510861567,1.1153687621602202
05,2020,286780245,161644438,426078294.6666667,262558827,688637121.6666666,448424683,-0.348822959304452,1.7741423617681173
05,2021,318772959,226297895,426078294.6666667,262558827,688637121.6666666,545070854,-0.2084788390715881,1.408643058743432
06,2015,7269741,44767037,51284525.333333336,5739244.333333333,57023769.666666664,52036778,-0.08745461227516528,0.1623904883407852
06,2016,5471654,51214876,51284525.333333336,5739244.333333333,57023769.666666664,56686530,-0.0059140191649553146,0.10683720097262366
06,2017,4476338,57871663,51284525.333333336,5739244.333333333,57023769.666666664,62348001,0.09336863144012073,0.07734939291445625
06,2018,4578705,76783378,51284525.333333336,5739244.333333333,57023769.666666664,81362083,0.4268099684675939,0.059631460861229627
06,2019,5416790,78226280,51284525.333333336,5739244.333333333,57023769.666666664,83643070,0.4668106035244052,0.06924514370362492
06,2020,6104603,71210065,51284525.333333336,5739244.333333333,57023769.666666664,77314668,0.3558322862894561,0.0857266876529322
06,2021,7187325,111957528,51284525.333333336,5739244.333333333,57023769.666666664,119144853,1.0893892791806488,0.06419688902027204
07,2015,49134182,451246872,470513114,45610317,516123431,500381054,-0.030501186449719622,0.10888536862810652
07,2016,40122600,488695868,470513114,45610317,516123431,528818468,0.02459690112383214,0.08210136943494681
07,2017,47574169,471596602,470513114,45610317,516123431,519170771,0.0059042853258874815,0.10087894780887331
07,2018,33885254,436964122,470513114,45610317,516123431,470849376,-0.08771943353216995,0.07754699366370404
07,2019,31410509,351886824,470513114,45610317,516123431,383297333,-0.2573533577862308,0.08926310068375848
07,2020,80261140,345532077,470513114,45610317,516123431,425793217,-0.17501668898267864,0.2322827469358221
07,2021,45184175,375060004,470513114,45610317,516123431,420244179,-0.18576806678633428,0.12047185655125199
08,2015,350132310,192316503,177410207.33333334,406293371.6666667,583703579,542448813,-0.07067759644489005,1.8206045999078924
08,2016,379647558,181271274,177410207.33333334,406293371.6666667,583703579,560918832,-0.03903479063643021,2.0943613934108503
08,2017,489100247,158642845,177410207.33333334,406293371.6666667,583703579,647743092,0.10971238708132026,3.0830274570529794
08,2018,450938200,197901145,177410207.33333334,406293371.6666667,583703579,648839345,0.11159048589626688,2.2786032895362984
08,2019,728821863,144726595,177410207.33333334,406293371.6666667,583703579,873548458,0.49656176427179316,5.03585303723894
08,2020,838914774,144567564,177410207.33333334,406293371.6666667,583703579,983482338,0.6849003045088404,5.802925295192773
08,2021,1008010921,160324115,177410207.33333334,406293371.6666667,583703579,1168335036,1.0015896390451977,6.287331890152645
09,2015,13702701,297245515,295502830.3333333,17769004,313271834.3333333,310948216,-0.0074172590021638965,0.04609893272906069
09,2016,17407167,291796231,295502830.3333333,17769004,313271834.3333333,309203398,-0.012986920263646621,0.059655215354717864
09,2017,22197144,297466745,295502830.3333333,17769004,313271834.3333333,319663889,0.020404179265810708,0.07462058994191098
09,2018,29303442,296483997,295502830.3333333,17769004,313271834.3333333,325787439,0.03995126051884256,0.09883650482491303
09,2019,19401275,285074082,295502830.3333333,17769004,313271834.3333333,304475357,-0.028079375064320407,0.06805695861190215
09,2020,16892216,237912856,295502830.3333333,17769004,313271834.3333333,254805072,-0.18663268103165132,0.07100169483905486
09,2021,14445140,263493023,295502830.3333333,17769004,313271834.3333333,277938163,-0.11278917368529506,0.05482171723385632
10,2015,2466361238,11414550,10212827.666666666,1703126534.6666667,1713339362.3333333,2477775788,0.446167550032592,216.07170129352448
10,2016,1294793993,7479126,10212827.666666666,1703126534.6666667,1713339362.3333333,1302273119,-0.23992108765511427,173.12102951601565
10,2017,1348224373,11744807,10212827.666666666,1703126534.6666667,1713339362.3333333,1359969180,-0.2062464623774776,114.79323355419974
10,2018,688845363,31815458,10212827.666666666,1703126534.6666667,1713339362.3333333,720660821,-0.5793823238739121,21.651279167504047
10,2019,305471153,24778325,10212827.666666666,1703126534.6666667,1713339362.3333333,330249478,-0.8072480646506331,12.328159913957057
10,2020,2931432337,26519607,10212827.666666666,1703126534.6666667,1713339362.3333333,2957951944,0.7264250206518778,110.53830235870389
10,2021,7768771305,26324525,10212827.666666666,1703126534.6666667,1713339362.3333333,7795095830,3.5496508172112202,295.11534605087843
11,2015,19313502,60884719,55590923,14041605.333333334,69632528.33333333,80198221,0.15173501407400194,0.3172142750630088
11,2016,13073822,55982416,55590923,14041605.333333334,69632528.33333333,69056238,-0.008276165566969026,0.23353443695606135
11,2017,9737492,49905634,55590923,14041605.333333334,69632528.33333333,59643126,-0.1434588485070327,0.19511809027413618
11,2018,8164591,67539850,55590923,14041605.333333334,69632528.33333333,75704441,0.08719937092618862,0.12088553646476857
11,2019,7971042,44577794,55590923,14041605.333333334,69632528.33333333,52548836,-0.24534068692081812,0.17881194390193467
11,2020,6739217,55362409,55590923,14041605.333333334,69632528.33333333,62101626,-0.1081520736584867,0.12172911406366005
11,2021,6738418,55422642,55590923,14041605.333333334,69632528.33333333,62161060,-0.10729853578728536,0.12158240309078013
12,2015,11090906417,359195249,311745179.6666667,12945618207.666666,13257363387.333334,11450101666,-0.13632135354003128,30.877096642778813
12,2016,14905440246,303307056,311745179.6666667,12945618207.666666,13257363387.333334,15208747302,0.14719245883620447,49.143071191855164
12,2017,12840507960,272733234,311745179.6666667,12945618207.666666,13257363387.333334,13113241194,-0.010871105296173342,47.08083342714295
12,2018,3665190511,293999115,311745179.6666667,12945618207.666666,13257363387.333334,3959189626,-0.7013591986335094,12.466671918383156
12,2019,8541199407,153745958,311745179.6666667,12945618207.666666,13257363387.333334,8694945365,-0.3441421864239211,55.553976950730636
12,2020,15030173341,169700211,311745179.6666667,12945618207.666666,13257363387.333334,15199873552,0.14652311382839708,88.56897261606822
12,2021,15040948583,190498821,311745179.6666667,12945618207.666666,13257363387.333334,15231447404,0.14890472252972958,78.95559932625515
13,2015,50078031,242039060,245240055,44808223.666666664,290048278.6666667,292117091,0.0071326482020286795,0.20690061761105832
13,2016,45281448,254281096,245240055,44808223.666666664,290048278.6666667,299562544,0.03280235061924787,0.17807634429890926
13,2017,39065192,239400009,245240055,44808223.666666664,290048278.6666667,278465201,-0.039934998821276754,0.16317957615448545
13,2018,46128879,266559158,245240055,44808223.666666664,290048278.6666667,312688037,0.078055137708132,0.17305306389060549
13,2019,36895255,283267109,245240055,44808223.666666664,290048278.6666667,320162364,0.10382438906986736,0.13024899053846736
13,2020,34300996,299146574,245240055,44808223.666666664,290048278.6666667,333447570,0.14962781897150731,0.11466284083199964
13,2021,43047579,328096667,245240055,44808223.666666664,290048278.6666667,371144246,0.27959472025183624,0.13120395093803253
14,2015,6429949,30323222,30322261,5235253.666666667,35557514.666666664,36753171,0.03362598158341482,0.21204702455431682
14,2016,3843470,29633752,30322261,5235253.666666667,35557514.666666664,33477222,-0.05850500762407985,0.12969906746874307
14,2017,5432342,31009809,30322261,5235253.666666667,35557514.666666664,36442151,0.02487902604066523,0.17518140792160314
14,2018,5609612,29153708,30322261,5235253.666666667,35557514.666666664,34763320,-0.022335494314263217,0.19241504373989066
14,2019,1871912,25931247,30322261,5235253.666666667,35557514.666666664,27803159,-0.2180792369590435,0.07218750413352663
14,2020,5332434,25975174,30322261,5235253.666666667,35557514.666666664,31307608,-0.11952203933563255,0.2052896354034048
14,2021,9485826,28934527,30322261,5235253.666666667,35557514.666666664,38420353,0.08051289186465833,0.3278376038426341
15,2015,57785560,58639528,55496074,89416321.66666667,144912395.66666666,116425088,-0.19658295990216262,0.9854369905569499
15,2016,145505485,52447482,55496074,89416321.66666667,144912395.66666666,197952967,0.3660181800826715,2.7743083071175847
15,2017,64957920,55401212,55496074,89416321.66666667,144912395.66666666,120359132,-0.1694352201805087,1.1724999806863432
15,2018,54750184,62766719,55496074,89416321.66666667,144912395.66666666,117516903,-0.18904864929348678,0.8722804835473398
15,2019,39578890,57222006,55496074,89416321.66666667,144912395.66666666,96800896,-0.332004032128036,0.6916725359121454
15,2020,71400063,53226730,55496074,89416321.66666667,144912395.66666666,124626793,-0.1399852826484797,1.3414324532053725
15,2021,47525224,63117608,55496074,89416321.66666667,144912395.66666666,110642832,-0.23648469483242063,0.752963008357351
16,2015,77401110,702972616,712299528.6666666,57616107,769915635.6666666,780373726,0.01358342375301647,0.11010544114850698
16,2016,54970859,674395096,712299528.6666666,57616107,769915635.6666666,729365955,-0.052667693430533895,0.08151135636371828
16,2017,40476352,759530874,712299528.6666666,57616107,769915635.6666666,800007226,0.03908426967751758,0.053291253042598505
16,2018,54680227,901692854,712299528.6666666,57616107,769915635.6666666,956373081,0.24217906053028873,0.06064174375723732
16,2019,12107046,430870372,712299528.6666666,57616107,769915635.6666666,442977418,-0.42464161334192446,0.02809904506499695
16,2020,23015651,280401208,712299528.6666666,57616107,769915635.6666666,303416859,-0.6059089529500559,0.08208114067753945
16,2021,31609855,379519454,712299528.6666666,57616107,769915635.6666666,411129309,-0.46600732605721806,0.08328915597565124
17,2015,74413760,173507871,170859714.66666666,72248718.33333333,243108433,247921631,0.019798564536015088,0.4288782956710938
17,2016,63246049,168657062,170859714.66666666,72248718.33333333,243108433,231903111,-0.04609186880818733,0.37499792922990677
17,2017,79086346,170414211,170859714.66666666,72248718.33333333,243108433,249500557,0.026293304272172247,0.4640830452807718
17,2018,95646828,182907475,170859714.66666666,72248718.33333333,243108433,278554303,0.14580271676548545,0.52292465357143
17,2019,76805752,132568522,170859714.66666666,72248718.33333333,243108433,209374274,-0.1387617804274194,0.5793664351179837
17,2020,83621286,106184813,170859714.66666666,72248718.33333333,243108433,189806099,-0.2192533321129177,0.7875070232501139
17,2021,119164977,131060226,170859714.66666666,72248718.33333333,243108433,250225203,0.029274056486555528,0.9092382993449134
18,2015,35329699,22598540,27993141,31403725,59396866,57928239,-0.0247256648187465,1.5633620136522093
18,2016,31284793,26042601,27993141,31403725,59396866,57327394,-0.034841434226512896,1.2012929507309964
18,2017,27596683,35338282,27993141,31403725,59396866,62934965,0.05956709904525939,0.7809288238743468
18,2018,34378226,36477502,27993141,31403725,59396866,70855728,0.19292031333774412,0.942450116238771
18,2019,34914804,35395063,27993141,31403725,59396866,70309867,0.18373024933672427,0.9864314692701635
18,2020,24303681,7348189,27993141,31403725,59396866,31651870,-0.4671121200233022,3.307438200078958
18,2021,33130799,19370975,27993141,31403725,59396866,52501774,-0.11608511465907982,1.710332030266933
19,2015,87551426,202883112,213150169.33333334,83273374.33333333,296423543.6666667,290434538,-0.020204217224396404,0.43153629268068405
19,2016,72938173,213023775,213150169.33333334,83273374.33333333,296423543.6666667,285961948,-0.03529272856420247,0.34239451910942803
19,2017,89330524,223543621,213150169.33333334,83273374.33333333,296423543.6666667,312874145,0.05549694578859868,0.39961115240233136
19,2018,90904982,250050013,213150169.33333334,83273374.33333333,296423543.6666667,340954995,0.15022913086623674,0.3635471996556145
19,2019,99775676,215848097,213150169.33333334,83273374.33333333,296423543.6666667,315623773,0.06477295661414903,0.46224950503038253
19,2020,78856850,231582343,213150169.33333334,83273374.33333333,296423543.6666667,310439193,0.04728251055892561,0.34051322297918024
19,2021,41313025,249189894,213150169.33333334,83273374.33333333,296423543.6666667,290502919,-0.01997353042012253,0.16578932771647634
20,2015,228417171,1161187238,1187343776.6666667,242142501,1429486277.6666667,1389604409,-0.027899441421547214,0.19671002533012683
20,2016,266336071,1155978560,1187343776.6666667,242142501,1429486277.6666667,1422314631,-0.005016939846651021,0.230398798226846
20,2017,231674261,1244865532,1187343776.6666667,242142501,1429486277.6666667,1476539793,0.03291638126819807,0.1861038441861205
20,2018,293211648,1369857702,1187343776.6666667,242142501,1429486277.6666667,1663069350,0.1634035079473502,0.21404533300934056
20,2019,186149319,736183312,1187343776.6666667,242142501,1429486277.6666667,922332631,-0.3547803533269921,0.25285729242392824
20,2020,162856961,941387870,1187343776.6666667,242142501,1429486277.6666667,1104244831,-0.2275233080219241,0.17299666395743976
20,2021,227867042,889581027,1187343776.6666667,242142501,1429486277.6666667,1117448069,-0.21828695632951647,0.256150968921238
21,2015,162093375,257021294,305983336.6666667,169351805.66666666,475335142.3333333,419114669,-0.11827544047628645,0.6306612673111824
21,2016,147440656,297986336,305983336.6666667,169351805.66666666,475335142.3333333,445426992,-0.06292013291194855,0.49478998929669044
21,2017,198521386,362942380,305983336.6666667,169351805.66666666,475335142.3333333,561463766,0.18119557338823514,0.546977693814649
21,2018,266622453,451632711,305983336.6666667,169351805.66666666,475335142.3333333,718255164,0.5110499940614883,0.5903523958874627
21,2019,303950805,460048131,305983336.6666667,169351805.66666666,475335142.3333333,763998936,0.6072847722759754,0.6606934894818647
21,2020,318662346,580002535,305983336.6666667,169351805.66666666,475335142.3333333,898664881,0.8905921337703296,0.5494154366066694
21,2021,393672541,635324111,305983336.6666667,169351805.66666666,475335142.3333333,1028996652,1.1647813518454444,0.6196404861455038
22,2015,240472662,54914959,67425494.33333333,289161001.3333333,356586495.6666667,295387621,-0.17162420733923348,4.379001029573745
22,2016,433308160,70017252,67425494.33333333,289161001.3333333,356586495.6666667,503325412,0.4115100210370931,6.188591348886415
22,2017,193702182,77344272,67425494.33333333,289161001.3333333,356586495.6666667,271046454,-0.23988581369785977,2.5044153495943435
22,2018,181525739,100248979,67425494.33333333,289161001.3333333,356586495.6666667,281774718,-0.20979980615025856,1.8107490052342579
22,2019,92925150,76582932,67425494.33333333,289161001.3333333,356586495.6666667,169508082,-0.5246368439076998,1.2133924305744783
22,2020,98728497,38929369,67425494.33333333,289161001.3333333,356586495.6666667,137657866,-0.6139565920951725,2.536092917406393
22,2021,259727624,48418637,67425494.33333333,289161001.3333333,356586495.6666667,308146261,-0.1358442769295114,5.364207670695067
23,2015,2078583503,308596107,295791146.3333333,1136109129.3333333,1431900275.6666667,2387179610,0.6671409668446168,6.7356115513148715
23,2016,915897289,301468700,295791146.3333333,1136109129.3333333,1431900275.6666667,1217365989,-0.14982487978555872,3.0381173534764967
23,2017,413846596,277308632,295791146.3333333,1136109129.3333333,1431900275.6666667,691155228,-0.5173160870590582,1.492368243336904
23,2018,364154023,288489773,295791146.3333333,1136109129.3333333,1431900275.6666667,652643796,-0.5442114181477192,1.2622770617244723
23,2019,339956680,233743799,295791146.3333333,1136109129.3333333,1431900275.6666667,573700479,-0.5993432721891925,1.4543987111290169
23,2020,471855767,267362628,295791146.3333333,1136109129.3333333,1431900275.6666667,739218395,-0.48375008541999664,1.764853115522189
23,2021,689065109,314925604,295791146.3333333,1136109129.3333333,1431900275.6666667,1003990713,-0.29884033821240785,2.188025045432635
24,2015,198088633,19077662,24632113.333333332,177685757,202317870.33333334,217166295,0.07339156270379281,10.383276158263
24,2016,172285286,24139438,24632113.333333332,177685757,202317870.33333334,196424724,-0.02912815523227858,7.137087698561996
24,2017,162683352,30679240,24632113.333333332,177685757,202317870.33333334,193362592,-0.044263407471514374,5.302717798745992
24,2018,158024445,32769924,24632113.333333332,177685757,202317870.33333334,190794369,-0.056957407244093365,4.822240204157935
24,2019,2861323,27622180,24632113.333333332,177685757,202317870.33333334,30483503,-0.8493286680520301,0.10358787756795444
24,2020,253130,11139763,24632113.333333332,177685757,202317870.33333334,11392893,-0.9436881528001981,0.02272310461183061
24,2021,169536285,11625230,24632113.333333332,177685757,202317870.33333334,181161515,-0.10456987955871973,14.583477918286349
25,2015,217969738,488883415,463748151.6666667,264623895.33333334,728372047,706853153,-0.029543821853998193,0.4458521833881397
25,2016,218683453,420560275,463748151.6666667,264623895.33333334,728372047,639243728,-0.12236647379193012,0.5199812393122484
25,2017,357218495,481800765,463748151.6666667,264623895.33333334,728372047,839019260,0.1519102956459283,0.7414236774821227
25,2018,333578768,598411953,463748151.6666667,264623895.33333334,728372047,931990721,0.2795531141518395,0.5574400149055846
25,2019,249765326,460225243,463748151.6666667,264623895.33333334,728372047,709990569,-0.02523638582192872,0.5427023610697512
25,2020,250083690,178603495,463748151.6666667,264623895.33333334,728372047,428687185,-0.4114447599057848,1.4002172241926172
25,2021,293292185,331930343,463748151.6666667,264623895.33333334,728372047,625222528,-0.14161652609384115,0.8835955831853552
26,2015,984843709,53030547,51673173,1009467965.6666666,1061141138.6666666,1037874256,-0.02192628465606533,18.57125307419514
26,2016,967888076,42016867,51673173,1009467965.6666666,1061141138.6666666,1009904943,-0.04828405364723242,23.035703161780244
26,2017,1075672112,59972105,51673173,1009467965.6666666,1061141138.6666666,1135644217,0.07021033830329787,17.936207375078798
26,2018,756543880,48334998,51673173,1009467965.6666666,1061141138.6666666,804878878,-0.2414968672203798,15.65209292033073
26,2019,192128471,39128830,51673173,1009467965.6666666,1061141138.6666666,231257301,-0.7820673494097337,4.910151185200273
26,2020,647138181,52382323,51673173,1009467965.6666666,1061141138.6666666,699520504,-0.3407846717930908,12.354132919992876
26,2021,1246311428,87218427,51673173,1009467965.6666666,1061141138.6666666,1333529855,0.2566941440754924,14.289542598607058
27,2015,2217885279,504639367,611427676,4428613807.666667,5040041483.666667,2722524646,-0.45982098464409,4.394990609204692
27,2016,2570400441,654973200,611427676,4428613807.666667,5040041483.666667,3225373641,-0.36005017985417115,3.924436054788196
27,2017,8497555703,674670461,611427676,4428613807.666667,5040041483.666667,9172226164,0.8198711644982609,12.595120424280736
27,2018,8450679005,766465021,611427676,4428613807.666667,5040041483.666667,9217144026,0.8287833653492988,11.025524679488276
27,2019,3765817356,298980999,611427676,4428613807.666667,5040041483.666667,4064798355,-0.19349902809870734,12.59550730178676
27,2020,9894712513,106313175,611427676,4428613807.666667,5040041483.666667,10001025688,0.9843141609866634,93.07136686492525
27,2021,15397138049,160880615,611427676,4428613807.666667,5040041483.666667,15558018664,2.0868830572960735,95.70536542889272
28,2015,960648292,1364809987,1359353609.3333333,841211914.3333334,2200565523.6666665,2325458279,0.056754845056934455,0.7038696237207415
28,2016,773687029,1256296007,1359353609.3333333,841211914.3333334,2200565523.6666665,2029983036,-0.07751756802153087,0.6158477179654046
28,2017,789300422,1456954834,1359353609.3333333,841211914.3333334,2200565523.6666665,2246255256,0.020762722964596626,0.5417466647425255
28,2018,901987718,1781867607,1359353609.3333333,841211914.3333334,2200565523.6666665,2683855325,0.21962072755191472,0.5062035554474278
28,2019,906395213,1281839019,1359353609.3333333,841211914.3333334,2200565523.6666665,2188234232,-0.005603692111889328,0.7071053381625918
28,2020,892109276,981459143,1359353609.3333333,841211914.3333334,2200565523.6666665,1873568419,-0.14859684983240645,0.9089622144362661
28,2021,1275736630,1401019811,1359353609.3333333,841211914.3333334,2200565523.6666665,2676756441,0.21639479134431133,0.9105771524311443
29,2015,2463771537,6902571379,7142430861.333333,2598533529.3333335,9740964390.666666,9366342916,-0.03845835583031293,0.3569353218853545
29,2016,2528738344,6485218473,7142430861.333333,2598533529.3333335,9740964390.666666,9013956817,-0.07463404489634008,0.38992338570056373
29,2017,2803090707,8039502732,7142430861.333333,2598533529.3333335,9740964390.666666,10842593439,0.11309240072665322,0.3486646874119129
29,2018,2828584004,10065821965,7142430861.333333,2598533529.3333335,9740964390.666666,12894405969,0.32372991542344753,0.281008745618123
29,2019,2284348271,8124747929,7142430861.333333,2598533529.3333335,9740964390.666666,10409096200,0.06858990368279207,0.2811592791508498
29,2020,2450242154,7735736178,7142430861.333333,2598533529.3333335,9740964390.666666,10185978332,0.04568479295127343,0.3167432417057282
29,2021,2824873186,10804292252,7142430861.333333,2598533529.3333335,9740964390.666666,13629165438,0.399159764002302,0.2614584204233353
30,2015,1937835146,1286583486,1387462331.6666667,2129184426,3516646757.6666665,3224418632,-0.08309851566114165,1.5061868639591727
30,2016,2000804432,1387854495,1387462331.6666667,2129184426,3516646757.6666665,3388658927,-0.036394849834615696,1.441652881630073
30,2017,2448913700,1487949014,1387462331.6666667,2129184426,3516646757.6666665,3936862714,0.1194933654957575,1.6458317300917946
30,2018,2779122226,1588092921,1387462331.6666667,2129184426,3516646757.6666665,4367215147,0.24186915773641562,1.7499745696555498
30,2019,4143622191,1605449500,1387462331.6666667,2129184426,3516646757.6666665,5749071691,0.634816371154256,2.5809732358445405
30,2020,4643190794,2189500146,1387462331.6666667,2129184426,3516646757.6666665,6832690940,0.9429562907061968,2.1206624728857175
30,2021,6667096692,3468768526,1387462331.6666667,2129184426,3516646757.6666665,10135865218,1.8822528722575644,1.9220356279258974
31,2015,105025959,672039019,374295168.6666667,94219929.33333333,468515098,777064978,0.6585697692926856,0.15627955525005013
31,2016,74279183,262712953,374295168.6666667,94219929.33333333,468515098,336992136,-0.28072299603885975,0.2827389443565046
31,2017,103354646,188133534,374295168.6666667,94219929.33333333,468515098,291488180,-0.3778467732538259,0.5493685458542441
31,2018,248482870,69289674,374295168.6666667,94219929.33333333,468515098,317772544,-0.3217453496023729,3.586145750952732
31,2019,281443713,24834608,374295168.6666667,94219929.33333333,468515098,306278321,-0.34627865290266485,11.332722183494903
31,2020,216822336,22472920,374295168.6666667,94219929.33333333,468515098,239295256,-0.489247503396358,9.648160363673256
31,2021,144082641,27678261,374295168.6666667,94219929.33333333,468515098,171760902,-0.6333930267493749,5.2056247681167545
32,2015,406937570,555645953,536021763,429479321,965501084,962583523,-0.003021810175409394,0.7323684583733484
32,2016,424287266,496500659,536021763,429479321,965501084,920787925,-0.04631083252103319,0.8545552927453416
32,2017,457213127,555918677,536021763,429479321,965501084,1013131804,0.04933264269644259,0.8224460625560166
32,2018,462488914,701164151,536021763,429479321,965501084,1163653065,0.20523227190908053,0.6596014832481075
32,2019,421335891,406342139,536021763,429479321,965501084,827678030,-0.1427476947296726,1.036899328326861
32,2020,376872521,411655686,536021763,429479321,965501084,788528207,-0.18329640425344151,0.9155042279678363
32,2021,434894414,463738390,536021763,429479321,965501084,898632804,-0.06925759184336659,0.9378011900200887
33,2015,402369385,1136466352,1353742542.6666667,442573702,1796316244.6666667,1538835737,-0.14333807225266512,0.35405305602923826
33,2016,401651139,1369601596,1353742542.6666667,442573702,1796316244.6666667,1771252735,-0.013952726721189149,0.29326129596595474
33,2017,523700582,1555159680,1353742542.6666667,442573702,1796316244.6666667,2078860262,0.15729079897385415,0.3367503599373152
33,2018,711563536,1644153957,1353742542.6666667,442573702,1796316244.6666667,2355717493,0.31141579329041724,0.43278400600534517
33,2019,909568534,1245444894,1353742542.6666667,442573702,1796316244.6666667,2155013428,0.19968487419646694,0.7303161612223046
33,2020,934880065,995472110,1353742542.6666667,442573702,1796316244.6666667,1930352175,0.07461711195414013,0.9391323529897789
33,2021,974874578,1170110255,1353742542.6666667,442573702,1796316244.6666667,2144984833,0.19410200702050318,0.8331476233408449
34,2015,594189556,465073955,486609705.6666667,597685173,1084294878.6666667,1059263511,-0.023085387710626525,1.277623805013979
34,2016,576750034,495319354,486609705.6666667,597685173,1084294878.6666667,1072069388,-0.011275060785770896,1.1644003597727377
34,2017,622115929,499435808,486609705.6666667,597685173,1084294878.6666667,1121551737,0.0343604484963972,1.2456374153292589
34,2018,626680911,581597799,486609705.6666667,597685173,1084294878.6666667,1208278710,0.11434512305895368,1.0775159604756344
34,2019,504283244,533699274,486609705.6666667,597685173,1084294878.6666667,1037982518,-0.04271196108904989,0.9448827618229063
34,2020,568997366,1055422611,486609705.6666667,597685173,1084294878.6666667,1624419977,0.49813487913685717,0.5391180367652745
34,2021,665003862,700826581,486609705.6666667,597685173,1084294878.6666667,1365830443,0.25964852354511836,0.948885045214916
35,2015,260767967,346181022,343371515.6666667,287365161.6666667,630736677.3333334,606948989,-0.03771413521392857,0.7532705446805227
35,2016,284273282,311972563,343371515.6666667,287365161.6666667,630736677.3333334,596245845,-0.05468341000741513,0.9112124453072497
35,2017,317054236,371960962,343371515.6666667,287365161.6666667,630736677.3333334,689015198,0.09239754522134352,0.8523857834306816
35,2018,322180801,379278282,343371515.6666667,287365161.6666667,630736677.3333334,701459083,0.11212667378987866,0.8494575521200025
35,2019,307535988,349694096,343371515.6666667,287365161.6666667,630736677.3333334,657230084,0.04200391006065646,0.8794428945692009
35,2020,370528285,342687803,343371515.6666667,287365161.6666667,630736677.3333334,713216088,0.13076679005790193,1.0812415316689867
35,2021,406579293,431202207,343371515.6666667,287365161.6666667,630736677.3333334,837781500,0.3282587331721745,0.9428970594299393
36,2015,93889089,421163258,397315966,82113231.33333333,479429197.3333333,515052347,0.074303254505167185,0.22292801476998736
36,2016,89006801,402068751,397315966,82113231.33333333,479429197.3333333,491075552,0.024292126410835408,0.22137209315229772
36,2017,63443804,368715889,397315966,82113231.33333333,479429197.3333333,432159693,-0.09859538091600246,0.1720669108458193
36,2018,41330805,428285023,397315966,82113231.33333333,479429197.3333333,469615828,-0.02046886044470579,0.0965030360167416
36,2019,49638732,401709825,397315966,82113231.33333333,479429197.3333333,451348557,-0.05857098501618718,0.12356862817582319
36,2020,41553759,378701923,397315966,82113231.33333333,479429197.3333333,420255682,-0.12342493044325724,0.10972682333065417
36,2021,39802305,678356343,397315966,82113231.33333333,479429197.3333333,718158648,0.497945164780369,0.058674626412389866
37,2015,605687257,38202698,38146295.666666664,570091137.6666666,608237433.3333334,643889955,0.05861612540234418,15.854567575305808
37,2016,533241504,37137078,38146295.666666664,570091137.6666666,608237433.3333334,570378582,-0.06224354052964959,14.358736139660746
37,2017,571344652,39099111,38146295.666666664,570091137.6666666,608237433.3333334,610443763,0.0036274151273052086,14.612727435158309
37,2018,611527132,28858400,38146295.666666664,570091137.6666666,608237433.3333334,640385532,0.05285452177858387,21.19061112189172
37,2019,552970501,17877606,38146295.666666664,570091137.6666666,608237433.3333334,570848107,-0.061471596919689814,30.930903220487128
37,2020,562391253,11480762,38146295.666666664,570091137.6666666,608237433.3333334,573872015,-0.05650000550771764,48.98553362572972
37,2021,613906334,14276727,38146295.666666664,570091137.6666666,608237433.3333334,628183061,0.03279250268658784,43.00049542167473
38,2015,1901135435,1187110883,1186264227,2099856521.6666667,3286120748.6666665,3088246318,-0.06021520382260861,1.6014809250131354
38,2016,1952943060,1143745629,1186264227,2099856521.6666667,3286120748.6666665,3096688689,-0.057646104375053166,1.7074977254404877
38,2017,2445491070,1227936169,1186264227,2099856521.6666667,3286120748.6666665,3673427239,0.11786130819766191,1.9915457592486634
38,2018,2739810586,1788830842,1186264227,2099856521.6666667,3286120748.6666665,4528641428,0.37811169289426827,1.5316208339390875
38,2019,2738145901,1377841981,1186264227,2099856521.6666667,3286120748.6666665,4115987882,0.25253701759743596,1.9872713553209698
38,2020,3008400463,2897602789,1186264227,2099856521.6666667,3286120748.6666665,5906003252,0.7972569189359042,1.0382377027039782
38,2021,3451467813,2418895815,1186264227,2099856521.6666667,3286120748.6666665,5870363628,0.7864114185036817,1.4268774172069911
39,2015,4909686548,15451729210,16201028685,5168081258.333333,21369109943.333332,20361415758,-0.04715658200110058,0.31774350179671573
39,2016,4932703445,15609338400,16201028685,5168081258.333333,21369109943.333332,20542041845,-0.03870390954637576,0.3160097704717581
39,2017,5661853782,17542018445,16201028685,5168081258.333333,21369109943.333332,23203872227,0.08586049154747652,0.32275953874702473
39,2018,5701125827,20604200253,16201028685,5168081258.333333,21369109943.333332,26305326080,0.23099774158851447,0.2766972635188744
39,2019,4982133389,19372896209,16201028685,5168081258.333333,21369109943.333332,24355029598,0.13973065151448696,0.25717029272502206
39,2020,5415607768,21937435797,16201028685,5168081258.333333,21369109943.333332,27353043565,0.2800272747688079,0.2468660338479759
39,2021,6334530772,27052280077,16201028685,5168081258.333333,21369109943.333332,33386810849,0.5623865915583401,0.2341588492345107
40,2015,678196136,4742075576,4084312632.3333335,673298969.3333334,4757611601.666667,5420271712,0.13928419673879908,0.14301672867307336
40,2016,632929238,3772588189,4084312632.3333335,673298969.3333334,4757611601.666667,4405517427,-0.07400649824868487,0.16777056129409412
40,2017,708771534,3738274132,4084312632.3333335,673298969.3333334,4757611601.666667,4447045666,-0.0652776984901144,0.18959859790186195
40,2018,701781059,4377503573,4084312632.3333335,673298969.3333334,4757611601.666667,5079284632,0.06761229315580235,0.16031535949588133
40,2019,504821254,2842573169,4084312632.3333335,673298969.3333334,4757611601.666667,3347394423,-0.29641284256424916,0.17759305530122663
40,2020,489110386,2995347974,4084312632.3333335,673298969.3333334,4757611601.666667,3484458360,-0.26760344228618016,0.16329000511644728
40,2021,464520285,5778347112,4084312632.3333335,673298969.3333334,4757611601.666667,6242867397,0.3121851718229845,0.08038982013304846
41,2015,1440050241,29001285,26905820.666666668,1247207713,1274113533.6666667,1469051526,0.15299891821440528,49.65470464498384
41,2016,1169730713,23658084,26905820.666666668,1247207713,1274113533.6666667,1193388797,-0.06335756942660804,49.44317185618244
41,2017,1131842185,28058093,26905820.666666668,1247207713,1274113533.6666667,1159900278,-0.08964134878779742,40.33924133760623
41,2018,796566266,28130551,26905820.666666668,1247207713,1274113533.6666667,824696817,-0.3527289403898939,28.316767275550344
41,2019,525627741,12601119,26905820.666666668,1247207713,1274113533.6666667,538228860,-0.5775660129352246,41.712782888567276
41,2020,471663756,10900564,26905820.666666668,1247207713,1274113533.6666667,482564320,-0.6212548511189048,43.26966531273061
41,2021,743123068,9722899,26905820.666666668,1247207713,1274113533.6666667,752845967,-0.4091217563371716,76.43019515064385
42,2015,63488729,9144190253,8224562413.666667,65032530.333333336,8289594944,9207678982,0.11075137497092162,0.006943067373206807
42,2016,53733855,7818360842,8224562413.666667,65032530.333333336,8289594944,7872094697,-0.05036437242355083,0.006872777566282608
42,2017,77875007,7711136146,8224562413.666667,65032530.333333336,8289594944,7789011153,-0.06038700254737079,0.010099031520847434
42,2018,107202953,7808833030,8224562413.666667,65032530.333333336,8289594944,7916035983,-0.045063596414970986,0.013728421722957495
42,2019,78798925,5284680985,8224562413.666667,65032530.333333336,8289594944,5363479910,-0.3529864913505718,0.01491081963578545
42,2020,63787040,3004972791,8224562413.666667,65032530.333333336,8289594944,3068759831,-0.6298058166013087,0.021227160588955896
42,2021,56862094,3898288887,8224562413.666667,65032530.333333336,8289594944,3955150981,-0.5228776547323661,0.014586423851147489
43,2015,128347980,106158936,88981482.33333333,88982377.33333333,177963859.66666666,234506916,0.3177221287470429,1.209017204166402
43,2016,80196304,80408159,88981482.33333333,88982377.33333333,177963859.66666666,160604463,-0.09754450537980854,0.9973652549363803
43,2017,58402848,80377352,88981482.33333333,88982377.33333333,177963859.66666666,138780200,-0.22017762336723423,0.7266082614913714
43,2018,6378880,76055184,88981482.33333333,88982377.33333333,177963859.66666666,82434064,-0.5367932334441259,0.08387173187300422
43,2019,5498576,39764297,88981482.33333333,88982377.33333333,177963859.66666666,45262873,-0.7456625570788409,0.13827922067879134
43,2020,2372947,19330240,88981482.33333333,88982377.33333333,177963859.66666666,21703187,-0.8780472223930694,0.12275827925571539
43,2021,3604218,25341616,88981482.33333333,88982377.33333333,177963859.66666666,28945834,-0.83734993130506,0.14222526298243965
44,2015,2068925768,4362167654,4295615865.666667,2604126439.6666665,6899742305.333333,6431093422,-0.06792266473069274,0.4742884575064065
44,2016,2545665824,4248947647,4295615865.666667,2604126439.6666665,6899742305.333333,6794613471,-0.01523663199016447,0.5991285455817243
44,2017,3197787727,4275732296,4295615865.666667,2604126439.6666665,6899742305.333333,7473520023,0.08315929672085735,0.7478924089778889
44,2018,2863368992,4453119104,4295615865.666667,2604126439.6666665,6899742305.333333,7316488096,0.06040019644567488,0.6430030109520286
44,2019,1572012688,3137455536,4295615865.666667,2604126439.6666665,6899742305.333333,4709468224,-0.3174428818363701,0.5010470012920687
44,2020,1575184224,2703060469,4295615865.666667,2604126439.6666665,6899742305.333333,4278244693,-0.37994137988414134,0.5827410233936575
44,2021,2054989519,3366962829,4295615865.666667,2604126439.6666665,6899742305.333333,5421952348,-0.214180456593435,0.6103392354973931
45,2015,906284,29496403,27510308.333333332,668822.6666666666,28179131,30402687,0.0789078981889115,0.03072523792138316
45,2016,538216,25160321,27510308.333333332,668822.6666666666,28179131,25698537,-0.08802947117141405,0.021391459989719527
45,2017,561968,27874201,27510308.333333332,668822.6666666666,28179131,28436169,0.009121572982502548,0.02016086488003728
45,2018,349380,25561779,27510308.333333332,668822.6666666666,28179131,25911159,-0.08048410009520876,0.013668062774504075
45,2019,181488,20301733,27510308.333333332,668822.6666666666,28179131,20483221,-0.27310671858546665,0.008939532403465261
45,2020,90501,16458045,27510308.333333332,668822.6666666666,28179131,16548546,-0.4127375326087948,0.005498891271715444
45,2021,27099,18427975,27510308.333333332,668822.6666666666,28179131,18455074,-0.3450800878139216,0.0014705359650205732
46,2015,97623,365760444,346800639.6666667,374701.6666666667,347175341.3333333,365858067,0.05381351565729102,2.6690420356117024e-4
46,2016,206504,337606712,346800639.6666667,374701.6666666667,347175341.3333333,337813216,-0.026966561903209767,6.116703035216907e-4
46,2017,819978,337034763,346800639.6666667,374701.6666666667,347175341.3333333,337854741,-0.026846953754081082,0.0024329181734882347
46,2018,162944,364704852,346800639.6666667,374701.6666666667,347175341.3333333,364867796,0.05096115005955921,4.4678319771846635e-4
46,2019,62553,278613606,346800639.6666667,374701.6666666667,347175341.3333333,278676159,-0.19730428454469415,2.2451523778059854e-4
46,2020,1614679,261853851,346800639.6666667,374701.6666666667,347175341.3333333,263468530,-0.24110817033218937,0.006166336656244173
46,2021,1533352,356428799,346800639.6666667,374701.6666666667,347175341.3333333,357962151,0.031070206844874826,0.0043019868324388685
47,2015,3414012298,1843353,3979425,3379914100.6666665,3383893525.6666665,3415855651,0.009445369687580989,1852.0664777717561
47,2016,3367643434,1950129,3979425,3379914100.6666665,3383893525.6666665,3369593563,-0.0042258902528114406,1726.8823929083667
47,2017,3358086570,8144793,3979425,3379914100.6666665,3383893525.6666665,3366231363,-0.005219479434769407,412.29857775390974
47,2018,2913138418,7602829,3979425,3379914100.6666665,3383893525.6666665,2920741247,-0.13686963704787966,383.1650584275932
47,2019,2312853148,5774767,3979425,3379914100.6666665,3383893525.6666665,2318627915,-0.3148047072364065,400.5102107149951
47,2020,2196484912,4495056,3979425,3379914100.6666665,3383893525.6666665,2200979968,-0.3495717429329041,488.6446157734186
47,2021,1915154979,2893111,3979425,3379914100.6666665,3383893525.6666665,1918048090,-0.43318308467695593,661.9707916495427
48,2015,749009292,3272497535,3410103412,741660597.3333334,4151764009.3333335,4021506827,-0.03137393696763835,0.22888001717012751
48,2016,700377134,3365132756,3410103412,741660597.3333334,4151764009.3333335,4065509890,-0.020775294342219534,0.20812763857569488
48,2017,775595366,3592679945,3410103412,741660597.3333334,4151764009.3333335,4368275311,0.05214923130985777,0.21588212083278127
48,2018,886944497,3962357841,3410103412,741660597.3333334,4151764009.3333335,4849302338,0.16801011018414633,0.22384260397242603
48,2019,684686060,3188044051,3410103412,741660597.3333334,4151764009.3333335,3872730111,-0.06720851611653601,0.21476681283159596
48,2020,757691123,2629186177,3410103412,741660597.3333334,4151764009.3333335,3386877300,-0.18423174043944626,0.2881846594312138
48,2021,610734311,3028549584,3410103412,741660597.3333334,4151764009.3333335,3639283895,-0.1234367158589114,0.20165901005106343
49,2015,188822327,2226401652,2253669236,171108710.33333334,2424777946.3333335,2415223979,-0.003940141136544349,0.08481054028610648
49,2016,170538225,2233283401,2253669236,171108710.33333334,2424777946.3333335,2403821626,-0.008642572968391982,0.07636210653947363
49,2017,153965579,2301322655,2253669236,171108710.33333334,2424777946.3333335,2455288234,0.012582714104936134,0.06690308230594462
49,2018,153100457,2452302206,2253669236,171108710.33333334,2424777946.3333335,2605402663,0.07449124029678719,0.06243131724361382
49,2019,139656077,2610260970,2253669236,171108710.33333334,2424777946.3333335,2749917047,0.1340902581031516,0.05350272582131893
49,2020,121177073,1983267168,2253669236,171108710.33333334,2424777946.3333335,2104444241,-0.1321084703107479,0.06109972219335403
49,2021,125298822,2532183693,2253669236,171108710.33333334,2424777946.3333335,2657482515,0.09596943465217275,0.04948251674883525
50,2015,464124,35218047,30000959.666666668,2171463.3333333335,32172423,35682171,0.10909181443996308,0.013178584263914463
50,2016,717537,31882583,30000959.666666668,2171463.3333333335,32172423,32600120,0.013293900804424958,0.022505610665233742
50,2017,5332729,22902249,30000959.666666668,2171463.3333333335,32172423,28234978,-0.12238571524438803,0.23284739415766548
50,2018,2496392,24103063,30000959.666666668,2171463.3333333335,32172423,26599455,-0.1732218925506481,0.10357156681704728
50,2019,113900,12737789,30000959.666666668,2171463.3333333335,32172423,12851689,-0.6005371121721234,0.008941897216228028
50,2020,245276,16588458,30000959.666666668,2171463.3333333335,32172423,16833734,-0.4767651165098756,0.014785943334817498
50,2021,55248,9700207,30000959.666666668,2171463.3333333335,32172423,9755455,-0.6967758691970449,0.005695548558912197
51,2015,12296237,36618105,27659638.333333332,12435229.666666666,40094868,48914342,0.2199651586332695,0.33579665031819644
51,2016,8114562,23807013,27659638.333333332,12435229.666666666,40094868,31921575,-0.2038488566666437,0.3408475477372991
51,2017,16894890,22553797,27659638.333333332,12435229.666666666,40094868,39448687,-0.016116301966625755,0.7490929354378777
51,2018,14963559,25921812,27659638.333333332,12435229.666666666,40094868,40885371,0.019715815001560798,0.5772574463544446
51,2019,6807449,9308872,27659638.333333332,12435229.666666666,40094868,16116321,-0.5980452909833748,0.7312861321973274
51,2020,2999985,5470739,27659638.333333332,12435229.666666666,40094868,8470724,-0.788732962033944,0.5483692422541087
51,2021,10378520,8053157,27659638.333333332,12435229.666666666,40094868,18431677,-0.5402983494047169,1.2887517280490124
52,2015,970469070,285875809,256593964.33333334,894356158,1150950122.3333333,1256344879,0.09157195835124363,3.3947226013796783
52,2016,663937175,247804013,256593964.33333334,894356158,1150950122.3333333,911741188,-0.20783605622143075,2.6792833859393554
52,2017,1048662229,236102071,256593964.33333334,894356158,1150950122.3333333,1284764300,0.11626409787018734,4.4415630263573584
52,2018,948665880,248189185,256593964.33333334,894356158,1150950122.3333333,1196855065,0.03988438923278723,3.8223497933642836
52,2019,710882799,155110126,256593964.33333334,894356158,1150950122.3333333,865992925,-0.2475843147361039,4.583084401594774
52,2020,1823720408,155015520,256593964.33333334,894356158,1150950122.3333333,1978735928,0.7192195296773486,11.76476012208326
52,2021,1344659858,86192468,256593964.33333334,894356158,1150950122.3333333,1430852326,0.24319229672543766,15.600665454897985
53,2015,462574,56185044,46811698.333333336,360313.6666666667,47172012,56647618,0.20087347556852145,0.008233045078686777
53,2016,377811,45855262,46811698.333333336,360313.6666666667,47172012,46233073,-0.019904578163848514,0.008239207094705946
53,2017,240556,38394789,46811698.333333336,360313.6666666667,47172012,38635345,-0.18096889740467292,0.00626532939144424
53,2018,307230,37845908,46811698.333333336,360313.6666666667,47172012,38153138,-0.191191208888864,0.008117918587129683
53,2019,335465,26805084,46811698.333333336,360313.6666666667,47172012,27140549,-0.4246472039394885,0.01251497663652164
53,2020,56486,18695660,46811698.333333336,360313.6666666667,47172012,18752146,-0.6024730511812809,0.003021342921298312
53,2021,125126,25289228,46811698.333333336,360313.6666666667,47172012,25414354,-0.46124083068578886,0.0049477983274143445
54,2015,98824368,546736233,536652410.6666667,104507293.66666667,641159704.3333334,645560601,0.006863963279231034,0.18075328107987312
54,2016,101687505,509171400,536652410.6666667,104507293.66666667,641159704.3333334,610858905,-0.047259363195382986,0.19971173754063956
54,2017,113010008,554049599,536652410.6666667,104507293.66666667,641159704.3333334,667059607,0.040395399916151764,0.20397092282707346
54,2018,107609665,681252431,536652410.6666667,104507293.66666667,641159704.3333334,788862096,0.23036755221578528,0.157958577618639
54,2019,100261024,398110565,536652410.6666667,104507293.66666667,641159704.3333334,498371589,-0.22270288411496783,0.2518421584717301
54,2020,87177166,292040497,536652410.6666667,104507293.66666667,641159704.3333334,379217663,-0.40854414206472334,0.2985105384202931
54,2021,101594708,355886848,536652410.6666667,104507293.66666667,641159704.3333334,457481556,-0.286477997746784,0.2854691275357273
55,2015,306583817,535772194,499569475.6666667,232554634,732124109.6666666,842356011,0.15056450112470895,0.572227936487499
55,2016,217207306,495333828,499569475.6666667,232554634,732124109.6666666,712541134,-0.02674816388109754,0.4385069093241902
55,2017,173872779,467602405,499569475.6666667,232554634,732124109.6666666,641475184,-0.12381633724361125,0.371838932265543
55,2018,132162625,517351821,499569475.6666667,232554634,732124109.6666666,649514446,-0.11283560065284354,0.2554598623902399
55,2019,62962531,311976485,499569475.6666667,232554634,732124109.6666666,374939016,-0.4878750596388523,0.20181819472708015
55,2020,48994672,235903360,499569475.6666667,232554634,732124109.6666666,284898032,-0.6108610162698876,0.2076895894997002
55,2021,65190383,256823826,499569475.6666667,232554634,732124109.6666666,322014209,-0.5601644519716584,0.2538330808918017
56,2015,144624638,643112492,637827321.3333334,164539678.66666666,802367000,787737130,-0.018233389458938366,0.2248823336493361
56,2016,163271776,616220065,637827321.3333334,164539678.66666666,802367000,779491841,-0.028509595982885636,0.2649569289828302
56,2017,185722622,654149407,637827321.3333334,164539678.66666666,802367000,839872029,0.046742985441824,0.2839146837291255
56,2018,196352280,768969068,637827321.3333334,164539678.66666666,802367000,965321348,0.20309203643719145,0.25534483527496066
56,2019,162403449,608004457,637827321.3333334,164539678.66666666,802367000,770407906,-0.03983101747703981,0.26710897778829934
56,2020,219880463,988887683,637827321.3333334,164539678.66666666,802367000,1208768146,0.5065028172893451,0.22235130114367094
56,2021,185037778,936760126,637827321.3333334,164539678.66666666,802367000,1121797904,0.39811071990747376,0.19752951995311552
57,2015,17281787,617738985,621766942,17771046.333333332,639537988.3333334,635020772,-0.0070632494327748305,0.027975872366222766
57,2016,17125680,600080262,621766942,17771046.333333332,639537988.3333334,617205942,-0.03491903020730912,0.028538982340332333
57,2017,18905672,647481579,621766942,17771046.333333332,639537988.3333334,666387251,0.04198227964008376,0.029198779723121668
57,2018,15796061,788767053,621766942,17771046.333333332,639537988.3333334,804563114,0.2580380347643304,0.020026268769621137
57,2019,15307604,528128081,621766942,17771046.333333332,639537988.3333334,543435685,-0.15026832664589726,0.028984643215742963
57,2020,3618815,412864747,621766942,17771046.333333332,639537988.3333334,416483562,-0.34877431896520156,0.00876513440853307
57,2021,4806986,524836987,621766942,17771046.333333332,639537988.3333334,529643973,-0.17183344435836007,0.00915900769013446
58,2015,10993768,344873237,323049302,12368428.666666666,335417730.6666667,355867005,0.060966587224500386,0.03187770699644055
58,2016,13680249,314020097,323049302,12368428.666666666,335417730.6666667,327700346,-0.023008278814980455,0.0435648836832249
58,2017,12431269,310254572,323049302,12368428.666666666,335417730.6666667,322685841,-0.037958308409520115,0.0400679639299562
58,2018,11975385,319323986,323049302,12368428.666666666,335417730.6666667,331299371,-0.012278300429977726,0.037502303381619445
58,2019,11043298,263212870,323049302,12368428.666666666,335417730.6666667,274256168,-0.1823444531244777,0.041955767588416175
58,2020,8070268,244887727,323049302,12368428.666666666,335417730.6666667,252957995,-0.24584191033304076,0.0329549712387179
58,2021,12098148,297474379,323049302,12368428.666666666,335417730.6666667,309572527,-0.0770537789260499,0.040669546199809024
59,2015,93394332,496780242,522210331.3333333,99677452.66666667,621887784,590174574,-0.0509950682678147,0.1879992884258066
59,2016,92728362,514788948,522210331.3333333,99677452.66666667,621887784,607517310,-0.023107824867645253,0.18012889041277552
59,2017,112909664,555061804,522210331.3333333,99677452.66666667,621887784,667971468,0.07410289313545995,0.2034181836803168
59,2018,113446028,664939214,522210331.3333333,99677452.66666667,621887784,778385242,0.25164903062318394,0.17061112596677144
59,2019,106161783,459658562,522210331.3333333,99677452.66666667,621887784,565820345,-0.09015684250842271,0.2309579148011171
59,2020,91495543,370690799,522210331.3333333,99677452.66666667,621887784,462186342,-0.25680105978733936,0.2468244241476304
59,2021,95278561,465636519,522210331.3333333,99677452.66666667,621887784,560915080,-0.09804454367606616,0.20462003539718068
60,2015,17160088,516187235,496673404.3333333,15607414.333333334,512280818.6666667,533347323,0.04112296140262274,0.03324392165567597
60,2016,15802288,503334536,496673404.3333333,15607414.333333334,512280818.6666667,519136824,0.01338329502786715,0.03139519915637182
60,2017,13859867,470498442,496673404.3333333,15607414.333333334,512280818.6666667,484358309,-0.05450625643049001,0.02945783824720933
60,2018,14462854,467356550,496673404.3333333,15607414.333333334,512280818.6666667,481819404,-0.05946233697749957,0.030946081744227187
60,2019,16187786,339196768,496673404.3333333,15607414.333333334,512280818.6666667,355384554,-0.3062700357882357,0.047723880435087164
60,2020,11114984,286052469,496673404.3333333,15607414.333333334,512280818.6666667,297167453,-0.4199129809828731,0.03885645189099906
60,2021,10254535,318583731,496673404.3333333,15607414.333333334,512280818.6666667,328838266,-0.3580898327290875,0.03218788030327889
61,2015,40293412,16930310577,15643365876.666666,39136357.666666664,15682502234.333334,16970603989,0.08213623919317257,0.0023799570490300992
61,2016,36046042,15115235559,15643365876.666666,39136357.666666664,15682502234.333334,15151281601,-0.03387346135174431,0.0023847489415100287
61,2017,41069619,14884551494,15643365876.666666,39136357.666666664,15682502234.333334,14925621113,-0.048262777841428385,0.002759211052919886
61,2018,63377226,15386553651,15643365876.666666,39136357.666666664,15682502234.333334,15449930877,-0.014829990384070913,0.004119000748155257
61,2019,83627798,14184120764,15643365876.666666,39136357.666666664,15682502234.333334,14267748562,-0.09021224108204155,0.005895874646826999
61,2020,53343449,9352063324,15643365876.666666,39136357.666666664,15682502234.333334,9405406773,-0.40026109147244604,0.005703922990245997
61,2021,59194085,13078430785,15643365876.666666,39136357.666666664,15682502234.333334,13137624870,-0.1622749562733614,0.004526084663604388
62,2015,28809635,15345831897,14345498310.333334,34627423.666666664,14380125734,15374641532,0.06915904745176131,0.0018773589593166387
62,2016,29896453,14181811105,14345498310.333334,34627423.666666664,14380125734,14211707558,-0.01171187089148994,0.0021080842763065415
62,2017,45176183,13508851929,14345498310.333334,34627423.666666664,14380125734,13554028112,-0.057447176560271374,0.0033441911449942283
62,2018,70145630,13441021436,14345498310.333334,34627423.666666664,14380125734,13511167066,-0.06042775175083876,0.005218772273669931
62,2019,42992246,12212582356,14345498310.333334,34627423.666666664,14380125734,12255574602,-0.14774218051353794,0.0035203239369663744
62,2020,60588822,10193305895,14345498310.333334,34627423.666666664,14380125734,10253894717,-0.2869398427611829,0.005943981532990186
62,2021,89742190,8924111707,14345498310.333334,34627423.666666664,14380125734,9013853897,-0.37317280365025773,0.010056148213564714
63,2015,23756194,8155487362,8184246132.666667,20906483,8205152615.666667,8179243556,-0.0031576572527361674,0.0029129091794919027
63,2016,20037997,7982041531,8184246132.666667,20906483,8205152615.666667,8002079528,-0.02474945892888396,0.0025103849588076015
63,2017,18925258,8415209505,8184246132.666667,20906483,8205152615.666667,8434134763,0.027907116181620013,0.0022489348588119315
63,2018,20551097,9031580790,8184246132.666667,20906483,8205152615.666667,9052131887,0.10322529159495909,0.0022754706488098634
63,2019,21850751,9484306649,8184246132.666667,20906483,8205152615.666667,9506157400,0.15855948637070252,0.0023038849131163303
63,2020,43846499,22256728366,8184246132.666667,20906483,8205152615.666667,22300574865,1.717874475901882,0.001970033433439442
63,2021,67085956,12073299559,8184246132.666667,20906483,8205152615.666667,12140385515,0.4796050827646423,0.00555655524590964
64,2015,81299898,17969252736,16059860848.333334,93312241,16153173089.333334,18050552634,0.11746172310377774,0.004524389477650452
64,2016,89867002,15372589744,16059860848.333334,93312241,16153173089.333334,15462456746,-0.042760412428778156,0.005845924694313497
64,2017,108769823,14837740065,16059860848.333334,93312241,16153173089.333334,14946509888,-0.07470131067499969,0.0073306192535729665
64,2018,150792186,14642337832,16059860848.333334,93312241,16153173089.333334,14793130018,-0.08419665064020342,0.010298368179325314
64,2019,269627339,14042804665,16059860848.333334,93312241,16153173089.333334,14312432004,-0.1139553866694376,0.01920039090709662
64,2020,175552270,9157629740,16059860848.333334,93312241,16153173089.333334,9333182010,-0.42220751561418485,0.01917005546022436
64,2021,130636046,12292908454,16059860848.333334,93312241,16153173089.333334,12423544500,-0.23089139011307785,0.01062694369593977
65,2015,4836815,1672796243,1617029135.3333333,4909305.666666667,1621938441,1677633058,0.03433830507504446,0.0028914549636515413
65,2016,4773861,1576472876,1617029135.3333333,4909305.666666667,1621938441,1581246737,-0.025088315913464436,0.0030281910159550376
65,2017,5117241,1601818287,1617029135.3333333,4909305.666666667,1621938441,1606935528,-0.009249989161580024,0.0031946451364242667
65,2018,5120634,1713107488,1617029135.3333333,4909305.666666667,1621938441,1718228122,0.05936703796269417,0.0029890908981888707
65,2019,5685284,1443701153,1617029135.3333333,4909305.666666667,1621938441,1449386437,-0.10638628423752859,0.003937992283365587
65,2020,5992467,1136446579,1617029135.3333333,4909305.666666667,1621938441,1142439046,-0.29563353508309875,0.005272986087276523
65,2021,4489874,1467909749,1617029135.3333333,4909305.666666667,1621938441,1472399623,-0.09219759161007517,0.0030586853197607585
66,2015,238498,567842908,580884288.6666666,357976.3333333333,581242265,568081406,-0.022642639382048378,4.200070065857017e-4
66,2016,407412,558493468,580884288.6666666,357976.3333333333,581242265,558900880,-0.03843730290329111,7.294839122451473e-4
66,2017,428019,616316490,580884288.6666666,357976.3333333333,581242265,616744509,0.061079942285339486,6.944792277097762e-4
66,2018,914663,617075874,580884288.6666666,357976.3333333333,581242265,617990537,0.06322367489914038,0.001482253704185492
66,2019,670664,633109535,580884288.6666666,357976.3333333333,581242265,633780199,0.0903890462955236,0.0010593174844539342
66,2020,666591,534697637,580884288.6666666,357976.3333333333,581242265,535364228,-0.07893100650552314,0.0012466690590592605
66,2021,386558,735767947,580884288.6666666,357976.3333333333,581242265,736154505,0.266519228432227,5.2538032076029e-4
67,2015,6190531,1672941148,1669084544.3333333,6850020.333333333,1675934564.6666667,1679131679,0.0019076605976971067,0.0037003877915255867
67,2016,7234381,1624216779,1669084544.3333333,6850020.333333333,1675934564.6666667,1631451160,-0.026542447184096492,0.0044540735531953275
67,2017,7125149,1710095706,1669084544.3333333,6850020.333333333,1675934564.6666667,1717220855,0.02463478658639924,0.0041665206075899
67,2018,9888116,1928392721,1669084544.3333333,6850020.333333333,1675934564.6666667,1938280837,0.1565373003602395,0.005127646403307493
67,2019,7682163,2130223846,1669084544.3333333,6850020.333333333,1675934564.6666667,2137906009,0.27565004867908827,0.003606270305547974
67,2020,7055274,1718843675,1669084544.3333333,6850020.333333333,1675934564.6666667,1725898949,0.029812849133087047,0.004104662979313695
67,2021,6678200,2646276025,1669084544.3333333,6850020.333333333,1675934564.6666667,2652954225,0.5829700520125358,0.002523621850823366
68,2015,227290620,1674584786,1886262992,245815449,2132078441,1901875406,-0.1079711846305377,0.13572953839077814
68,2016,244099708,1859546457,1886262992,245815449,2132078441,2103646165,-0.013335473711119431,0.131268410682143
68,2017,266056019,2124657733,1886262992,245815449,2132078441,2390713752,0.12130665834165714,0.12522300174171158
68,2018,236176251,2390359129,1886262992,245815449,2132078441,2626535380,0.23191310858529524,0.0988036685093439
68,2019,239950482,1203986133,1886262992,245815449,2132078441,1443936615,-0.32275633614926647,0.19929671565411625
68,2020,230367608,1026999271,1886262992,245815449,2132078441,1257366879,-0.41026237364406615,0.2243113646767136
68,2021,303904100,1332852919,1886262992,245815449,2132078441,1636757019,-0.2323185734984879,0.22801022953681208
69,2015,89625381,2680308813,2585085400,106410354,2691495754,2769934194,0.029143066595378325,0.03343845327273488
69,2016,109365513,2462731675,2585085400,106410354,2691495754,2572097188,-0.04436141718691339,0.04440821308720123
69,2017,120240168,2612215712,2585085400,106410354,2691495754,2732455880,0.015218350591535059,0.04602995359366401
69,2018,148208566,2955891405,2585085400,106410354,2691495754,3104099971,0.15329922641966018,0.05014005783477015
69,2019,180434319,2743398641,2585085400,106410354,2691495754,2923832960,0.08632270946543726,0.06577036100529292
69,2020,174382146,2090952466,2585085400,106410354,2691495754,2265334612,-0.15833617473356787,0.08339842671488067
69,2021,222956599,2935268348,2585085400,106410354,2691495754,3158224947,0.17340885353668664,0.07595782482781026
70,2015,342682621,3067680902,3116700432.6666665,369342810,3486043242.6666665,3410363523,-0.02170934621246262,0.11170738807174671
70,2016,341049172,3057266909,3116700432.6666665,369342810,3486043242.6666665,3398316081,-0.02516525342914541,0.11155361378361094
70,2017,424296637,3225153487,3116700432.6666665,369342810,3486043242.6666665,3649450124,0.046874599641608165,0.13155858743165608
70,2018,446709116,3682540114,3116700432.6666665,369342810,3486043242.6666665,4129249230,0.1845088952027198,0.12130461642542205
70,2019,358434462,3025118990,3116700432.6666665,369342810,3486043242.6666665,3383553452,-0.0294000342314361,0.11848607052643573
70,2020,388955734,2557410429,3116700432.6666665,369342810,3486043242.6666665,2946366163,-0.1548107817658159,0.152089680087873
70,2021,482887904,3379434867,3116700432.6666665,369342810,3486043242.6666665,3862322771,0.10793885851097376,0.14289013489071042
71,2015,628664875,3325262030,3112958839.3333335,800610164,3913569003.3333335,3953926905,0.010312301030668469,0.18905724400912852
71,2016,593982468,3056423794,3112958839.3333335,800610164,3913569003.3333335,3650406262,-0.06724366968084322,0.19433904066773536
71,2017,1179183149,2957190694,3112958839.3333335,800610164,3913569003.3333335,4136373843,0.056931368650174626,0.39875113613488194
71,2018,1658092267,3137377457,3112958839.3333335,800610164,3913569003.3333335,4795469724,0.22534436467467894,0.5284962647068577
71,2019,1179625828,2704622031,3112958839.3333335,800610164,3913569003.3333335,3884247859,-0.0074921751241282765,0.43615182250210693
71,2020,2873147177,1320894751,3112958839.3333335,800610164,3913569003.3333335,4194041928,0.07166678917064634,2.1751522404225225
71,2021,3519966465,1943567477,3112958839.3333335,800610164,3913569003.3333335,5463533942,0.3960489612797176,1.811085288601997
72,2015,895978050,2012113825,1125322941,941824565.3333334,2067147506.3333333,2908091875,0.40681391438694076,0.4452919307385605
72,2016,861656330,682438570,1125322941,941824565.3333334,2067147506.3333333,1544094900,-0.2530310994889349,1.2626137617045883
72,2017,1067839316,681416428,1125322941,941824565.3333334,2067147506.3333333,1749255744,-0.1537828148980058,1.567087719229452
72,2018,557874959,697393169,1125322941,941824565.3333334,2067147506.3333333,1255268128,-0.3927534807486619,0.7999432512365202
72,2019,258977167,536866314,1125322941,941824565.3333334,2067147506.3333333,795843481,-0.6150040195188334,0.4823866952471896
72,2020,443665609,340912683,1125322941,941824565.3333334,2067147506.3333333,784578292,-0.6204536494874185,1.30140540708484
72,2021,341171680,599922796,1125322941,941824565.3333334,2067147506.3333333,941094476,-0.5447376284872406,0.5686926422445864
73,2015,765135023,11352886045,11726885767.666666,710685780.3333334,12437571548,12118021068,-0.025692353106614666,0.06739564018939291
73,2016,658504864,11346991599,11726885767.666666,710685780.3333334,12437571548,12005496463,-0.03473950548404917,0.058033431879691656
73,2017,708417454,12480779659,11726885767.666666,710685780.3333334,12437571548,13189197113,0.06043185859066384,0.05676067307935798
73,2018,723703836,14185257279,11726885767.666666,710685780.3333334,12437571548,14908961115,0.19870354574140375,0.05101802679824345
73,2019,598526773,11894238169,11726885767.666666,710685780.3333334,12437571548,12492764942,0.0044376342911470745,0.050320732147431074
73,2020,579997874,11577858873,11726885767.666666,710685780.3333334,12437571548,12157856747,-0.022489502868024026,0.050095434774436294
73,2021,719354468,15399300317,11726885767.666666,710685780.3333334,12437571548,16118654785,0.29596478884914873,0.046713451468043087
74,2015,1836924155,554554382,544767023.3333334,1823578696.6666667,2368345720,2391478537,0.009767500075960193,3.3124328553227445
74,2016,1697605027,522557341,544767023.3333334,1823578696.6666667,2368345720,2220162368,-0.06256829429446643,3.2486483181948067
74,2017,1936206908,557189347,544767023.3333334,1823578696.6666667,2368345720,2493396255,0.05280079421850624,3.4749532065263984
74,2018,1570765508,653655705,544767023.3333334,1823578696.6666667,2368345720,2224421213,-0.06077005809776792,2.4030471943941802
74,2019,545340551,495307573,544767023.3333334,1823578696.6666667,2368345720,1040648124,-0.5606012605288049,1.1010139572406659
74,2020,649254494,395145312,544767023.3333334,1823578696.6666667,2368345720,1044399806,-0.5590171666322432,1.6430778103220924
74,2021,1602490589,587532184,544767023.3333334,1823578696.6666667,2368345720,2190022773,-0.07529430584990776,2.727494140133777
75,2015,232272328,44822722,46047424,220426292,266473716,277095050,0.039858842963709035,5.1820219218279515
75,2016,199221939,39065230,46047424,220426292,266473716,238287169,-0.10577608712448022,5.0997252288032096
75,2017,229784609,54254320,46047424,220426292,266473716,284038929,0.06591724416077119,4.235323730902903
75,2018,274796746,67497448,46047424,220426292,266473716,342294194,0.2845326703816447,4.071216825856883
75,2019,316568055,40452289,46047424,220426292,266473716,357020344,0.3397957192896278,7.825714263042074
75,2020,287206828,31753035,46047424,220426292,266473716,318959863,0.19696556864167422,9.045019728035445
75,2021,401315486,27117747,46047424,220426292,266473716,428433233,0.6077879628473376,14.798998087857372
76,2015,1640726245,3133644642,3245296141.3333335,1463870538.3333333,4709166679.666667,4774370887,0.013846230505043074,0.5235840155611365
76,2016,1239334093,3060698857,3245296141.3333335,1463870538.3333333,4709166679.666667,4300032950,-0.0868802821172656,0.4049186642996809
76,2017,1511551277,3541544925,3245296141.3333335,1463870538.3333333,4709166679.666667,5053096202,0.07303405161222233,0.4268056198665897
76,2018,1009734242,2998424634,3245296141.3333335,1463870538.3333333,4709166679.666667,4008158876,-0.1488602658074288,0.33675491808276015
76,2019,675286526,2500059622,3245296141.3333335,1463870538.3333333,4709166679.666667,3175346148,-0.3257095439601719,0.27010816864430764
76,2020,405228665,2540644958,3245296141.3333335,1463870538.3333333,4709166679.666667,2945873623,-0.37443844667470544,0.15949834459317633
76,2021,230857300,3660743107,3245296141.3333335,1463870538.3333333,4709166679.666667,3891600407,-0.17361166598684452,0.06306296105797735
78,2015,3133730,6423720,5652592,2825593,8478185,9557450,0.1272990622403262,0.48783726563424307
78,2016,2875045,5860165,5652592,2825593,8478185,8735210,0.03031604052046517,0.49060819959847546
78,2017,2468004,4673891,5652592,2825593,8478185,7141895,-0.15761510276079138,0.528040555502899
78,2018,81387653,5034977,5652592,2825593,8478185,86422630,9.193529629277965,16.1644537800272
78,2019,4686768,8347213,5652592,2825593,8478185,13033981,0.53735510607518,0.5614769863905473
78,2020,1053416,12100089,5652592,2825593,8478185,13153505,0.5514529347967755,0.08705853320583014
78,2021,1344801,58219877,5652592,2825593,8478185,59564678,6.0256402756014404,0.02309865752550456
79,2015,58120559,120285568,129031747,60678756.333333336,189710503.33333334,178406127,-0.05958750904514148,0.48318813276086453
79,2016,71580201,124825015,129031747,60678756.333333336,189710503.33333334,196405216,0.03528909864786782,0.5734443612924861
79,2017,52335509,141984658,129031747,60678756.333333336,189710503.33333334,194320167,0.024298410397273505,0.3685997468825118
79,2018,37040162,141919256,129031747,60678756.333333336,189710503.33333334,178959418,-0.05667100737402508,0.2609946179537469
79,2019,32051349,136199832,129031747,60678756.333333336,189710503.33333334,168251181,-0.11311615306627466,0.23532590700992936
79,2020,24437374,115235578,129031747,60678756.333333336,189710503.33333334,139672952,-0.2637574117096416,0.2120644893194357
79,2021,21696688,147695348,129031747,60678756.333333336,189710503.33333334,169392036,-0.10710249024869493,0.14690163430198222
80,2015,3928046,49036356,34793007,5994271.333333333,40787278.333333336,52964402,0.2985520035720287,0.08010476961216287
80,2016,7103653,23723567,34793007,5994271.333333333,40787278.333333336,30827220,-0.24419521822306772,0.2994344400232899
80,2017,6951115,31619098,34793007,5994271.333333333,40787278.333333336,38570213,-0.05435678534896119,0.21983913013584386
80,2018,7774857,52283308,34793007,5994271.333333333,40787278.333333336,60058165,0.47247297329269367,0.1487062945596327
80,2019,6443006,50235494,34793007,5994271.333333333,40787278.333333336,56678500,0.3896122103758904,0.12825604939806107
80,2020,7550707,18966930,34793007,5994271.333333333,40787278.333333336,26517637,-0.34985519790545805,0.39809853255112976
80,2021,10245798,78399082,34793007,5994271.333333333,40787278.333333336,88644880,1.1733462888980046,0.13068772922621721
81,2015,164694658,493635129,429213202,147472327.33333334,576685529.3333334,658329787,0.1415750066783364,0.3336364215683686
81,2016,134385311,351489858,429213202,147472327.33333334,576685529.3333334,485875169,-0.15746946249598634,0.38233055077225014
81,2017,143337013,442514619,429213202,147472327.33333334,576685529.3333334,585851632,0.015894455817649752,0.32391475184235663
81,2018,174320741,600739549,429213202,147472327.33333334,576685529.3333334,775060290,0.3439912232512477,0.2901769016043257
81,2019,220096879,490230266,429213202,147472327.33333334,576685529.3333334,710327145,0.23174088626978476,0.44896632106349793
81,2020,212494901,365105179,429213202,147472327.33333334,576685529.3333334,577600080,0.0015858741378925812,0.5820100979723435
81,2021,239300889,421980128,429213202,147472327.33333334,576685529.3333334,661281017,0.14669257916782075,0.5670904223243423
82,2015,192681325,3828221144,3762867598.6666665,186102253.66666666,3948969852.3333335,4020902469,0.018215539585384168,0.05033181672432662
82,2016,179896407,3613016853,3762867598.6666665,186102253.66666666,3948969852.3333335,3792913260,-0.03951830430944519,0.04979118955690075
82,2017,185729029,3847364799,3762867598.6666665,186102253.66666666,3948969852.3333335,4033093828,0.021302764724060896,0.0482743484704841
82,2018,194012540,4474124937,3762867598.6666665,186102253.66666666,3948969852.3333335,4668137477,0.18211524816826113,0.043363236997599294
82,2019,176216280,4046155342,3762867598.6666665,186102253.66666666,3948969852.3333335,4222371622,0.06923369382147124,0.04355153599043405
82,2020,144296452,4016679072,3762867598.6666665,186102253.66666666,3948969852.3333335,4160975524,0.05368632316638184,0.03592431693283162
82,2021,180522167,4429910283,3762867598.6666665,186102253.66666666,3948969852.3333335,4610432450,0.16750256963238835,0.04075075012077846
83,2015,167896608,5065408970,5114688822.333333,181285300.66666666,5295974123,5233305578,-0.011833242297736205,0.03314571616909345
83,2016,187407794,5013995802,5114688822.333333,181285300.66666666,5295974123,5201403596,-0.017857059872949083,0.03737693476433429
83,2017,188551500,5264661695,5114688822.333333,181285300.66666666,5295974123,5453213195,0.029690302170685284,0.03581455199278479
83,2018,189072559,6019863952,5114688822.333333,181285300.66666666,5295974123,6208936511,0.17238800016697137,0.03140811162969618
83,2019,195197927,5512968979,5114688822.333333,181285300.66666666,5295974123,5708166906,0.07783134385228188,0.035407042510768316
83,2020,182118100,5163269640,5114688822.333333,181285300.66666666,5295974123,5345387740,0.009330411337434702,0.03527185537418495
83,2021,212791823,6442033094,5114688822.333333,181285300.66666666,5295974123,6654824917,0.2565818416858605,0.033031780479083644
84,2015,12248131308,107032107525,106429138581,12176046464,118605185045,119280238833,0.005691604357295829,0.11443417859579329
84,2016,11387270459,100047876202,106429138581,12176046464,118605185045,111435146661,-0.06045299268560321,0.1138182127525498
84,2017,12892737625,112207432016,106429138581,12176046464,118605185045,125100169641,0.05476138832830738,0.11490092405966108
84,2018,14199748222,119566688800,106429138581,12176046464,118605185045,133766437022,0.12782958832067645,0.11876006908372293
84,2019,12771946385,94616690227,106429138581,12176046464,118605185045,107388636612,-0.09457047285701994,0.1349861885292979
84,2020,13809286565,100437549028,106429138581,12176046464,118605185045,114246835593,-0.036746702518497806,0.13749127391738963
84,2021,16728715438,115635822543,106429138581,12176046464,118605185045,132364537981,0.11600970843542432,0.14466724125890407
85,2015,12760674037,136006203900,139237499153,12422985626.333334,151660484779.33334,148766877937,-0.01907950410776778,0.09382420559566843
85,2016,12378442041,131696596195,139237499153,12422985626.333334,151660484779.33334,144075038236,-0.05001597188859182,0.09399211823722108
85,2017,12129840801,150009697364,139237499153,12422985626.333334,151660484779.33334,162139538165,0.0690954759963594,0.08086037778988929
85,2018,12879899567,155951060194,139237499153,12422985626.333334,151660484779.33334,168830959761,0.11321653762777939,0.08258936842736217
85,2019,14428079687,128714774073,139237499153,12422985626.333334,151660484779.33334,143142853760,-0.056162493689285865,0.11209342354761218
85,2020,17043664603,114462936371,139237499153,12422985626.333334,151660484779.33334,131506600974,-0.13288816684621133,0.1489011652449459
85,2021,19356989300,135123701673,139237499153,12422985626.333334,151660484779.33334,154480690973,0.01859552406000857,0.14325384118653
86,2015,66445934,1139045370,809403162,56281191,865684353,1205491304,0.3925298520441203,0.05833475623539034
86,2016,62985538,683758535,809403162,56281191,865684353,746744073,-0.13739451289354654,0.09211663880729475
86,2017,39412101,605405581,809403162,56281191,865684353,644817682,-0.25513533915057374,0.06510032651978476
86,2018,38686744,833688448,809403162,56281191,865684353,872375192,0.007728959148693312,0.046404318175223176
86,2019,41076455,669779284,809403162,56281191,865684353,710855739,-0.17885111757356667,0.06132834499551348
86,2020,19197610,459861966,809403162,56281191,865684353,479059576,-0.4466117189945329,0.04174646180675877
86,2021,57596374,963285714,809403162,56281191,865684353,1020882088,0.17927750970913067,0.05979157913682087
87,2015,10868228935,13895361257,14584483944.666666,11599110965.666666,26183594910.333332,24763590192,-0.05423261103741444,0.7821479941390487
87,2016,11066438487,14318414455,14584483944.666666,11599110965.666666,26183594910.333332,25384852942,-0.030505435600751266,0.7728815590427047
87,2017,12862665475,15539676122,14584483944.666666,11599110965.666666,26183594910.333332,28402341597,0.08473804663816585,0.8277306022350058
87,2018,9381113574,18726225533,14584483944.666666,11599110965.666666,26183594910.333332,28107339107,0.07347135499363626,0.5009612619194551
87,2019,9134514793,14907330216,14584483944.666666,11599110965.666666,26183594910.333332,24041845009,-0.081797396754259,0.6127532335197048
87,2020,8191461497,13633280428,14584483944.666666,11599110965.666666,26183594910.333332,21824741925,-0.16647267116148037,0.6008430282249895
87,2021,8481690005,17348304284,14584483944.666666,11599110965.666666,26183594910.333332,25829994289,-0.013504662844970303,0.4889059971597625
88,2015,15440943511,497445279,497260365.6666667,15428160103,15925420468.666666,15938388790,8.143157889519588e-4,31.04048658787251
88,2016,14577967440,476651839,497260365.6666667,15428160103,15925420468.666666,15054619279,-0.05467994966788922,30.58409985490479
88,2017,16265569358,517683979,497260365.6666667,15428160103,15925420468.666666,16783253337,0.05386563387893738,31.419881661047114
88,2018,18221912448,558401098,497260365.6666667,15428160103,15925420468.666666,18780313546,0.1792664176716934,32.632300533191284
88,2019,10459963660,567495939,497260365.6666667,15428160103,15925420468.666666,11027459599,-0.3075561414094796,18.431785923317417
88,2020,4399225916,259334009,497260365.6666667,15428160103,15925420468.666666,4658559925,-0.7074764880358584,16.96355188030892
88,2021,4717192311,217985623,497260365.6666667,15428160103,15925420468.666666,4935177934,-0.6901068989851801,21.639923982509618
89,2015,23849141,126626374,150303709.33333334,25977517,176281226.33333334,150475515,-0.14638944753275576,0.1883426038875598
89,2016,28852163,178525797,150303709.33333334,25977517,176281226.33333334,207377960,0.17640411468357545,0.16161341097387735
89,2017,25231247,145758957,150303709.33333334,25977517,176281226.33333334,170990204,-0.030014667150819872,0.17310254902551203
89,2018,21578974,152969158,150303709.33333334,25977517,176281226.33333334,174548132,-0.009831417499082994,0.14106748237445355
89,2019,12843234,175186346,150303709.33333334,25977517,176281226.33333334,188029580,0.06664551813618248,0.07331184360680712
89,2020,10693581,153332142,150303709.33333334,25977517,176281226.33333334,164025723,-0.06952245334485699,0.06974128751165558
89,2021,26997256,178180543,150303709.33333334,25977517,176281226.33333334,205177799,0.16392314296716776,0.1515162965913736
90,2015,7922584119,11401514823,11779214348.666666,8336000667,20115215015.666668,19324098942,-0.03932923774617919,0.6948711852760093
90,2016,8267046224,11589670793,11779214348.666666,8336000667,20115215015.666668,19856717017,-0.012850869278073222,0.7133115661053272
90,2017,8818371658,12346457430,11779214348.666666,8336000667,20115215015.666668,21164829088,0.05218010702425222,0.7142430699653739
90,2018,9788078231,13040020292,11779214348.666666,8336000667,20115215015.666668,22828098523,0.13486723881501697,0.7506183281789022
90,2019,9753721930,11638777087,11779214348.666666,8336000667,20115215015.666668,21392499017,0.063498401599909507,0.838036664598936
90,2020,9506850220,12631597213,11779214348.666666,8336000667,20115215015.666668,22138447433,0.100582191925741,0.7526245540996099
90,2021,10754262111,14107908433,11779214348.666666,8336000667,20115215015.666668,24862170544,0.23598830659459427,0.7622860725296855
91,2015,21262955,1226010046,965289794.3333334,16100731.333333334,981390525.6666666,1247273001,0.2709242328916078,0.017343214331214378
91,2016,15504365,864745037,965289794.3333334,16100731.333333334,981390525.6666666,880249402,-0.10305899743423814,0.017929406167843668
91,2017,11534874,805114300,965289794.3333334,16100731.333333334,981390525.6666666,816649174,-0.1678652354573695,0.014327001768568761
91,2018,12476335,691606607,965289794.3333334,16100731.333333334,981390525.6666666,704082942,-0.282565988171008,0.018039641139518496
91,2019,8322035,613430716,965289794.3333334,16100731.333333334,981390525.6666666,621752751,-0.36645735337862745,0.01356638130914853
91,2020,7866978,468661182,965289794.3333334,16100731.333333334,981390525.6666666,476528160,-0.5144357444491422,0.016786066997116905
91,2021,13444074,612662780,965289794.3333334,16100731.333333334,981390525.6666666,626106854,-0.36202068633719436,0.021943676748243136
92,2015,22692683,557311992,559197802,26938774.666666668,586136576.6666666,580004675,-0.010461557784942354,0.04071809565511736
92,2016,23109041,555439554,559197802,26938774.666666668,586136576.6666666,578548595,-0.012945756959613664,0.041604961032357446
92,2017,35014600,564841860,559197802,26938774.666666668,586136576.6666666,599856460,0.02340731474455622,0.06199009400613474
92,2018,32885237,599472250,559197802,26938774.666666668,586136576.6666666,632357487,0.078856894746595907,0.054856979618322615
92,2019,29154012,632485867,559197802,26938774.666666668,586136576.6666666,661639879,0.12881520338266106,0.04609432956705102
92,2020,24869031,547229507,559197802,26938774.666666668,586136576.6666666,572098538,-0.02395011542616969,0.045445339993334825
92,2021,42369570,664770752,559197802,26938774.666666668,586136576.6666666,707140322,0.2064429181701583,0.06373561091929628
93,2015,1592503,193596646,168553495,1176497.6666666667,169729992.66666666,195189149,0.14999798169633266,0.008225881144655781
93,2016,346244,159390447,168553495,1176497.6666666667,169729992.66666666,159736691,-0.058877641539127015,0.00217230082804147
93,2017,1590746,152673392,168553495,1176497.6666666667,169729992.66666666,154264138,-0.09112034015720548,0.010419274630382221
93,2018,934007,160208155,168553495,1176497.6666666667,169729992.66666666,161142162,-0.05059701312503046,0.005829959155325146
93,2019,952503,144180398,168553495,1176497.6666666667,169729992.66666666,145132901,-0.14491894614626522,0.006606327997513226
93,2020,1096413,195590878,168553495,1176497.6666666667,169729992.66666666,196687291,0.15882460082511685,0.005605644860390677
93,2021,1770530,329733257,168553495,1176497.6666666667,169729992.66666666,331503787,0.9531243817999892,0.005369582723043311
94,2015,314639121,30844956486,32447200480.666668,294043937.3333333,32741244418,31159595607,-0.048307535010198466,0.010200666716544383
94,2016,286389581,31664815018,32447200480.666668,294043937.3333333,32741244418,31951204599,-0.024129804258926198,0.009044410360117392
94,2017,281103110,34831829938,32447200480.666668,294043937.3333333,32741244418,35112933048,0.07243733926912466,0.008070294052892375
94,2018,291027820,38064192580,32447200480.666668,294043937.3333333,32741244418,38355220400,0.17146495442652238,0.007645711107318068
94,2019,227107118,29180346153,32447200480.666668,294043937.3333333,32741244418,29407453271,-0.1018223713319582,0.0077828795042121654
94,2020,162993286,25304234954,32447200480.666668,294043937.3333333,32741244418,25467228240,-0.22216675961164745,0.006441344158252634
94,2021,169721881,31446804124,32447200480.666668,294043937.3333333,32741244418,31616526005,-0.03435173076016832,0.005397110635814001
95,2015,160206404,25765227509,25804714777,177541049.33333334,25982255826.333332,25925433913,-0.0021869507294952567,0.006217930889375559
95,2016,182011147,24925104170,25804714777,177541049.33333334,25982255826.333332,25107115317,-0.03368223741551981,0.007302322419942769
95,2017,190405597,26723812652,25804714777,177541049.33333334,25982255826.333332,26914218249,0.03586918814501521,0.0071249413202928635
95,2018,195538230,27925686610,25804714777,177541049.33333334,25982255826.333332,28121224840,0.08232422265270735,0.007002092114361087
95,2019,200136554,26782858712,25804714777,177541049.33333334,25982255826.333332,26982995266,0.038516264575164653,0.007472561318121328
95,2020,129954185,27845613734,25804714777,177541049.33333334,25982255826.333332,27975567919,0.07671820745627568,0.004666953518834587
95,2021,111708437,40420476130,25804714777,177541049.33333334,25982255826.333332,40532184567,0.5599948225403946,0.002763659602641103
96,2015,54778354,3189747366,3297899461.6666665,68334761,3366234222.6666665,3244525720,-0.036155684547182626,0.017173257852296005
96,2016,81392996,3462420140,3297899461.6666665,68334761,3366234222.6666665,3543813136,0.052752987934588484,0.023507544638993464
96,2017,68832933,3241530879,3297899461.6666665,68334761,3366234222.6666665,3310363812,-0.016597303387405716,0.021234699149691488
96,2018,72262705,3579077980,3297899461.6666665,68334761,3366234222.6666665,3651340685,0.08469596690971717,0.020190313092870917
96,2019,62275310,3625527628,3297899461.6666665,68334761,3366234222.6666665,3687802938,0.09552773041401524,0.017176895721066066
96,2020,67475504,3442686885,3297899461.6666665,68334761,3366234222.6666665,3510162389,0.04275643250377163,0.019599663360032812
96,2021,77894103,4204912636,3297899461.6666665,68334761,3366234222.6666665,4282806739,0.27228423683698466,0.018524547295731258
97,2015,101272167,407537757,341578610,92571567.33333333,434150177.3333333,508809924,0.17196755999328814,0.24849763061340105
97,2016,83671628,332110071,341578610,92571567.33333333,434150177.3333333,415781699,-0.04230904256715367,0.2519394481114666
97,2017,92770907,285088002,341578610,92571567.33333333,434150177.3333333,377858909,-0.12965851742613435,0.325411474173508
97,2018,109557547,290374550,341578610,92571567.33333333,434150177.3333333,399932097,-0.07881623023514565,0.3772973457901183
97,2019,189283364,325060714,341578610,92571567.33333333,434150177.3333333,514344078,0.18471465601888984,0.582301569669228
97,2020,94981775,134775323,341578610,92571567.33333333,434150177.3333333,229757098,-0.4707888882800195,0.7047415868556294
97,2021,187240807,148409004,341578610,92571567.33333333,434150177.3333333,335649811,-0.226880861683275,1.2616539559823472
99,2015,955116162,5604894903,5784194392.333333,1050236817.3333334,6834431209.666667,6560011065,-0.040152594451243466,0.1704075060334811
99,2016,1023233179,5503785713,5784194392.333333,1050236817.3333334,6834431209.666667,6527018892,-0.04497994174436358,0.1859144291506685
99,2017,1172361111,6243902561,5784194392.333333,1050236817.3333334,6834431209.666667,7416263672,0.0851325361956069,0.18776095551565414
99,2018,1140057334,7038292938,5784194392.333333,1050236817.3333334,6834431209.666667,8178350272,0.1966394892427163,0.16197923900620687
99,2019,1153516479,8590536544,5784194392.333333,1050236817.3333334,6834431209.666667,9744053023,0.4257299143223424,0.1342775824410718
99,2020,1211565198,9802363515,5784194392.333333,1050236817.3333334,6834431209.666667,11013928713,0.6115355287242957,0.12359929277729913
99,2021,1339142449,9951382100,5784194392.333333,1050236817.3333334,6834431209.666667,11290524549,0.6520064658827209,0.13456848863234785
