hs_code,best_avlbl
020442,20.352541745962
030239,20
030274,30
030451,32.5
030461,44.5
030771,28.5
051110,20
071120,30.333333333333332
071290,45.25994568447909
080131,10
090961,16.5
100610,21
190420,37.75
190510,27.5
200710,57
230650,20.324991310390004
250700,45
250810,45
251620,46.5
251741,41.5
262021,20
270112,10
271012,25.0223919116034
282690,31.1
284161,25
284210,47.349999999999994
284444,20
290514,36
291040,22.40000000000001
292011,20
292113,20
292229,33.75166666666667
293213,48.69999999999999
293311,16.25
293329,31.9875
293392,45
293919,10
300341,10
300450,10
330130,27.5
382484,51.75
382569,20
382769,39.19999999999999
390810,41.15
392111,50.30000000000001
392610,25.30000000000001
400510,45
400591,45
401110,63.45
401490,22.09999999999999
410150,23.41428571428572
411330,45
480591,43.1
482090,45
482290,45
540339,54
540710,52.099999999999994
540741,57.099999999999994
551012,55.599999999999994
551090,55.93333333333333
560749,50.575
581099,49.5
600690,48
610290,27.049999999999997
610899,29.133333333333336
620892,43
621020,28.725
630130,35.400000000000006
680210,49.80000000000001
680300,45.400000000000006
701120,43.79999999999999
711510,49
720150,20
740729,63.36
741011,66.64
761300,69.47
780411,47.19999999999999
841840,50.4
842790,44.35
843351,49.35
843680,44.5
843780,45
845180,36
845310,27.5
845620,41.2
845910,44.30000000000001
848590,41.55
848620,33.5
851981,28.1
854419,52.8
854420,50.30000000000001
854442,47.76666666666667
854913,20
870422,62
902750,38.56666666666666
903039,45
930621,27.5
940389,43.5
950670,25.30333333333333
970199,17.5
010229,20.12744048729
010513,20.382419827909985
020751,20.883897490560003
021092,22.30000000000001
030439,45
030441,28.5
030489,35.25
030497,26
030636,32.5
030695,34.5
030821,31
071239,46.166666666666664
081060,12.199999999999989
120730,20
150190,22
200310,56
200819,46.37282294444289
240419,40.71596095791333
251520,47
262091,20
270300,10
270600,35
271220,17.5
271290,33
271312,32
280480,35
281212,23.69999999999999
282010,39.7
282731,36.5
290312,48.69999999999999
291242,25.5
291524,48.5
291631,48.875
291818,22.170000000000016
292690,37.005625
293333,10
293339,14.763636363636364
321000,38.80000000000001
340239,47.599999999999994
350610,49.015
360320,30.5
391620,48.30000000000001
391910,43.400000000000006
420232,53.35
440311,36.5
481200,44
481850,44.5
520932,51.900000000000006
540772,56.900000000000006
540823,37.125
550911,54.400000000000006
551632,60.25
610432,42.400000000000006
610469,38.2
610722,43.5
611130,54.64
611300,31.950000000000003
630419,32.120000000000005
650100,47.666666666666664
670300,26.75
670411,27.5
690220,38.75
691410,48.75
720441,30
720915,83.5
721050,77
722410,91
790120,15.5
820590,43.25
821191,51.32714285714285
842430,45
842691,53
842919,49.35
844513,27.5
845110,39
846261,48.150000000000006
846729,31.85
847329,44.5
851989,24.666666666666668
853620,47.69999999999999
871410,30.03
901600,48.366666666666674
903120,46.19999999999999
910119,27.333333333333332
920600,29.90000000000001
940340,46.5
940539,52.5
020311,20
020443,20.202104234806495
020860,26.40000000000001
030369,20
030564,32.75
050610,20
070200,11.666666666666666
070511,31.203287588099997
070930,20.787689931559996
071090,55.95
080510,34
080522,21
080590,12.300000000000011
090220,20.700000000000003
151419,33.900000000000006
160553,45
190532,27.5
200870,51.25
200912,22.75
200941,24.5
210111,21.25
230250,46.400000000000006
252800,36.5
261000,10
271114,23.5
282911,41.5
283640,46.60000000000001
283911,46.099999999999994
284019,45.099999999999994
284180,20.5
290389,29.25625
290392,15.25
290549,42.44
290713,25.5
291521,25.30000000000001
291616,48.849999999999994
292241,12.85
293141,48.849999999999994
293294,26.5
293369,30.65666666666667
293371,51.5
293520,26.5
293690,10
310420,35
310590,35
340111,40
382440,48.833333333333336
382712,23.69999999999999
392490,26.800000000000004
400941,47.5
410210,20.666666666666668
410320,21.666666666666668
420330,46.19999999999999
430211,34.599999999999994
440349,10
440719,45
441821,49.80000000000001
441882,23.19999999999999
470319,20
480258,33.25
481092,41.875
520623,54.19999999999999
520631,54.19999999999999
520634,54.19999999999999
520939,52.900000000000006
540248,53
540310,54.55
540774,47.400000000000006
550210,52.5
551442,39.900000000000006
551631,60.900000000000006
560122,49.80000000000001
560721,45
590190,47.3
610821,34.599999999999994
611599,33.975
620290,28.90000000000001
621111,40.26666666666667
621600,34.220000000000006
630229,31.5
630539,33.400000000000006
650691,43.5
681519,45
691390,29
701919,39.53333333333333
701963,37.13333333333333
710811,10
721912,71.5
722100,72.5
730419,57.69
731829,67.27000000000002
740100,10
741533,67.10333333333334
750300,10
761290,63.57
800120,10
810921,24.19999999999999
820713,48.599999999999994
820810,43.5
821591,49.93666666666667
830990,63.06999999999999
841690,44
843241,44.5
843699,34
844331,27.5
845229,34
846211,49.400000000000006
846233,49.400000000000006
846890,43.45
850519,48.900000000000006
851420,50.63333333333333
851679,22.69999999999999
852791,23.75
854151,35
854290,33
860799,47.715
870191,48.43
870340,46.5
890110,45
900699,30.90000000000001
900720,38.475
901420,33
901839,20
902131,20
902720,39.25
903141,45
920290,30.59999999999999
940569,50.666666666666664
950510,21.25
950790,30.861999999999995
010231,20
020210,23.700000000000003
020410,20.12687228864999
030191,20
030520,30
030549,38.25
030554,45
030799,45
070810,45.558098767904994
080910,20.057121096724984
081020,20.051952823389996
081190,31.74769401411636
081290,38.78377709421667
091012,17.692440113279986
100191,22.80000000000001
110220,45.11435029728
150810,28.5
151090,20.653373028983328
151110,27.5
160556,45.333333333333336
252530,20
252910,20
271320,35
281390,17.899999999999995
282300,40
282759,41.8
285290,34
290290,37.833333333333336
290349,24.69
290420,43.59375
290544,32.400000000000006
291732,51.5
291823,35.125
292142,39.72636363636364
292146,10
293321,41.25
293969,10
300214,10
300443,20
320641,46
330710,47.58
340119,21
340241,49
370110,32.7
370239,44.69999999999999
382100,25
382313,27.19999999999999
390130,46.150000000000006
390931,51.5
391721,43.55000000000001
420229,51.85000000000001
440726,10
441011,34
441879,47.69999999999999
510521,47.5
521212,52.150000000000006
551011,54
551120,52.5
551441,46.400000000000006
551621,58.900000000000006
580620,51.5
580900,59.400000000000006
591120,37.76666666666667
610130,40.599999999999994
610461,42.400000000000006
620459,37.325
631090,27.5
681099,39.5
681291,26.65000000000001
700600,47.03333333333334
701810,46
721020,85
721070,89.75
721891,73
722720,63.5
730423,66.69
741129,68.34
760310,50
810297,20
810320,13.5
820600,53
830890,46.7
842911,49.35
843629,45
845931,43.19999999999999
851310,28
851890,44.75
853290,39
853310,45
870322,47.5
870452,60
870520,23.69
890800,20
900219,45
901090,41.95
901710,45.2
901831,29
940620,38.760000000000005
030256,21.5
030447,20
040510,34.75
050210,20.045293240095987
071021,44.62400480286999
071030,59
080292,13.918765628956509
090190,13.865387398115004
160540,45
190540,27.5
251512,46
260800,10
261610,10.511460280039998
262019,20.026103602297
290542,48.69999999999999
290621,48
291440,45.93
291736,41
292221,35.725
293292,51.5
293359,14.174615384615386
293391,10
330520,45
340520,45.93
381239,48.6
381511,24
382768,48.69999999999999
390461,39.9
390610,47.80000000000001
392079,48.33333333333332
400110,10
401610,44.5
470630,45
480524,30.166666666666668
520633,54.19999999999999
530820,45
540751,54.400000000000006
551641,51.900000000000006
560410,49.30000000000001
570190,41.75
580136,36.80000000000001
610831,36
620341,38.650000000000006
700231,45
701333,36.7
730621,67.27333333333333
731590,67.87000000000002
740931,67.37333333333333
740939,59.04
750210,35
810931,45
830300,44.30000000000001
840120,47.599999999999994
841430,52.925
841510,49.71666666666667
841610,27
841830,50.4
842542,49.35
843610,45
844130,44
845899,49.3
846031,49.400000000000006
846225,47.900000000000006
846310,29.90000000000001
847981,45
850213,47
850239,36.25
851580,44.5
851810,33.75
851930,25.450000000000003
852589,40
852852,10
870121,39
902680,39.166666666666664
920810,23.19999999999999
960390,28.405
960711,52
030119,20
030284,23.25
030491,23
030752,45
030787,22.5
030812,45
070521,20.040046959173992
070940,28.565456127809995
071022,37.45
071234,36.75
071310,32.34428710254334
110422,45.5
110812,42.13857337629
110813,45.49818714873999
121130,20
180610,37.8125
210120,30.833333333333332
251310,45
262060,35
270210,11
280469,25.40000000000001
283692,39.2
283719,21
290270,20
290345,14.900000000000002
290715,48.333333333333336
291532,48.80000000000001
292151,47.0625
293721,10
294150,10
310221,35
380993,51.25
390319,41
390599,39.325
390791,49.1
391733,43.05000000000001
401219,51.13333333333333
410622,47.400000000000006
442019,23.19999999999999
481099,45
481960,44.5
520813,49.400000000000006
530921,47.96666666666667
540769,53.74000000000001
550410,24.80000000000001
550490,49.30000000000001
551339,59.900000000000006
580110,40.5
580810,47.76
610349,38.95
620240,42.06153846153846
620451,41.5
621112,32.5
660110,26.5
681599,44.75
701510,27.5
720690,91.5
720925,92.5
721632,97
731441,63.97
731511,48.34999999999998
740400,25.25
780110,22.5
820160,47
820560,47.900000000000006
821510,49.97
830150,30.59999999999999
841199,29.84999999999999
841790,47.25
843139,40.85
843860,43.5
845430,44.5
847983,47.25
848330,50.35
853921,46.3
854232,21
854790,54.510000000000005
860719,48.10833333333333
870490,85
870710,58.5
900150,29.5
901180,40
901390,46.20333333333334
901780,49.80000000000001
902789,38.833333333333336
910219,34.25
930330,23
930690,26.5
940171,32
020711,22
020755,21
030383,20
030481,20
040221,35.74976597923
070890,24.899403897736004
100840,11.099999999999994
120991,45.02158611122595
160558,40.75
180310,17.5
220110,45.32408159187
240412,49.666666666666664
251749,33.5
261210,10
283230,46.8
283325,36.4
291212,44.5
291412,47.099999999999994
291431,50.5
292144,49.875
293020,30.525
293961,20
300259,10
300670,15
320412,47.785714285714285
350790,44.75
380630,51
382483,22.5
382491,40
392062,44.19999999999999
400400,45
401120,56.2
410441,42.620000000000005
440121,35
440721,10
440794,35
460199,48
490199,16.5
490210,25
490290,17.5
520531,50.80000000000001
520625,39.19999999999999
521031,51.23333333333333
531090,45
540234,53.400000000000006
540821,57.900000000000006
551323,43.400000000000006
551411,37.900000000000006
560790,45.540000000000006
591132,45.30000000000001
600610,53
620339,38.45
620721,36.400000000000006
630420,30.80000000000001
630532,35.900000000000006
681511,45
710812,28.799999999999997
730619,67.44
790310,45.173858408670014
810929,24.19999999999999
820510,51.19999999999999
830130,33.19999999999999
840681,23.34999999999999
841392,43
841960,29.34999999999999
842139,39
842410,31.35
842612,20
842619,20.5
842630,20.5
842720,49.35
844314,47.19999999999999
845020,32.85
845410,42
845891,46.55
846249,48.900000000000006
846420,46.5
847982,42.5
850152,61.675
851822,26.5
852210,48.900000000000006
854160,41.5
870122,39
870240,31.25
870829,63.62
871639,45.69
880699,20
901190,39.5
910990,38.519600528826665
930700,30.19999999999999
950621,26.5
950669,29.933333333333337
960340,25.75
010392,20
030485,20
030496,26
030788,20
060390,31.5
071029,29.955745119866197
120923,20
121020,22.403715859209996
160419,45.8125
200897,45.5
220900,45.220033537849986
252930,45
253010,45
280120,35
281216,23.69999999999999
290346,21.84999999999999
290543,32.099999999999994
291819,39.48428571428572
293110,48.69999999999999
293296,26.5
293949,10
300320,10
300339,10
350400,31.25
360500,27.5
392091,48.69999999999999
401130,33
401220,47.9
440321,45
440723,35
440831,20
480255,40.416666666666664
490300,10
520912,51.5
521224,53.900000000000006
540720,45
551642,54.5
580131,37.19999999999999
580210,33.60000000000001
591190,43.80000000000001
610721,36.400000000000006
611241,51.900000000000006
630612,28.80000000000001
690912,44.5
720926,83
720928,92.5
731210,64.2477777777778
732490,64.47
811269,34.7
830510,50.36999999999999
841410,47.25
841583,50.55
841920,20
841950,50.64999999999999
846019,49.400000000000006
846520,46.1
847160,50.8
848291,48.400000000000006
850710,60.75
851431,45.650000000000006
851718,20
852550,36.333333333333336
854520,45
860610,34
870220,22
870894,60.25
890322,42
900290,44.1
900590,27
901841,20
911180,33
920710,32.900000000000006
960630,48
970210,27.5
010290,20.42069716776001
030389,40
080450,25.88532095485333
090620,17.5
100810,45
110814,35
130211,20
190211,30.700000000000003
250900,44.5
270810,35
271311,35
280511,25.80000000000001
283531,46.400000000000006
284920,10.25
290311,50
290323,48.400000000000006
291590,33.269999999999996
291714,37.849999999999994
291812,45
293550,16.5
293963,10
321390,48.33
380892,34.53333333333333
381129,51
381900,51.5
390729,50.75
391190,44.457142857142856
392049,50.30000000000001
392330,47.5
400829,47.675
401590,49
440210,31
441249,35
441700,36.65
441889,47.69999999999999
460194,41.93333333333333
510910,42
530919,44
540110,56.400000000000006
540331,55
550319,47.150000000000006
570220,40.25
590110,47.05
600240,53.400000000000006
600523,55
610333,46.849999999999994
630232,33.150000000000006
630510,27.5
630520,33.19999999999999
640351,33.125
640411,44
681280,36.650000000000006
700521,48.3
700729,43.400000000000006
710813,26.2
720890,60
821290,27.5
830400,23.90000000000001
830590,26.59999999999999
840991,49.514
841319,44.5
841490,45.5125
842132,59.5
842890,44.85
846040,49.400000000000006
847150,58.5
848180,47.275
850220,50.4
850750,44.69999999999999
854310,32.900000000000006
854320,44.5
854911,26
860630,34
860691,34
903289,44.75
911120,33.25
920890,32.80000000000001
970310,20
010391,20
021020,10
030343,20
030457,20
030729,45
030779,43.5
080251,20.090515696474995
081110,52.19999999999999
121221,44.5
151590,28.333333333333332
151790,33.7
152000,27.5
200410,42.7
200559,44.991379292789986
240120,80.57692307692308
240130,71.3
250830,20
251730,20
261510,45
271020,10.248470265176252
282720,44.5
282739,37.222222222222214
290347,23.84999999999999
290545,27.857297367410013
291413,34
291529,37.95
380893,40.25
392069,49.19999999999999
400251,20
400912,44.75
401034,48.10000000000001
401519,52.25
420239,50.97500000000001
440326,38.5
470411,20
490810,26
511130,51.333333333333336
520210,45
520644,54.19999999999999
520952,53.400000000000006
540211,40.900000000000006
540244,49.5
540782,51.400000000000006
550999,55.76666666666666
551341,47.900000000000006
551693,41
560290,51.93333333333334
590700,41
600536,49
620422,45.75
620620,35.53333333333333
621132,35.349999999999994
630240,33.85000000000001
630533,35.900000000000006
660200,26.5
680710,45
681091,45
701349,38.45
710310,28.25
711029,35
720211,11.45
720270,24.5
721932,63.5
730110,76.94
730429,60.52333333333333
730441,52.940000000000005
732391,25.90000000000001
811090,10
831130,42
840410,48.5
840420,25
841210,45
841221,42.35
841231,43.5
841239,44
842389,44.45
843231,45
843850,47.80000000000001
843910,45
844230,45
844339,31.642857142857142
844859,26
845530,44.85
845811,41.400000000000006
846694,39.474999999999994
846880,46.2
847190,35
847920,24.5
848071,51.19
850610,40.19999999999999
851761,27
852359,26.5
854089,48.69999999999999
854190,37.64
870431,60
900120,42
903082,34
910610,51.5
950710,26
960321,27.5
961310,31
970610,26.5
030192,20
030344,20
030634,20
080132,35
090831,17
100829,45.295175615020014
120921,20.37304473782001
120929,32.5
160418,25
200580,49.599999999999994
200600,50.92857142857143
220710,38.25
250840,36.5
284310,50.5
290219,44.5
290721,47.5
292620,33.5
293030,29.175
293212,36
293214,13.85
293334,13.25
293499,14.122105263157897
294140,10
300120,10
300241,10
300510,20
300630,10
310229,35
320990,51.33
321100,48.69999999999999
370500,35
381111,20
382211,20
400300,44.5
410229,23.166666666666668
411390,47.45
441114,34.68
441192,35.25
480525,45
482110,44.5
520523,41.099999999999994
520533,53.599999999999994
520922,52.69999999999999
520942,51.400000000000006
521141,53.099999999999994
540249,49
540251,28.80000000000001
540419,49.8
550941,54
551313,59.900000000000006
620343,38.592307692307685
620444,36.76666666666667
630299,30.866666666666664
630720,24.5
640199,51.5
640319,30.46666666666667
680690,41.5
681019,49.76666666666667
681513,44
701010,43.5
720120,45
720852,60
722020,75.4
722830,79.25
730411,72.94
811212,28.5
830790,58.835
840729,32.5
844250,36.25
844720,27.9
844831,27.80000000000001
846781,31.85
847130,35
847439,38.5
848640,34.5
850164,51.8
853510,47.19999999999999
853630,35.5
854011,38.5
854149,34.125
870194,48.43
870410,59
870432,60
901520,44.75
901540,44.5
902140,20
903033,44.925
910310,27.166666666666668
950720,31.15000000000001
970191,27.5
010614,20
030271,34
030446,20
030561,22
070959,46.25
071220,65.30000000000001
071232,43.30000000000001
080231,48.5
090421,18.13746510754251
110412,45.13769487079
110423,45
180632,29.68
200820,35.29570433096001
282570,23.19999999999999
283327,35.6
283711,45
290551,20
290811,50.5
290911,46
321310,46.5
370232,41.19999999999999
381519,40.5
392590,50.30000000000001
401320,44
440131,35
440810,35
480990,44.8
510531,25
520411,49.400000000000006
520612,54.19999999999999
530810,45
530929,48.333333333333336
560391,45
560392,27
570292,44.94999999999999
600121,53.80000000000001
611490,30.166666666666668
620311,39.625
630619,32.55
681389,44
700420,44.23333333333333
700490,38.89134534056625
701969,40.7
710121,27.5
710590,45
720449,34.5
721669,45
721790,73.25
721921,89.5
730511,53.94
730820,61.97
820890,44.5
841090,51.15
841981,29.675
842123,62.25
847521,43.5
848210,61.95
850720,31.375
853210,45
860400,50.43
870310,33.69
870590,58.5
871310,20
890200,45
901320,43.5
950629,27.5
960840,30.299999999999997
010410,20
020312,20.194649299684997
020840,26.40000000000001
030214,20
030283,20
030384,43
030473,32.5
030479,41.75
030531,45
030611,45
071231,45.75
110520,45.32558341578999
120400,36.755348616950016
151491,23.200000000000003
160239,26.40000000000001
160555,43.5
220300,45.59
230120,45
252490,19.5
271600,10
281112,24.19999999999999
282741,38.9
290315,25.5
290381,22.75
290434,48.69999999999999
291249,41.825
291719,42.85
292029,48.849999999999994
292121,25.80000000000001
300215,10
310560,35
360200,27.5
370390,29.75
381590,42.325
392190,42.7375
441239,35.625
460211,49.46666666666666
470693,30
480254,35
480452,41
481039,38.375
500400,20
510720,49.75
511220,53.833333333333336
520941,50.25
521142,52.599999999999994
540269,52.5
551130,52.5
551521,35.5
580790,48.56666666666667
600634,55
610610,47.19999999999999
610799,30.40000000000001
611239,33.19999999999999
650200,42.95
680800,43.5
701962,36.38333333333333
711319,29.183333333333337
721430,60
721622,86
722860,91.66666666666669
730629,56.85666666666666
730793,68.27333333333333
731449,64.97
740721,68.28
740819,68.64
741300,67.63666666666667
760711,60.84
820140,47.849999999999994
820299,45
820412,53.5
830220,70.32000000000001
840310,47.47
843149,41.34999999999998
843691,41
844540,24.19999999999999
845612,46.63333333333333
846232,49.400000000000006
846490,46
848120,45.5
848630,35
850110,45.63333333333333
850410,30.5
850790,53.975
851631,23.90000000000001
852721,60.5
854012,25.950000000000003
854370,36.92142857142858
871140,28.700000000000003
880710,38
890311,44.900000000000006
890333,35.5
890393,44.425
910191,22.5
920930,27.5
940429,39
960500,28.09999999999999
010641,20
020745,20.85312489540999
020910,23.19999999999999
070390,65
080122,10
150920,27.911726669125
151630,27
200560,58.900000000000006
280540,21.69999999999999
281121,48.69999999999999
282090,48.19999999999999
283090,35.225
290124,36.666666666666664
290319,41.5125
290348,23.84999999999999
290944,50.5
291511,42
291632,51.5
320650,51.5
320730,48.099999999999994
330430,38.93
370690,35
380700,45.099999999999994
382759,48.69999999999999
391400,41.725
400299,45
401150,42.5
411310,35.10000000000001
440712,36.5
441210,39
481710,43.5
500720,34.5
500790,34.85000000000001
510610,51
511119,45.5
520839,54.5
520859,49.440000000000005
540783,46.5
550951,55.14999999999999
551299,56
570239,46.8
600535,37.5
611011,43.5
620220,42.7
620230,33.2875
621149,34
621430,25.30000000000001
631010,27.75
701610,41.19999999999999
721931,78
740921,65.03999999999999
760110,69.55
811100,22.924999999999997
830241,61.41333333333335
830621,31.5
841340,35
841360,44.5
842482,44.900000000000006
844240,40.5
848280,43.30000000000001
850680,44.19999999999999
851432,45.650000000000006
851850,44.5
852349,21.75
852499,35
870423,85
902221,20
930320,27.59999999999999
940410,45
021011,20.08632396642099
030445,20
030639,20
070954,70
070991,31.30000000000001
150790,31.549999999999997
151219,30.5
151620,35.599999999999994
220890,20.86790023708611
252330,45
260111,32.5
280620,49.19999999999999
281520,35
290241,45
290376,23.69999999999999
291422,42.75
292022,23.84999999999999
292421,34.730000000000004
293291,26.5
321511,43.03333333333334
370191,35.2
370231,48.69999999999999
370242,48.69999999999999
380590,34.349999999999994
380861,42.99
381220,50.75
390410,51.5
390422,51.5
392630,33.400000000000006
400690,45.849999999999994
410711,43.81250000000001
411520,20
420321,39.733333333333334
440341,20
441291,33.1
441292,36.4
460212,47.8
470421,20
481720,45
481940,44
521011,34.53333333333333
540253,53
540761,57.63333333333333
550700,49.5
551443,45
600390,55.349999999999994
610419,28.916666666666668
620120,42.3
620329,35
620469,38.09166666666667
620711,33.599999999999994
640419,41.88636363636363
700312,32.900000000000006
700510,46.45
701971,49.30000000000001
711590,34.975
720429,30.5
722699,74
730431,71.94
730519,45.940000000000005
732181,30.36
732399,49.55
732619,67.87000000000002
740322,33.5
760120,78.23333333333333
800700,29.000000000000004
810999,48.19999999999999
841590,33.05
841780,48.900000000000006
841989,45.4
843330,39.5
847751,48.099999999999994
847759,48.099999999999994
847989,40.56249999999999
848049,59.56999999999999
848299,54.68333333333333
850990,47.175
852380,25.5
852582,45
854129,34.5
870230,34.5
870332,37.5
871690,53.72666666666667
880730,46.76999999999999
901210,43
901480,42.125
910221,39.325306223061666
910390,28.5
961511,25.9
130120,20
170250,34.099999999999994
170490,42.21249999999999
200210,38.5
200990,32.05973435223001
220429,27.5
220430,22
260600,12
270120,35
280410,48.69999999999999
284510,45
284540,20
290539,46.5625
291090,49.81666666666667
291533,50.5
291737,51.5
293379,28.767142857142854
300213,10
300660,10
300691,24.19999999999999
320415,42
320910,49.03
380869,51.74
390591,44.575
392290,40.30000000000001
400219,41
400220,45
401310,63.7
410719,44.587500000000006
430220,47.43333333333333
441299,37.416666666666664
442120,46.55000000000001
480920,43.25
481620,44
482040,45
482369,44.5
510710,51
520534,29.90000000000001
521112,52.19999999999999
521151,39
540794,36.63333333333333
550320,41.80000000000001
550610,50
550922,55.599999999999994
560313,44
581100,50.5
590210,50.80000000000001
590290,43
610422,35
610990,39.3
611710,32.85
620443,39.7
620811,42.400000000000006
621490,38.30000000000001
630291,36.69999999999999
690100,37
690320,40
701341,37.625
720990,60
721933,78
730512,51.69
730722,65.29
732010,63.20000000000002
740990,56.20666666666667
820210,44.5
820220,44
841935,45
842119,44.650000000000006
842122,45
842870,49.95
843131,38.34999999999998
844317,47.19999999999999
845019,21.80000000000001
846029,47.400000000000006
846090,49.400000000000006
847090,45
850980,31.53333333333333
852329,16
853230,45
854914,27.5
870124,42
870421,66.5
880621,44
890400,20
900630,45
910811,23.5
911440,28.6743663744475
911490,31.314285714285713
930200,23
940120,60
950440,20
960899,28.25
020726,23
030272,21.5
030299,20
030449,26.5
030532,44.5
030783,30.5
040229,60.75
040891,37
060230,21.90000000000001
071332,45.12282867758
080211,22
080620,41.93388748383333
080930,45.0187061574435
140190,48.8
151010,24.449757930174997
190190,40.581686031790056
230700,20
240499,25
251020,35
251820,30.5
261400,35
280421,31.69999999999999
282200,33.6
282760,24.000000000000004
290321,25.5
290374,48.69999999999999
290719,43.57
291461,34.5
291540,42.1875
300439,10
310510,35
321490,46.625
330420,43
340242,34.449999999999996
381119,52.43
390430,47.650000000000006
390940,51.75
391810,48.21666666666667
392061,50.80000000000001
392114,51.5
410510,34.5
410691,48.30000000000001
430310,48
440112,35
441251,26.5
480100,41.5
481029,38.25
481420,25.5
481920,45
520541,50
520548,57
521222,36.900000000000006
521223,47.150000000000006
550961,58.19999999999999
551422,59.400000000000006
551613,59.400000000000006
551624,46.900000000000006
620190,28.95
620791,34.75
621010,26.950000000000003
621320,33.89999999999999
621420,33.69999999999999
670490,27.5
700232,51
701965,40.75
710231,27.5
720249,25
721220,87.5
721310,95
721420,89
730669,65.69
750610,47.666666666666664
810391,14.4
820551,44.779999999999994
840690,33.79375
841899,45.099999999999994
841933,41
842330,45
844110,45
845150,45
845951,47.69999999999999
846239,48.400000000000006
848230,47.80000000000001
850120,48.1625
850780,46.8
851190,46.86666666666667
851671,31.19999999999999
852729,58.5
852862,27.5
853110,45.150000000000006
853329,42
854919,27.5
870130,41.1
870830,61.25
890399,44.8
890610,20
900510,25
950612,28.90000000000001
960910,32
010511,20.099998412724005
030242,45
030244,45
030452,20
030743,40
040110,20.236750290749995
040140,156
080929,20
081120,51.5
090300,17.5
120760,24
151560,30.69999999999999
151610,27.68761155916002
170191,34.371428571428574
170260,38.2
200510,38.69999999999999
200799,43.18125
200860,51
230500,20.11369705090999
240311,38.5
240391,137.21751314924333
251110,10.5
270730,10
280300,44.5
281830,45
282530,25.5
283660,37.3
290377,23.84999999999999
290436,23.69999999999999
291450,33.916666666666664
291560,48.8
291990,40.025
293349,15.18222222222222
300432,10
320810,36.13
330510,43.43
390311,51.5
391390,35.050000000000004
392112,43.875
410330,22.09999999999999
420600,22.46666666666667
430190,20
441112,34.68
470200,20
480512,32.5
481032,39.166666666666664
510310,45.282184525290006
520511,46.349999999999994
520527,37
540349,53.3
551221,48.5
570310,50.5
581092,50
600199,48
620449,34.400000000000006
620590,30.24
640620,29.69999999999999
680610,44.400000000000006
690600,35.5
701915,49.30000000000001
711620,28.233333333333334
711790,26.55
720390,36.5
721113,92.5
722850,80
732410,68.17000000000003
761691,47.5
810820,41
811221,15
811229,38
811251,24
820770,48.45
821210,27.5
830810,46
840890,42.25
842230,43.25
842290,35.39166666666666
842952,45.6
843360,45
843820,27.5
844010,27
844400,43.5
846130,49.400000000000006
846599,46.400000000000006
847149,42.5
847810,24
848130,46.5
848140,47
848350,48.78333333333333
848390,50.21666666666667
850450,45
853331,45
854079,48.5
854620,48
860390,27.53
870324,37.5
871494,48.25
871496,51
903149,40.375
940542,47.4
950490,22.166666666666668
950825,27
030233,20
030351,45
030366,20
030693,36.25
030742,44
071320,33.97118407888999
071420,42.75
080610,22.585146897019996
081040,32.5
100119,21
110720,20.42955149161
120799,40.5
121190,42.56
130239,30.69999999999999
151529,34.400000000000006
160249,22.78625058408
220870,26.5
251120,20
253090,19.966666666666665
260200,10
281530,48.69999999999999
284443,10
290373,23.69999999999999
290511,30
290949,37.516666666666666
292112,27.5
293145,48.849999999999994
293295,30
293319,32.17666666666667
293420,40.91555555555557
293712,10
300692,20
320611,41
340510,45.93
370297,45
380690,49.19999999999999
382530,20
391690,48.1
401190,46.96666666666667
401211,48.7
450490,42.5
480442,45
510539,50.5
520919,51
540259,53
550130,49
550390,47.150000000000006
551321,34.900000000000006
551611,59.900000000000006
560121,46.599999999999994
600490,54.650000000000006
610453,39.2
611120,41.333333333333336
620453,38.56666666666667
640219,40.1
680510,45
680990,36
681182,45
681381,45
681410,47.69999999999999
681520,45
700239,44.5
720110,20
720712,85
721491,78.5
721730,86.9
730900,60.47
732599,66.17000000000002
741510,65.97000000000001
810199,25.09999999999999
811239,49
811241,36.5
811292,29.62857142857143
840999,48.6425
841459,52.70250000000001
841869,42.5
842111,45
842489,39.825
842940,48.85
843311,30.85
843359,38.35
847290,37.333333333333336
847590,42
847930,34
850490,49.9
851411,45
851590,44.475
851840,45
852352,45
853939,45.45
870390,82
871130,29.03
880623,44.5
901010,47.400000000000006
901310,39.775000000000006
902190,20
902214,27.5
903220,45
940159,45
940421,39.5
961400,28.116666666666664
970521,20
010190,22.25
010221,20
010514,20.38023731314999
010613,20
020321,20
020680,20
020830,26.40000000000001
030553,45
040390,78.30659915486571
070960,38
080521,34
100850,37.599999999999994
140110,28
150890,29.5
160250,12.083333333333336
262029,20
270119,10
290892,25.5
290960,49.9
292024,48.849999999999994
292412,48.849999999999994
292610,51.5
300331,20
300610,20
330690,45.93
380991,51.93
391610,49.80000000000001
392051,50.25
400942,44.75
401012,45.35
401212,44.45
410791,29.40000000000001
420500,45.01666666666667
440612,10
442191,33.03076923076923
480550,45
481149,44.666666666666664
481730,45
481830,45
520526,32
550630,47
550953,58.19999999999999
570241,44.75
590220,50.80000000000001
591110,47.35000000000001
600524,55
600590,51.25
610832,43.5
610839,24.3
610910,43.5
620821,35.900000000000006
621142,35.599999999999994
630260,36.099999999999994
690310,45
700529,45.932564568006
720827,60
720840,60
721041,60
722691,76.25
730539,57.94
730590,79.19
730650,57.60666666666666
760612,63.89
800200,10
811222,10
820320,50.875
820330,44.5
830210,53.30666666666667
830630,67.17000000000003
841582,51.45
841620,25
842199,39.5
843031,45
843239,44
843790,35.5
844140,45
844190,36.5
846222,49.400000000000006
848420,48.900000000000006
850211,45.75
850422,45
851130,62.25
851633,27
852583,43.5
852691,44.5
852990,42.13612903225807
854130,34.5
870192,48.43
880212,20
880692,20.5
880693,20.5
901580,31.833333333333332
940430,26.84999999999999
950662,29.40000000000001
950840,27.5
960329,25.5
020422,20.521912347699995
020622,10
020742,21
021091,22.30000000000001
030282,20
030345,20
030455,20
030552,45
030784,20
030830,44
070955,41
081310,45.343822702919994
090720,13.5
100210,20
210410,30.69999999999999
210420,28.200000000000003
270400,10
281215,23.69999999999999
282490,32.900000000000006
283210,46.5
284170,24
290612,50.5
291539,38.93181818181818
292330,51.099999999999994
300442,10
340399,52.43
350510,27.797144938669987
360690,25.96666666666667
380899,45.8
382290,20
382319,27
382410,51
382488,51.75
382761,49.690000000000005
391120,51.75
391310,26.69999999999999
441840,45.69999999999999
480441,28.75
500100,45
530310,45
540754,39.900000000000006
540793,48.375
551329,43.400000000000006
551430,48.45
551519,44.5
551529,32
570500,40.900000000000006
580500,39.8
600191,58.5
610220,43.400000000000006
640510,37
680530,44.75
681320,45
691200,29.4
710900,51
711230,20
711291,20
720510,45
721069,92.5
721924,80
740929,65.03999999999999
750511,47.86666666666667
760200,41
810690,35
820830,44.5
841330,59.5
841520,61.400000000000006
843229,43.5
843290,37.84999999999998
845090,27.433333333333326
846693,41.0625
847720,41.599999999999994
848250,65.3
850133,60.3625
850140,59.575
850760,42.2
852351,17.5
852859,29.57272727272727
853223,45
854929,45
860699,34
890323,46.5
900653,25.5
901050,45
901590,43
902300,27
902730,39.75
902781,41.5
950659,29.805000000000003
961590,27.375
961620,24.30000000000001
030111,45
030211,20
030363,32.5
030484,20
030493,48
030811,20
040291,28.5
060319,28.40000000000001
060490,29.333333333333332
080430,19.705705956673324
100821,45.19329606988998
120999,35.028452191005
190430,34
200540,45
210320,36.3
210330,29
253020,27.5
261710,10
262099,27.916666666666668
270750,35
280800,45
281119,35.33333333333333
281420,45
284150,22.299999999999997
284390,22.35
285390,35.46666666666667
290351,14.9
290729,41.36
291531,31.19999999999999
291615,45.2
292090,41.36666666666667
292145,37.89800000000001
292640,16.75
293911,10
293920,10
300349,10
320419,46.57142857142857
340231,50.6
370320,48.39999999999999
380120,45
380190,49.400000000000006
381800,30.5
382751,23.69999999999999
390290,41.75
392092,46.19999999999999
401390,46.849999999999994
441899,46.349999999999994
441919,24.25
470710,30.5
480890,45
481320,45
481390,45
520632,54.19999999999999
520821,54.86666666666667
540333,41.30000000000001
540771,47.900000000000006
610439,39
611430,52.03333333333333
620411,38.5
620729,31.59999999999999
621050,29.6625
621440,32.80000000000001
630251,31.375000000000007
640291,51.88461538461539
680421,42
681181,45
690490,32.5
691190,31.90000000000001
720917,60
721119,72.08333333333333
722599,93
730459,49.565000000000005
731813,70.67000000000003
740710,62.973333333333336
750720,44
840390,27.5
841829,46.4
842220,40
842649,45
843020,27.5
844316,51.55
844842,31.19999999999999
846039,46.400000000000006
848360,51.25
851210,28.59999999999999
851539,46.099999999999994
853339,45
853810,50.41000000000001
860900,23.69
870110,41.85
870290,34.5
880230,20
902490,41.5
910212,24.666666666666668
910229,37.556130417805385
930520,29
950611,28.870000000000005
970290,27.5
010639,21.80000000000001
020621,10
030245,34
030364,20
030739,45
070519,21.12993824953
090121,17
090922,17.5
100830,10.112044817929984
110313,44.74993687036999
140120,24.75
150120,22
160413,47.62
160414,46.656248496575714
180690,31.727272727272727
252922,10
270710,35
281310,23.69999999999999
284420,17.5
290211,45
290433,48.69999999999999
290435,23.69999999999999
290629,41.3325
291411,35.25
291734,40.75
291899,24.815
292310,31.85
293040,44
293750,10
310230,35
310290,35
320411,40.2
360330,31.69999999999999
381300,46.849999999999994
382714,23.25
390721,40.25
390770,41.75
391710,47.06666666666666
391739,48.05000000000001
392220,32.30000000000001
401290,46.08
401700,47.349999999999994
420211,53
440500,38.2
440729,35
480262,35.8
511230,49.166666666666664
540246,53.80000000000001
540490,45
550952,57
551110,51.5
580632,50.849999999999994
580890,48.400000000000006
581010,58.099999999999994
600641,30
610190,34.86666666666667
610620,50.7
680223,48.19999999999999
690740,52.6
690919,37.25
711019,35
721129,78.16666666666667
731290,64.97
731519,49.34999999999998
740620,66.14
740821,69.14
760691,54.74
810196,49.400000000000006
820411,53
820730,56.285
840110,23.30000000000001
840610,35.849999999999994
841919,40
842519,45
843340,45
844839,27.066666666666663
844849,26.59999999999999
845129,50.95
845939,48.69999999999999
846820,46.95
847321,45
850433,50.7
850590,40.825
871499,29.25
880720,44.5
890120,20
902480,30.5
910121,29.961278710107493
940161,51.166666666666664
950730,31.01
021019,45.092397673822006
070310,38.776712847030005
080242,29
080270,10.659090909089995
080810,36.5
081350,50.5
090619,14.5
152110,15
160300,43
170310,20.345297823323502
220421,30.42453822696
260700,23
271119,35
280430,48.69999999999999
282630,31.5
284130,47.400000000000006
290383,25.5
291891,51.5
292519,37.38000000000001
292529,40.43333333333333
293070,31.230000000000015
293220,21.335714285714285
293361,48.5
340540,45.93
340700,20
360350,27.69999999999999
382713,23.25
391729,36.55000000000001
392010,48.69999999999999
392640,25.30000000000001
401035,48.24
410221,20
441019,32
470311,10
482030,44.5
520543,45.099999999999994
520615,29.19999999999999
520842,52.55
521149,52.599999999999994
521214,53.150000000000006
570232,43.25
570242,44.75
581091,43.5
611220,44.25
620322,36.75
620520,37.69999999999999
621139,29.850000000000005
630493,29.30000000000001
640399,32.666666666666664
690722,49.6
691310,28.600000000000005
710229,32.5
710239,27
720293,15
720839,61.5
721320,67.5
721699,77
741022,66.64
750521,47.8
750620,47.833333333333336
810590,38.7
811249,39
820520,47.849999999999994
821194,69.72
840510,30
840721,49.35
848110,44.5
848340,48.825
850153,47.7
850520,48.099999999999994
853529,34.5
860110,22.53
870193,48.43
870350,37.5
870370,37.5
871110,29
890520,20
902920,52.666666666666664
911290,33
960920,26
010420,20.258951915430004
010690,27.5
030229,45
030399,45
040721,21
040899,49
080299,24.1887620252025
090112,13.5
121229,45
130212,31.30000000000001
150210,20.318808172180013
151511,28.5
200880,31.90000000000001
200911,26
220590,22.80019074869
230910,44.5
251810,44
252520,43
261790,45
282410,48
283321,38.2
284011,45.30000000000001
290361,45
292511,51.5
293510,26.5
300290,10
310260,35
310311,35
320120,45
340319,48.18
350220,20
360610,44
380130,49.900000000000006
381400,52.26333333333333
400130,26.5
441233,37.9
441990,27.75
480257,33.25
480419,35.5
480431,40
520291,49.30000000000001
520635,29.19999999999999
520790,50
520852,52.85
521039,47.975
540411,51.900000000000006
540744,56.5
540773,48.25
550510,45
550690,50
551599,47.333333333333336
580639,43.166666666666664
590610,47.400000000000006
610332,41
611595,38
611692,36.26666666666667
620630,34.300000000000004
660191,20
710221,20
710610,45
720916,72.5
722870,84
730449,69.44
730792,65.79
731821,70.77000000000002
731824,68.77000000000002
750890,42.75
761520,63.27
800300,23
841013,23.80000000000001
842382,43.5
845210,26
845959,49.19999999999999
846610,47.900000000000006
846719,37.5
847410,44.5
850434,52
850650,46.69999999999999
852692,31.5
853650,42.166666666666664
854800,42
854991,45
860711,47.53
870360,41.5
870460,60
871491,46.2
880622,44.5
900140,29
902212,33.5
902990,42.75
910299,36.5835748937125
910521,26
960400,32.400000000000006
960850,33
020744,25
060120,20.79555463995
071190,41.45
071333,43.06172264215667
080241,35
080550,18.26666666666667
120241,183.8
140420,30
150410,43.75
160551,46.23333333333333
190219,39.95
190230,51.400000000000006
200811,87.9
220820,21.25
230210,27.5
230990,40.025000000000006
252210,45
252921,10
270799,18.571428571428573
284030,48.69999999999999
284169,41.5
284530,20
292419,39.55
293159,23.84999999999999
293219,42.8
293430,17.666666666666668
293491,10
293943,20
320720,48.900000000000006
380862,39.24
382000,32.93
382711,48.69999999999999
390799,48.125
441811,48.19999999999999
481490,27
550942,51
551291,38.900000000000006
560600,47
600340,53.849999999999994
600539,52
610423,47
610451,42.400000000000006
611219,43.76666666666666
611530,34.89999999999999
611596,40.2
611693,33.916666666666664
620530,48.56666666666666
621510,34.69999999999999
650700,45
660199,28.19999999999999
670290,34.56666666666666
680410,45
700330,51.30000000000001
700711,49
710122,27.5
721610,84.5
731442,63.47
740822,69.14
761510,44.57499999999999
790111,11.5
831000,45
840682,42.099999999999994
840710,32.5
841891,28.5
842820,42.5
843590,26
843810,27
850162,44.25
851090,43.739999999999995
852719,20
852869,28.584615384615383
870323,42.5
870840,57.5
871000,22.53
871640,39
890319,47.400000000000006
901720,47.5
903190,42.76833333333334
911390,28.25
920510,30.40000000000001
920992,28.125
950661,27
020714,23
030333,45.23298522644001
030349,20
030443,30
030474,32.5
040690,39.15428571428572
071140,27.69999999999999
080221,21
081030,20
090230,17.5
090921,14.5
100199,32.5
130213,34.5
190240,26.40000000000001
200599,52.40987005935778
252230,20
260300,10.511460280039998
271390,35
281217,23.69999999999999
282710,47.400000000000006
284590,24.5
290394,50.25
291639,39.75
293944,10
300390,10
320300,42.68333333333334
350211,54.5
370244,44.69999999999999
382763,49.690000000000005
390469,48
400291,45
420329,58.1125
440323,20
441875,44.849999999999994
441911,23.19999999999999
481690,44.5
510620,51
511120,49.166666666666664
520849,52.99999999999999
540752,56.7
550962,57
551312,59.900000000000006
551633,63.5
610230,45.5
620319,36.1
620413,42
630210,32
700319,45.30000000000001
721210,99.5
722012,81
722591,60
722692,70.5
731021,63.97
741920,65.88
821599,51.40076923076924
841011,28.30000000000001
841182,33.75
842310,20
842549,59.5
842620,24.35
842831,45
843490,41.5
844311,34.150000000000006
847730,46.099999999999994
847940,43
850180,32.4125
850423,49.5
850819,45
850940,24.19999999999999
852412,34.5
854142,29.5
870895,55
900661,27
930629,27.5
940531,53
030195,20
030292,20
030324,45
030492,23
040811,26
071040,59
100290,20
110290,44.4491408169478
110429,46.19999999999999
120190,45
150710,39.099999999999994
150930,24.66879566277501
190490,41.5
200949,25.25
261100,12
281512,45
283421,10
283526,45
290344,24.69
290432,23.69999999999999
290930,32.4375
291471,23.829999999999984
291813,36.8
292021,48.849999999999994
293621,10
300249,10
310390,35
330113,48.80000000000001
340590,45.93
370256,41
370310,48.39999999999999
380859,34.49333333333333
382460,32.400000000000006
391290,40.1
392099,49.666666666666664
440792,33
470429,20
480210,38.5
490400,17.5
520299,37.666666666666664
540239,53.150000000000006
551449,36.5
570249,45.5
570329,50
600631,54.5
600632,55
610310,32.95
610712,41.900000000000006
620722,43
670420,20
680100,47.30000000000001
680229,50.2
690290,41.5
701820,49
701914,49.30000000000001
710499,30.450000000000003
711610,28.15000000000001
720229,30.5
721911,66
732119,25.41000000000001
741810,50.47
820110,44.5
820559,49.55875
840212,38.30000000000001
841460,45
842839,49.35
843050,45
846692,45.849999999999994
846722,24.35
846791,27.5
847230,46.80000000000001
853521,47.69999999999999
860310,27.53
870321,49.69
870530,45
901813,44.5
903020,44.5
911110,33.5
020329,20.24414533072
020712,22
030235,20
030442,20
030543,20
030631,20
071390,33.21995996707
080719,33.98333333333334
152190,22.65000000000001
160100,27.394935278849335
160569,45
200591,45.599999999999994
200840,60.30000000000001
220210,45.16034892869999
230320,20
280519,27.066666666666663
290243,45
290522,48.75
291219,39.208333333333336
292023,48.849999999999994
292114,26.75
292216,22.170000000000016
293332,26.5
293629,10
330741,45.900000000000006
370210,23.69999999999999
382312,30.5
382740,21.84999999999999
390210,51
420221,52.6
440797,35
442110,23.19999999999999
460129,44.900000000000006
480640,45
550120,46.5
550932,55
580230,46.69999999999999
590320,44.81666666666666
600622,54.5
600623,55
600644,55
610431,43.5
611019,43.5
620331,44.75
630391,37.80000000000001
660390,27.855
701790,48.099999999999994
701913,48.54
711890,14.5
720250,20
721650,96.5
722240,81
722790,70.5
731431,63.97
741820,67.22000000000001
780191,45
820900,49.599999999999994
821420,25.2
830110,28.8
840140,68.27
840790,43.35
841012,23.80000000000001
842381,44.5
842959,49.1
843830,27.5
844511,27.5
845380,23.5
846591,46.5
850860,32
851180,56.166666666666664
851660,38.75
853321,45
853610,47.69999999999999
854141,35
854330,41.8
870380,64.5
870451,60
902219,21
902810,46.5
910519,32.9
930599,26.933333333333337
940310,44.01000000000001
940440,28.60000000000001
960891,27.5
961100,29.19999999999999
020450,20
020727,28
030231,20
030433,45
030544,20
030633,48.75
030635,32.5
030721,45
030910,35.5
041010,46.099999999999994
110811,45.065823255569995
150430,32
151319,17.5
151519,28
200551,40.25
250410,10
251710,44.5
280130,49.599999999999994
280920,31
281219,38.7
290611,46.55000000000001
291469,24.52
292212,38.75
292231,10
293152,23.84999999999999
293540,26.5
310540,19.5
330610,20
382486,23.25
390140,51.5
391211,50.599999999999994
391530,41.5
400921,47.5
420231,50.849999999999994
440139,37.75
440325,20
480261,38.6
480459,45
481013,34.857142857142854
481820,44
521215,41.150000000000006
540247,53
550119,52.5
550190,52.5
560312,30
560729,48.599999999999994
590390,46.23333333333333
591131,44.80000000000001
600320,53.8
621120,40.026666666666664
640320,27.5
650500,48.06923076923077
700800,48.400000000000006
701110,47.3
701890,40.64999999999999
701911,48.900000000000006
711021,35
720711,109
722540,67.625
722592,106.5
730240,67.94
730661,72.065
730830,64.72
731940,49.00333333333333
800110,12
820340,59.385
830230,62
842099,35.666666666666664
842131,47.25
845140,46.5
845611,46.63333333333333
845921,49.19999999999999
846150,46.900000000000006
847529,45
852492,34.5
854610,47.400000000000006
854999,39.5
870600,45.615
870850,59.93333333333333
901812,27
902000,21.583333333333332
930120,20
940511,49.9
940529,49.53333333333333
950420,24.25
970510,24
020890,26.944814466412502
030456,20
030462,37.5
030562,37.5
030571,20
030572,45
050510,24
060313,26.40000000000001
110900,49.05000000000001
150600,47.30000000000001
200290,54.099999999999994
200931,32.6158093552675
230230,20
230641,46
230660,21
251690,48
281122,45.849999999999994
281820,10
283329,34.59166666666666
284700,48.69999999999999
290110,45
290513,45
290529,43.175
290613,41.849999999999994
290950,36.83
291423,49.5
292512,10
293080,26.5
293211,48.69999999999999
293336,23.25
293729,10
300640,20
321410,49.63
380852,26.5
382311,31.5
391231,34.2
392690,36.49615384615385
410411,27.620000000000005
430390,39
440342,10
440394,10
440922,34.45
441912,23.19999999999999
480300,45
480429,45
482370,31.5
510220,45
520831,46.95
570321,49.69999999999999
580127,59.5
611231,53.400000000000006
620432,33.60000000000001
630790,27.65
640359,32.4
680620,45
681299,44.5
710700,47.80000000000001
730711,49.80000000000001
731520,64.72
732392,27.5
761090,69.67000000000003
761210,66.87
810610,35
820310,42.333333333333336
830710,58.585
830820,45
831110,44.5
841382,45
842810,27.5
845590,46.1
847350,44.833333333333336
848220,60.3
850440,43.3
851390,55.455000000000005
851632,23.90000000000001
853340,44.5
860500,36.53
870880,59.87375
890321,46
902830,45
903110,42.5
911310,32
940199,35.59
950824,26.5
960810,36
020850,26.40000000000001
030259,34
030432,28.5
030494,23
030551,45
030990,23.571428571428573
071151,29
071440,31.52500000000001
100510,20
100620,37.77792498278001
120590,20.819036751010003
160241,22.492870226243337
170220,33.666666666666664
190590,28.25
240290,27
250300,45
262190,44
270500,10
270900,10.1058716784425
271112,23.78
281511,45
283330,23.09999999999999
290220,42
290375,23.69999999999999
292141,51.5
292423,43.28000000000001
292425,51.25
293120,48.69999999999999
293142,48.849999999999994
293625,10
300251,10
320649,48.25
382219,20
401512,42.75
440397,35
441113,35.78
481019,31.5
490590,17.5
500600,45
510810,49
520521,38.30000000000001
540332,55
550520,45
551622,51.400000000000006
570110,38.625
570331,50.5
580121,59.69999999999999
600192,61.19999999999999
611510,37.285714285714285
611529,30.299999999999997
611790,34.7
620990,39.01666666666667
680919,48
681591,44
700100,45.833333333333336
720230,38.9
721935,85.5
740319,36
780419,31.5
821300,30
830120,65.2
840733,58.5
843069,45
845012,22.59999999999999
845390,25.75
848790,52.750000000000014
851120,60.75
851920,27.5
853080,45
854071,34.849999999999994
854233,22.5
870443,60
880240,20
890332,40
900390,30
902790,37.111111111111114
911019,36.5
950619,25.40000000000001
961700,28.799999999999997
020754,20.883897490560003
030199,45
030221,45
030291,33.25
030313,20
030499,36.5
030792,45
060240,20
080291,13.807528613786502
080529,21
091020,11.5
110319,48.04487527003266
121293,24.17156435068
130220,27.5
151800,29.25
160510,32.875
180100,10
190410,28.59999999999999
200570,28.916666666666668
220299,36.82826053975625
251511,45
261220,10
282580,10
283720,42.64999999999999
290512,44.5
291830,43.421666666666674
292390,36.1
293149,13.85
293372,10
294110,10
300420,10
330491,43.5
350290,21.5
380620,48.69999999999999
382212,20
382213,20
382499,41.007000000000005
382590,45
391990,49.900000000000006
392030,50.30000000000001
401410,20
420219,64.5
442090,42
481160,44.5
500500,45
511290,40.975
520833,55.30000000000001
530720,45
600544,46.5
611030,40.45
611780,31.74
620441,36.89999999999999
621143,43.5
630239,31.30000000000001
630491,30.30000000000001
630629,25.450000000000003
690990,43
700220,48
701966,43.95
710210,20
711039,18.5
711299,45
711420,27.5
721499,82.5
722090,79.5
730640,64.44
760611,57.49
760900,64.34
761699,66.47
810296,49.400000000000006
811231,34.5
820150,47
830140,27.89999999999999
830260,67.99500000000002
842219,42.5
842320,44.7
844315,45
845190,47.333333333333336
845650,47.5
846023,49.400000000000006
846219,49.400000000000006
846595,44
847330,29.445000000000007
848530,45.25
851490,45.25
852712,20
853941,32.599999999999994
860210,22.53
871631,45
890510,20
910890,36.45454545454545
940591,50.875
950450,20
950639,32.400000000000006
960719,57
970690,26
010239,20.232804232799992
020741,20.883897490560003
021093,22.30000000000001
030223,21.05380026686501
030311,20
030365,20
030431,20
071331,45.26891467439333
081400,36.95686868736333
090240,17.5
090822,10.157456907994998
120600,44.5
151229,34
190531,26.5
210310,48
271121,10
283324,38.19999999999999
290121,45
290314,22.30000000000001
291010,50.5
291613,49.19999999999999
293337,13.25
293959,10
300310,10
340420,24
380300,20
382481,50
382549,30
382764,49.690000000000005
390440,50.30000000000001
390910,51.75
390920,51.5
401033,48.10000000000001
410692,48.30000000000001
420310,50.099999999999994
441490,31.40000000000001
480592,38.75
481810,45
510130,29.833333333333332
540742,55.400000000000006
550959,58.19999999999999
551513,58.75
600290,53.400000000000006
610459,31.333333333333332
700721,64.175
701328,40.9
701399,38.92999999999999
701400,46.7
710421,30.5
710491,30.700000000000003
730719,58.87
740329,36
741539,67.47000000000001
750120,20
760529,61.84
810890,39.25
820291,45
841320,40.5
842511,45
842611,20
842641,44.5
843143,40.35
843999,21.25
845521,38
848050,45
852321,25
852610,44.5
870210,34.5
870333,37.5
880624,42
901849,20
902139,20
910599,25.666666666666668
920790,32.5
940360,47.25
940383,45
940690,41.760000000000005
950821,23
961000,23.5
010310,20
030325,45
030326,45
030331,45
050790,20
060290,28.100000000000005
070410,45.5
080840,22.725694444444997
151190,22.5
170410,31
180320,25.067073040336993
200969,49
200971,45
250590,43
270111,11.5
282590,35.133333333333326
283524,47.099999999999994
290122,45.93
292910,44.35
293148,23.84999999999999
310240,35
310520,34
330730,48.10000000000001
380400,34.349999999999994
392520,32.9
410449,32.02
440727,35
441234,30.03333333333333
441829,49.80000000000001
470620,45
470720,32.5
510119,22.1
520528,42
520812,53.5
520921,48.19999999999999
520943,51.400000000000006
530710,45
540753,57.75
551219,46.599999999999994
551429,33
560130,45
600643,55
610120,43.400000000000006
620332,33.60000000000001
620461,34.599999999999994
630110,31.40000000000001
680292,49.400000000000006
701190,42.099999999999994
720836,76.5
721990,85
731990,48.669999999999995
732111,50.97666666666667
760429,58.67333333333334
810299,23.69999999999999
841112,20
844120,45
844520,27.5
846024,49.400000000000006
852871,26.3
853661,47.69999999999999
853929,28.9
853990,47.599999999999994
854590,45
860791,47.53
870540,60
871610,42.19
890790,26.5
900490,27
902590,41
902610,32.833333333333336
903300,46.06666666666666
910129,30.098801989150125
940391,58
960621,39.56666666666666
020230,20.6
020649,20
030251,45
030381,20.181374695100004
030483,25.25
030781,45
050710,27.5
071360,20.838942902543337
091091,15.400000000000006
100590,45.24075973483001
120729,20.408670931059987
120910,45
121300,45
130214,28.5
170390,20.126713655363005
200390,46
220422,22.848479400529996
262040,20
271490,35
280530,15
283510,47.599999999999994
284690,11.283333333333331
290343,24.69
293151,21.84999999999999
293190,30.877777777777776
293945,10
300360,20
300460,10
320414,46.5
381512,43
382430,48.599999999999994
390730,48.55
391520,45
420222,54.75
420292,54.74000000000001
440692,10
470790,45
481110,45
481910,44.5
490191,17.5
521051,51.56666666666666
530129,48.80000000000001
531100,34.675
540263,52.5
540784,57.400000000000006
570250,46.260000000000005
580190,46.94999999999999
580429,51.5
610429,38
610811,42.400000000000006
610891,34.5
611594,38.80000000000001
620690,34.19999999999999
630710,31.950000000000003
670419,27
681189,44.5
690721,51.8
701964,41.8
722880,68.5
732510,44
740940,68.64
760692,57.39
830160,29.80000000000001
841451,24.84999999999999
841810,50.4
842420,46.2
843061,37.5
844621,25.59999999999999
845640,47.849999999999994
846224,46.400000000000006
846226,49.400000000000006
846290,47.900000000000006
847960,47.80000000000001
848190,34.96249999999999
850511,12.099999999999994
852910,44.833333333333336
853229,42.5
853540,47.69999999999999
853932,47.400000000000006
901819,38.75
902580,34.63333333333333
902820,36.5
911220,32
920110,31.19999999999999
940549,48.400000000000006
960820,31
970529,22.5
010594,20.006992029086803
030312,20
030463,45
030495,33.5
030579,45
030711,20
040610,50.291666666666664
071080,46.729339725993626
080222,50
080252,20.08182661334601
081070,22.19999999999999
160552,45
170290,45.30668018799375
230649,27.873114448129996
230690,45.11438813452
252220,45
280700,45
282540,35
283010,48.69999999999999
283322,45
284520,20
290410,49.99285714285714
340249,49.35
340290,48.14666666666667
370199,35
370252,33.69999999999999
380610,48.5
390230,51.5
391732,47.599999999999994
392073,47.900000000000006
400122,19.5
401011,29.30000000000001
401699,40.16111111111111
411510,45
420291,48.75
430230,49.80000000000001
440839,34
470329,10
480700,45
480810,45
510121,21.142857142857142
510330,27
520929,51.19999999999999
520931,38.2
521021,52.833333333333336
521211,47.900000000000006
540792,59.63333333333333
550290,52.5
550820,56
551614,53.5
560811,52
570231,51
591000,45.8
591140,47
610323,45.5
620431,39.75
640340,30.5
680422,45.333333333333336
721710,91
731412,57.470000000000006
732394,50.16999999999999
740312,11
750400,22.5
760820,66.99000000000001
841381,47.35
843420,36.5
843510,27.5
844319,35.55
847141,42.5
850630,39.69999999999999
851771,31.110000000000007
851821,27.5
851830,23
852792,20
860730,50.38
890190,35
900669,20
901920,20
910291,39.166666666666664
910400,36.888888888888886
970522,20
010512,20.354326455659987
030255,21.5
030569,37.5
030782,20
040819,47
080261,10.504918032789988
080440,18
081320,52.41199203181
090710,16
090931,17.5
100111,21
120510,20.64231903307001
120750,45
121294,20
121410,41.900000000000006
160420,40.166666666666664
200791,28.899999999999995
200893,49.5
220510,20.752899554899997
240220,38
271500,35
280450,32
284441,20
290491,48.69999999999999
290559,32.833333333333336
292218,23.25
292340,23.09999999999999
293354,13.73
294190,10
320110,45
340311,47.4
340490,45
391740,50.150000000000006
392321,41
400610,30.40000000000001
410530,47
410799,37.440000000000005
440149,30.5
440795,35
442011,23.19999999999999
482210,45
510219,42.998651844844
520624,54.19999999999999
520811,39.625
540219,53.400000000000006
551349,38.166666666666664
560393,33
560490,51.900000000000006
580421,56.5
610331,37.5
640690,29.660000000000004
680520,45
701322,35.95
711011,22.5
720854,92.5
720927,60
721899,73.5
722550,72.125
730120,59.44
730721,67.13999999999999
740811,67.14
741012,67.14
811259,39
820790,48.38
841710,39.400000000000006
843049,45
843142,42.34999999999998
845929,49.19999999999999
846223,49.400000000000006
848020,41.400000000000006
848690,40.43999999999998
851511,44
854430,57.5
854921,45
870790,59
870919,58.5
890710,45
900640,24.76666666666667
900659,28.360000000000003
900890,44.7
902150,25.5
903040,42
920590,26.775
930630,21.25
940370,38.5
940490,28.750000000000007
960830,28.5
961800,31.90000000000001
010129,27.5
010599,21
020990,23.19999999999999
030241,20
030355,45
030382,20
030392,24
030612,45
040520,35.56666666666667
050800,35
060220,27.5
080262,35.86831569037
090111,17
090821,10
121490,34.5
160231,26.40000000000001
160529,47.5
240319,370
282510,48.19999999999999
282612,20.5
283919,46.099999999999994
284450,20
290129,42.25
290711,50.5
290712,49.19999999999999
291739,39.25
292143,36.55
293147,48.849999999999994
310530,27
320417,47.625
330749,51.93
350520,30
350699,48.03
390220,48.25
391731,48.05000000000001
392063,44.25
411410,48.19999999999999
440111,35
440910,29.9
460122,40.43333333333334
480630,45
510129,25
510529,48
520819,47.975
540233,47.650000000000006
551591,53
600537,52.5
610443,41.7
610452,35.80000000000001
611249,40.69999999999999
620899,31.625
680221,45.3
700320,40.099999999999994
700992,45.150000000000006
711049,30.5
711810,26.5
720410,24.5
721250,93
731822,64.97
732090,66.17000000000002
732620,64.92
810110,21.5
811010,10
820130,44.5
820420,52.5
830629,20
841111,32.5
841470,44.5
841480,48.425
846120,36.900000000000006
846620,49.14999999999999
846630,49.86666666666667
848030,47.80000000000001
848410,41.75
852842,45
853910,60.5
854449,51.97500000000001
854460,48.73333333333333
870331,62.5
870442,85
870911,58
902690,43.333333333333336
940141,45
940561,49.666666666666664
960330,25.366666666666664
970121,17.5
020421,22
020610,10
020743,20.25432908318001
021012,20.24810499188999
030219,20
030368,45
030454,20
030487,45
030632,45
040210,57.25
050400,25
110311,45.00663295221
120721,20.18033757871001
151311,10
160220,22.09999999999999
200490,42.128656496763334
230330,42
271129,29.5
282619,47.9
284290,48.125
290378,38.85
291211,22.80000000000001
292130,43.9625
300490,10.2
330129,22.8
370254,38.19999999999999
381600,46.5
390950,47.8
401180,47.3
410190,27.300000000000004
480256,31.583333333333332
510820,40.666666666666664
520645,31.19999999999999
550931,54
580640,43
590800,48.400000000000006
610342,37.7
610791,36.19999999999999
610892,43
611211,41.900000000000006
620463,37.22307692307693
620822,43
621790,35.45
630120,26
630399,38.80000000000001
690590,48.19999999999999
711292,10
711411,45.7625
721061,90.5
721590,92.83333333333331
721621,81
722710,60
732112,25.41000000000001
732189,32.41000000000001
760519,68.84
761490,76.80333333333336
810411,18
810939,45
820719,45.7
841370,39
841821,47.9
842531,22
844629,27.5
846592,46.5
847210,42
847432,45
850640,47.69999999999999
851110,62.25
851290,55.4
854091,42.76666666666667
854939,39.5
902511,20
030323,45
030357,20
030471,20
030699,45
040150,71.8775656848575
040640,33.857142857142854
060420,24
070110,20.913629947200008
080112,10
080540,27.833333333333332
090412,16.5
100630,49.349999999999994
121291,20.00012643312101
160210,24.15000000000001
160554,43.5
210390,34.5
210690,34.93088435374149
251400,42.5
260120,20
280461,13
281129,41.349999999999994
283650,45
284610,15.5
290244,44
292122,43.166666666666664
292159,47.962857142857146
300590,20
310210,32
320420,41
330410,44
330790,50.83
360340,27.69999999999999
382370,26.166666666666668
390450,50.5
392043,47.39999999999999
392094,50.80000000000001
401693,46.625
440793,35
441873,47.7
441892,48.19999999999999
441920,27.5
480269,43.333333333333336
480593,44
481151,43
511211,55
520641,29.19999999999999
520851,52.5
521132,53.099999999999994
550140,51
551612,57.400000000000006
580410,44.5
590310,44.583333333333336
600621,54
610444,42.400000000000006
611521,43.5
620829,31.59999999999999
621590,25
630622,31.40000000000001
640192,37.2
711419,52.900000000000006
721011,72.5
721691,57.42
721810,61
722530,82.125
730799,66.50666666666667
731600,62.47
740911,66.89
780199,33.5
790200,10
810420,10
820190,46.166666666666664
820239,64.47
820540,50.69999999999999
820750,50.25
831190,44
841311,44.5
841581,50.35
841861,44.5
841934,20
842449,46.900000000000006
842930,36.85
844590,31.19999999999999
844630,30.84999999999999
846792,27.5
848010,27.80000000000001
848041,46.599999999999994
850163,47.25
850300,51.401428571428575
852290,42
853400,40.5
853922,24.200000000000003
901530,45.900000000000006
910591,25
911011,27.5
920210,23.19999999999999
930390,22.09999999999999
930591,22.5
940550,48.2
950632,27.5
020629,10
020760,20.883897490560003
030332,20
030469,45
030619,45
030691,45
030819,20
050290,27.5
050590,33.650000000000006
051191,45
070610,24.342574832665
070953,40
100410,30
120791,10.019446228669011
150290,20.576980664949986
150940,20.715743988330004
151530,27.5
170240,31.2
240210,24.333333333333332
252620,20
281410,45
283340,48.39999999999999
283429,31.8
284430,16.833333333333332
291241,33
291611,49.19999999999999
291711,48.05000000000001
292215,51.5
292320,42.25
293090,37.88181818181818
293979,10
300190,10
320190,46.53333333333333
320710,48.099999999999994
330190,28.65000000000001
330290,45
340600,27.5
360100,23.25
382541,20
401039,49.05714285714287
441012,35
450190,45
520532,52.30000000000001
520621,29.19999999999999
521131,51.599999999999994
530210,45
530890,37.599999999999994
560311,37
560314,41.5
611212,55.19999999999999
620412,41.900000000000006
640110,65
640391,33.375
700991,42.150000000000006
701720,49.69999999999999
701973,40.25
722820,68
730439,58.44
732393,41.97
810991,48.69999999999999
811300,48.19999999999999
830250,58.97
840910,45
841912,31
842699,48.35
843319,27
846593,45
847979,27.5
851629,47.6
853710,60.025000000000006
860721,40.265
902710,35.166666666666664
902890,44
911012,36.5
960200,29
960990,26.5
020220,20.35
030193,20
030243,45
030253,20
030342,32.5
030614,40.25
040790,43.258623944129994
091099,19.4125
120300,10
121160,20
160242,20.449193247370005
160290,24.549999999999997
160416,46.666666666666664
160563,45
180400,17.5
200830,41.68503271811607
250860,45
271019,30.35054912404936
280490,35
281640,13.1
281990,48.69999999999999
283110,47.75
283691,25.700000000000003
284020,47.19999999999999
290391,43.833333333333336
291479,37.39799999999999
291619,43.8
291811,43.9
292211,41.25
293353,10
293930,10
293942,10
294120,11.75
310319,35
340250,47.5
370610,18.95
382550,30
390110,45.5
390750,49.5
392340,50.30000000000001
410632,24.19999999999999
441819,47.19999999999999
480220,36.666666666666664
480240,45
480421,45
480840,43
490110,17.5
520512,50.599999999999994
520522,52.30000000000001
520614,54.19999999999999
520959,42.900000000000006
521059,45.00000000000001
521139,46.599999999999994
540262,51.5
540822,59.400000000000006
550969,55.73333333333333
570291,38.3
630259,32.13333333333333
640312,23
640610,37.35625
690410,32
691010,25.80000000000001
700910,56.900000000000006
701980,43.85000000000001
720719,96.5
722620,84.5
731420,63.47
731581,64.97
731823,64.97
732611,64.97
740321,15
760320,48.900000000000006
760719,57.80666666666667
810520,34.46666666666667
820820,45
840732,60
841280,44.75
842490,34.4375
842840,44.5
843242,44.5
845970,47.69999999999999
851010,27.5
851769,38.5
852581,44
853641,62.2
854143,24.5
870891,54.916666666666664
871500,24.40000000000001
901510,60
903281,43.5
950430,24
950830,27
961390,26.950000000000003
010631,21.80000000000001
020319,20.143700891210003
020441,22
030279,21.5
030289,24.5
030314,20
030353,45.539051081020006
030692,20
080111,35
090611,17
091011,17.5
100310,45.250386490219995
110419,41.5
110630,46.2
121010,20.611004236360003
130190,24.40000000000001
151499,25.8
160521,47.5
170114,30.75
210220,30.7
220600,33.931840130274
220840,34.5
230800,37.425
271091,17.60194174757
283525,45
284990,40.89999999999999
291300,33.416666666666664
291439,47.625
291512,50.5
291550,49.04999999999999
291620,41.425
293352,10
320890,47.63
330124,28.19999999999999
370790,36.666666666666664
392020,49.19999999999999
392410,28.15000000000001
410631,49.19999999999999
450390,41.333333333333336
491110,17.5
500710,36.60000000000001
510320,22
520642,29.19999999999999
520822,47.86666666666667
520843,45
520951,35.7
531010,42
551512,50
610329,38
620429,41
700210,46.7
701710,40.55
701912,49.80000000000001
710691,35.25
710820,10
721090,78.5
721123,80.8
731100,58.97
731300,64.97
741122,69.14
741220,69.14
761010,53.17
790390,41.55040121601
811252,20
820570,69.47
820740,49.75
821192,50.445
840220,48.30000000000001
841420,37.849999999999994
842112,21.5
842710,46.6
843280,45
843390,42.85
844332,25
844712,27
844790,27.166666666666668
844819,20.5
844833,30.80000000000001
845320,27
851690,45.76000000000001
870510,46.19
910812,23
920999,26.8375
962000,42.205000000000005
970390,27.5
970400,26.5
030319,20
040711,20.17107646264
040729,21
051000,31.299999999999997
081090,33.349999999999994
090411,17.5
090962,15.5
100790,45.1753876402
110510,48.5
150110,22
250620,44
270720,20
270740,10
271099,16.41081224189
271410,35
282735,48.69999999999999
290941,50.5
292244,10
294000,29.45
300693,22.6845630281528
320619,39
321590,47.45
350691,46.98
370400,45
380110,43.849999999999994
381231,51.75
392350,48.80000000000001
392620,38.166666666666664
400249,44.5
400821,45
420100,47.35000000000001
440132,35
440324,20
440399,39
440728,35
441883,34.69999999999999
450110,45
482190,42.75
490700,27.5
490890,27
491000,24.5
510990,48.625
511219,55.5
520613,54.19999999999999
520710,43.5
521041,54.4
530110,45
530390,45
540824,47.5
540834,44.125
550640,25
551623,44.5
551691,38.5
560750,53.53333333333333
600522,53.5
621030,30.725
630231,37.2
630411,30.46666666666667
670210,25.90000000000001
701020,44.349999999999994
711320,29.21666666666667
720221,26.575000000000003
720810,60
721049,94.5
722611,80
722619,87.75
722840,81.5
731811,77.47000000000001
741121,67.84
741529,65.47000000000001
750220,19
760521,57.24000000000001
760720,56.24
761410,74.87
780200,20
810194,26.59999999999999
820530,50.349999999999994
841911,44.5
842129,48.35
843010,41
843880,45
845690,47.599999999999994
846022,49.400000000000006
846263,49.400000000000006
846330,44.900000000000006
847621,44
847690,32.5
847780,46.099999999999994
847790,39.525
853222,44.5
854390,43.05857142857143
854411,47
854720,44.5
870870,57.583333333333336
871150,37.43
890331,35.5
910529,29.7
940519,49.9
950699,27.12642857142857
020500,20
020752,20.71304885792
030329,45
030482,20
050100,27.40000000000001
070490,55.158076614615
080830,37.10455987065001
120710,27.5
160561,45
190520,27.5
230240,20
270220,10
281213,48.69999999999999
281610,38.1
284410,25
291513,49.599999999999994
291735,26.5
292129,41.25
292249,34.58
293154,21.84999999999999
293335,15.9
300242,10
310100,35
330112,30.19999999999999
330590,45.93
340530,44
380290,49.366666666666674
382489,51.75
390330,47
391000,48
391110,51.099999999999994
391590,45
400231,20
400819,46.650000000000006
401140,45
440312,10
440322,20
441242,35
460290,48.5
480451,45
482320,45
530610,45
540412,51.900000000000006
550810,56.400000000000006
560890,53.05
570410,48.69999999999999
570490,44.5
580710,49.06666666666667
590900,46.150000000000006
600310,55.349999999999994
610590,31.8
610690,32.949999999999996
620312,49.650000000000006
621210,36.075
650400,50.76666666666667
690390,45
711041,35
720720,65.5
720826,76.5
720851,62.5
720918,69.5
721399,81.5
730424,50.94
730531,67.10666666666667
731450,58.47
732690,67.18666666666667
760511,56.74000000000001
790400,49.19999999999999
810430,14.4
820720,66.37
820780,49.25
821000,48.69999999999999
821110,51.97
843120,26.85
844313,45
845490,29.5
846242,29.40000000000001
850212,47.25
850231,49.65
850240,48
851020,48
851030,24.19999999999999
851140,40.75
851240,62.5
852560,51.5
853931,46.900000000000006
854159,35
854519,44.75
871420,20
903210,40.849999999999994
910910,31.614001947995
911090,28.066666666666663
920120,31.69999999999999
930190,23.866666666666664
940521,49.36666666666667
950810,27.5
960720,52
970531,27.5
010649,27.5
030563,33.333333333333336
030722,43
040490,34.260348454462
070820,32
071340,28.087093988131485
071450,20.075000000000003
080212,34
121292,45
151321,20
160530,37.5
170199,40.25
200939,27.5
200950,20.11010988132
210130,28
240110,66.6875
250490,10
252100,45
260400,35
280610,44
290260,45
290329,49
290399,36.22222222222222
292243,37.5
293530,26.5
293628,10
293951,20
293962,10
293980,23.25
310250,26
321519,46.20000000000001
360360,27.19999999999999
400922,62.25
420340,34.45
480540,45
480610,44
490900,23.75
491199,20.833333333333332
511190,56.225
520535,57
520949,47.400000000000006
530500,45
540730,45.75
550620,44.19999999999999
551030,52.5
551522,36.05
551643,45
570339,50.75
590410,43.5
590699,38.625
600538,55
600624,42.5
611420,38.30000000000001
620333,52.150000000000006
620342,35.800000000000004
621040,30.975
630222,33.150000000000006
630253,38.80000000000001
680291,48.3
681011,47.19999999999999
690210,44.5
690723,51.1
720610,92.5
722220,77.5
731819,70.67000000000003
810295,26.59999999999999
810419,16.5
820240,48.099999999999994
830249,49.2675
830910,41
840810,47.5
843410,27.5
844312,45
844610,27.5
845130,44.5
846251,49.400000000000006
846789,28.175
847340,44.375
847420,41
847629,45
850161,44.25
850660,33.69999999999999
851521,43.5
851779,31.110000000000007
852190,27
853090,45
853221,40.5
860729,47.599999999999994
870990,45
871190,44.5
880260,20
880694,20
903089,44.5
903180,44.5
910511,26.75
920190,23.5
940350,41.666666666666664
940610,47.599999999999994
950631,31.90000000000001
030249,20
030273,21.5
030356,45
030444,28.5
030448,20
070320,45.150966960790015
070690,49.86666666666667
081010,20.343065528494492
081210,36
090932,16.5
230110,45
251320,45
251990,13.333333333333334
280200,34
282751,44.5
282890,48.69999999999999
291429,41.125
291536,22.75
291814,50
292242,44.925
292250,14.55181818181818
293010,21.22999999999999
293890,13.85
320210,51.5
350219,23
360490,34
381700,51.5
390390,51.5
390490,47.25
390761,43.25
391239,37.6
400239,45
400931,47.5
410621,22.40000000000001
440890,27.5
440921,35.35
441410,30.90000000000001
482361,44
520643,29.19999999999999
521032,30
521049,53.67999999999999
540791,52.3
551692,45.5
600543,46.5
610441,41.099999999999994
610711,34.900000000000006
611522,34.900000000000006
620349,33.955555555555556
680293,48.69999999999999
691090,32.19999999999999
721030,94
730230,59.94
732211,45
750810,48
760810,66.99000000000001
810830,11
821220,27.5
840290,47.80000000000001
841440,44.69999999999999
843353,45
844391,24.166666666666668
844820,31
846594,39.400000000000006
848710,45
851529,44.5
852872,32.26363636363636
852873,50
853530,47.69999999999999
854099,31.25
854710,45.5
880220,39.5
900792,40
901290,36
901380,43.46666666666667
903031,42.5
903032,42
930510,28.22499999999999
940180,38.833333333333336
960110,21
020630,20
020753,20.883897490560003
030346,20
030354,45
071010,59
090832,17.5
151329,27.5
170211,33.900000000000006
220291,27.62240315490999
230310,46.400000000000006
230400,45.128077330040014
240492,25
270820,21
271113,23
282732,45
290230,41
290379,29.425
292111,25.69999999999999
292521,13.25
320413,44.333333333333336
320642,47.19999999999999
370298,45.69999999999999
382485,51.75
382731,23.69999999999999
390740,50.80000000000001
391212,50.599999999999994
440791,35
441090,33.5
441850,36.5
450310,40.375
450410,43.857142857142854
470610,35
481310,44.5
482050,44.5
520911,49
530290,45
540232,53
550311,49.30000000000001
560394,44.166666666666664
600521,55
610729,32
611012,33.5
620130,33.1
620462,34.371428571428574
621410,29.799999999999997
630312,38.80000000000001
630690,24
690510,58.5
701990,45.55000000000001
720299,40.9
720310,45
720838,60
730611,59.94
730810,64.97
731589,66.27000000000001
750522,47.8
842541,44.5
843890,34.150000000000006
843930,45
845221,26.75
845420,43.35
845522,44.5
845949,45.69999999999999
845961,48.69999999999999
845969,49.19999999999999
846320,49.400000000000006
847029,44.5
847740,48.099999999999994
848240,65.3
850730,38.625
851762,23.5
852713,20
852849,30.2
853225,44.5
854231,32
870123,39
880610,20
900319,27.5
902121,20
940152,45
970192,27.5
020322,20.228824619229997
020690,20
030222,20
030252,20
030341,45
030359,43
030890,45
070700,21.6930993441675
070970,40
071233,52.80000000000001
071335,45
080121,10
080310,23.200000000000003
100710,20.110861258309995
110620,43.650000000000006
120924,20.63939315529001
121299,36.93636350196667
190110,37.8875
200850,64.65
252329,45
252390,28
262030,10
282120,40.5
282919,48.30000000000001
283539,48.39999999999999
290341,23.84999999999999
290362,25.40000000000001
290393,33.25
290899,36.40090909090909
291250,35.125
291462,11.829999999999998
291720,49.400000000000006
292219,14.045714285714284
293299,29.257000000000005
293410,27.2925
300410,10
382487,48.849999999999994
382790,48.599999999999994
390519,49
390710,39.75
401692,24.19999999999999
411200,47
440141,10
441300,38.7
480439,42.833333333333336
490520,17
490600,17.5
500300,33.75
540342,28
550330,49.30000000000001
550912,55.599999999999994
551694,44
610322,42
610343,45.53333333333333
610520,49.8
611020,37.75
630140,28.5
630499,31.533333333333346
640420,45.5
650610,25.75
680790,47.69999999999999
710510,27.5
720260,10
722511,97.5
732310,64.97
732429,46.97
821410,25
841181,37.425
842121,36.5
844519,30.80000000000001
847050,26.5
847890,24
850431,53.1
851650,22
852799,29
854060,23
854340,45.099999999999994
860692,34
870129,39
870892,50.626666666666665
871160,34.93
900311,30
900710,44.5
902290,31.97142857142858
903010,44.5
961220,30.5
020120,20.35
030453,26.5
030559,32.5
030822,45
070999,43.53333333333334
080940,20.116387337060004
090812,17.5
100640,45.33386723526999
180620,32.54
250870,45
251612,47.80000000000001
252310,45
280470,20
284442,20
290722,50.5
291260,50.099999999999994
291614,46.849999999999994
291712,50.333333333333336
293723,10
293941,10
310490,35
310551,35
320418,38.05
320740,51.25
370120,38.7
380891,44.604
382450,32.5
382520,27.5
382762,49.690000000000005
390690,43.8
391890,46.7
400280,45
401031,47.85000000000001
440122,25
440220,35
440410,35
470100,20
480530,30
481159,45
520841,41.05
530620,45
540500,49.60000000000001
540781,51.900000000000006
540832,48.275
550991,57
551511,37.900000000000006
570390,47.80000000000001
580430,49.69999999999999
580631,53.80000000000001
600129,50
611190,37.837500000000006
620323,46
620423,47
620920,39.72500000000001
621133,42.75
640299,48
701391,36
730290,56.94
730490,63.315
730729,67.94
790500,47.80000000000001
810399,14.4
840211,50.19999999999999
841850,36.5
842240,44.25
842539,36
843221,45
846259,49.400000000000006
847030,45
850690,40.19999999999999
850870,48.41000000000001
853690,41.20333333333333
854511,45
854931,20
871120,25.5
871492,49.25
880510,25
901410,39.125
901832,20.5
902410,30.5
903084,45
910111,32.25
950691,33.11000000000001
020130,20.268758987632506
040719,20.277108072640004
081330,44.59864346921398
110100,36.76456524433999
120110,45
121150,45
150300,21
152200,23.80000000000001
160431,59.5
170230,37.833333333333336
180500,17.64345443510001
200190,43.99277693225538
220720,28.90000000000001
230620,45.25983070824
250200,45
250510,40
251910,10
260900,10
271210,35
282110,38.7
282749,20.5
285210,25.25
290359,19.375
290372,48.69999999999999
291829,36.80400000000001
291910,48.849999999999994
293341,10
300449,10
310280,10
330620,27.5
370130,44.93
370253,34.19999999999999
370296,39.69999999999999
380894,31.784999999999997
380910,30
382732,23.69999999999999
382739,23.69999999999999
391722,47.55000000000001
400259,45
410120,23.41428571428572
442199,33.385714285714286
470500,45
481014,32.214285714285715
520611,54.19999999999999
521019,43.3
540245,49
540341,54.099999999999994
540600,51.75
580122,60.099999999999994
580123,55
610413,29.200000000000003
620140,42.56153846153846
620719,32.599999999999994
630900,26.5
640520,29.833333333333332
711719,31.316666666666663
722211,91.5
730520,49.815
730690,59.19
732421,45
740313,11
740829,68.64
840490,47.5
840734,61.25
841121,20
841720,25.5
841939,42
841940,42
843110,50.5
844711,26.25
845121,52.3
845941,49.19999999999999
846596,27.90000000000001
846691,42.75
848510,47.75
851713,10
851829,23.75
853951,45
871200,45.7
880100,23.5
880629,24
900190,44.3
902519,36.25
940153,45
970129,27.5
010620,27.5
030194,20
030281,20
030488,20
030694,20
040120,20.694989288415
060110,25.626387169281426
100390,35.98872171456999
100860,11.099999999999994
120930,45.01264300916898
220190,45
261390,10.373932271030014
262110,20
280110,45
281214,20
282520,13.7
283620,46.19999999999999
291713,36.9
291821,51.5
292149,28.74571428571429
292214,10
292217,51.25
293399,13.507241379310344
330125,27.5
350110,23.804799983905
350300,28.125
350710,45
381090,48.833333333333336
382561,45
382600,36.425
390530,48.19999999999999
392113,43.425
392210,33.30000000000001
400121,22.5
410419,36.02
430160,26.299999999999997
430400,50
440420,35
441231,29
441520,50.349999999999994
441830,48.19999999999999
460121,39.93333333333334
510400,20
520420,48.400000000000006
551412,59.900000000000006
560221,56.5
600410,54.80000000000001
611691,34.5
621230,50.5
680423,44.5
691490,43.05
701342,36.875
710692,36
721240,89.75
731812,77.47000000000001
732182,34.11
740500,34.5
810197,12.8
810330,10
820760,42.30000000000001
821490,26.333333333333332
840590,45
841630,42
842211,35.3
844090,20.5
844512,27.5
844851,25.625
846390,46.900000000000006
847689,27
847710,50.21666666666667
848310,57.61666666666667
848490,46.25
848580,47.25
850134,57.9
853649,47.19999999999999
854081,48.69999999999999
860800,48.80000000000001
870893,55.22
871390,20
890690,33.5
900410,29.5
900691,29.30000000000001
902620,36.25
903090,37
940110,27
940131,45
940399,43.28666666666667
960629,41.13333333333333
010619,26.15000000000001
020641,20
020713,23
030247,20
030339,45.25749067442001
030760,50
040299,40.28333333333333
040590,44
060312,24.799999999999997
071339,41.63929421646
110320,32.5
110430,49.5
121140,20
160412,29.666666666666668
160432,31.5
160557,38
160562,20
180631,33.099999999999994
200981,20.37883977982
200989,35.7989769289848
210500,45.5
230630,45.27010853745
251010,10
271111,35
283699,35.519999999999996
284190,37.85833333333333
290516,48.69999999999999
291020,50.5
292030,48.849999999999994
292239,32.424285714285716
293293,49.30000000000001
293623,10
293972,10
320620,37.69999999999999
321210,47.69999999999999
330210,27.1
330499,45.215
330530,45.93
350190,30.5172924382245
380992,38.75
381010,49.93
430180,23.5
470691,20
480511,45
481890,25.5
481930,44.5
511000,45
520300,40.93333333333334
520419,48.400000000000006
520513,51.900000000000006
520515,43.45
521111,44.69999999999999
521152,28.09999999999999
530911,44
560500,55.349999999999994
600122,37.19999999999999
610462,39.85000000000001
620439,40.400000000000006
620640,39.3
620930,48.86666666666667
621390,30.750000000000007
630640,31.19999999999999
681490,47.599999999999994
690911,45.5
720219,11.85
720825,60
721260,68.5
722011,82.5
731414,63.57000000000001
741521,66.47000000000001
741980,66.1925
760410,57.84
810294,22
810530,12
821193,69.97
840219,49.69999999999999
841229,46.425
841350,42.5
844811,27.5
845510,33.5
847910,40.5
848060,27.5
848320,52.85
850131,40.78
851230,62.5
851531,46.099999999999994
851610,27
851714,20
852491,28.25
853890,46.4
854239,30
854912,23.75
871495,51.5
880790,32
901730,49.60000000000001
911430,33.2
940382,41
960610,46.849999999999994
960860,26
010130,26.80000000000001
030213,20
030285,21.5
030334,20.25034597503
030712,20
030791,45
040320,43.375
040630,47.28260869565217
070952,40
080119,22.5
080410,42.29467114681
080921,20
110820,47.599999999999994
130219,27.833333333333332
151411,33.900000000000006
200921,28.5
251720,45
252610,20
281290,48.69999999999999
281910,48.69999999999999
283220,41.599999999999994
284321,48.69999999999999
290123,20
291100,46.825
292800,30.493999999999993
300212,10
320500,48.625
340130,47.43
360410,23.85000000000001
370710,48
390421,51.5
390521,49
390890,48.25
390939,51.5
400129,30.5
400932,62.25
401170,45
401694,49.19999999999999
410792,43.3
440391,30.5
440714,45
520514,53.25
520829,54.95
560741,47.849999999999994
570420,45
580220,49
600110,41.599999999999994
600542,54.5
610341,38.3
710110,27.5
710429,28.5
721114,80
721661,44
731419,64.47
731439,64.97
732020,48.28499999999999
732219,64.97
750110,10
811261,45
811299,41.8
821195,63.63666666666666
840731,60
842832,49.35
843840,29.80000000000001
845230,25
846410,45
847490,37.35
851640,21.40000000000001
853390,33.5
853952,22
860290,22.53
870821,62.5
901790,22.5
901811,41.833333333333336
910690,47.31666666666666
910700,55.5
911190,33.76666666666667
930110,20
940191,30.833333333333332
950300,20
960190,27.574999999999996
020423,21.03549813214499
020810,51.400000000000006
030254,21.5
030391,39.5
030616,41.5
030617,30
030751,45
040620,54.88799999999999
060314,33.900000000000006
081340,40.033862315253565
090210,19.200000000000003
120810,38.400000000000006
120922,20.5
130231,24.5
151211,30
151550,27.60641292939999
151710,25
200110,54.599999999999994
240411,45.24790541799001
252020,42
281211,32.19999999999999
282810,22.40000000000001
283311,25.950000000000003
290313,25.5
290322,49.099999999999994
290517,46.5
291815,50.099999999999994
292019,50.7
293622,10
294130,10
294200,35.22
320416,51.375
360310,28
381210,49.25
382510,27.5
390120,45.25
390529,49
390769,43.75
392329,47.5
400241,45
401019,47.24
410712,39.56250000000001
430219,47.05714285714284
440711,42.5
440713,45
440725,10
441241,35
441252,25.25
441259,27.3
441510,40.56666666666666
470692,44.5
520544,54.900000000000006
520823,49.599999999999994
540120,55.900000000000006
540810,59.900000000000006
540831,53.3
550111,52.5
551229,44.5
551423,50.900000000000006
560819,50.75
590490,38.25
600633,55
610463,45.666666666666664
610829,31.450000000000003
621710,35.166666666666664
630492,31.30000000000001
630630,26.5
630800,31.40000000000001
701690,41.75
701972,32.550000000000004
720529,44
721190,87
721631,101
721633,90
721923,92.5
730630,70.77333333333333
731700,68.47000000000001
731814,71.62000000000002
731816,47.47
740610,66.14
820840,44.75
842091,42.53333333333333
843352,45
851220,61.25
853224,45
860712,48.599999999999994
900220,44.75
900580,30.5
901120,48.05
901490,36.625
901890,25.95
902110,20
910820,26.25
010612,20
021099,22.30000000000001
030367,45
030459,28.5
030541,25
030615,20
030759,45
040410,55.62152777777834
050690,45
051199,45.02
060315,33.900000000000006
070951,97.5
071350,33.191591271955005
071410,32.10000000000001
080420,46.5
100490,36.5
100890,46.099999999999994
120890,46.400000000000006
160411,45
170112,39
200891,10.900000000000006
200919,16
220410,22
220860,25
250610,45
252321,45
252510,45
281111,35
283190,50.5
285310,47.80000000000001
290369,29.175
290431,23.69999999999999
290541,48.69999999999999
290919,38
291733,39
292700,40.805
293060,48.73000000000002
293331,38.5
381190,51.5
382492,50
400811,45.150000000000006
410640,45
420212,57.61666666666667
441194,25
470730,38
480620,44.5
481031,44.833333333333336
521159,39.599999999999994
540261,52
540833,39.5
580300,42.5
590500,43.5
600642,54.5
610210,43.5
610819,25.84999999999999
610822,38.95
640212,27.5
640590,31.90000000000001
650699,50.400000000000006
680911,36.5
701090,44.425
710399,27.5
720291,38.7
720292,24.19999999999999
720837,60
721720,82.7
730451,68.44
730723,63.94
740200,34
740311,11
810210,21.5
841990,41.974999999999994
842191,31.666666666666668
842860,31.85
842951,42.35
843039,45
843621,45
845720,34.30000000000001
846012,49.400000000000006
846510,46.900000000000006
847180,59.166666666666664
847480,44.5
850151,61.225
851672,25.30000000000001
853720,62.7
854020,38.150000000000006
870810,64.99
871680,46.635000000000005
880400,41.5
901910,20
940592,48.349999999999994
950590,20
950829,26
961519,26.666666666666668
010515,20.952062439149984
020724,22
030234,20
030539,39.666666666666664
030719,35.5
030731,45
080390,22.5
081050,10
140490,37.159108437718
150420,46.535041652323336
200520,51.400000000000006
200929,60
280512,48
290531,50.5
291570,50
291634,39.25
291816,44.925
291822,16.375
292411,10
292630,18.25
292990,38.6875
293153,11.85
293722,10
310430,35
330720,48.83
380210,49.30000000000001
382765,49.690000000000005
391220,35.599999999999994
400270,45
400599,44
400700,43.5
440929,31.6375
470419,20
530121,45.070721357850005
540743,42.5
551311,59.900000000000006
600541,30
610510,47.19999999999999
611090,27.200000000000003
611699,27.950000000000006
620442,32.900000000000006
621520,33
721012,91.5
721913,86
722219,98
722230,86.5
722490,76.5
722519,72
730422,37.940000000000005
730791,66.94
731029,64.47
740919,65.30666666666667
750512,47.666666666666664
780420,45
810490,38.5
820231,45
830170,31.5
830520,47.47
843041,45
843210,45.84999999999998
844530,27.5
844832,25
845730,48.30000000000001
846799,45
847170,56.785714285714285
847990,31.871428571428567
851419,41
851711,25.5
853590,47.69999999999999
853670,45
853949,47.400000000000006
854121,35
870195,48.43
880691,20
902129,20
902213,38
911320,32
920994,27.94999999999999
930400,29.866666666666664
940541,48.525
950822,27.5
950823,27.5
010121,20
010633,21.80000000000001
020725,31.5
030236,20
030246,21.5
060210,32.30000000000001
070992,23
070993,39.43333333333334
071334,30.91439753238667
080280,10.856428052620004
110610,53.30000000000001
121120,35.5
190120,42.4
210112,33.8
210610,51.400000000000006
252010,45
252410,20
260112,20
281700,35
282560,38.2
282990,39.2
285000,40.02
290499,40.28111111111111
290891,25.25
293146,21.84999999999999
293492,16.75
300650,20
310559,32.5
340120,45
370241,23.69999999999999
380510,50
382720,23.69999999999999
392059,42.166666666666664
392390,47.5
400260,45
411420,39.166666666666664
440796,35
440799,34.5
460192,48.39999999999999
481190,43.142857142857146
482010,44.5
491191,14.4
511111,58.666666666666664
521029,50.66
521143,53.099999999999994
521225,35
550992,52.5
551020,55.19999999999999
551319,53.400000000000006
551331,59.900000000000006
560129,39.5
590691,43.724999999999994
611610,35.870000000000005
620799,32.28333333333333
621290,33.599999999999994
630293,28.049999999999997
670100,49.69999999999999
681140,45
710410,29.5
721510,93.5
722300,84.66666666666667
722990,85.5
730210,52.94
730890,64.97
741110,64.89
750711,47
750712,46
830242,40.80999999999999
840820,54.126666666666665
842010,37.5
843920,45
844399,39.8125
845819,49.400000000000006
846229,49.400000000000006
846721,21.69999999999999
847010,43.5
847510,44.5
848610,27
850132,60.8625
850172,39
850432,46.69999999999999
851439,39.900000000000006
851621,45
852341,10
860120,22.53
900850,28.619999999999997
901060,45
930310,27.5
940139,45
940169,41.375
940179,36
950826,24.5
960350,27.5
961900,31.057894736842112
010611,27.5
010632,21.80000000000001
030472,20.25
030486,20
030772,44.5
070420,32.5
071159,46.599999999999994
071430,43.925
080232,42
080711,33
090520,10
090811,17.5
120770,45.00401601673531
120925,45.09734471997001
200899,37.81821705364739
200979,38
210210,33.900000000000006
220830,20.5
220850,27.5
230610,21
240399,146.25959158974334
261590,27
283990,48.099999999999994
290619,44.75
290723,32
291050,49.900000000000006
291419,38
291612,50.099999999999994
292424,20
300431,10
320490,50.94999999999999
321290,46.099999999999994
330119,28.84999999999999
370255,45
381121,52.43
390190,40.916666666666664
390512,46
401032,47.85000000000001
411320,46.69999999999999
440393,10
440396,35
440691,45
441874,47.666666666666664
482340,40
510111,36
510211,34.553571428569995
511300,47.69999999999999
521120,53.400000000000006
521213,47.400000000000006
521221,40.650000000000006
540252,53.80000000000001
551419,51.7
551634,46.599999999999994
551644,53.5
580610,50.62500000000001
610433,46.349999999999994
620419,35.875
630190,27.19999999999999
630392,34.80000000000001
681512,45
700719,31.5
701961,41.96666666666667
702000,45.2
711100,55
720241,28.4
720421,16
720450,45
720521,45
721410,64.5
722920,93.5
730300,44.5
731512,49.34999999999998
732290,50.41000000000001
741210,69.14
761100,47.599999999999994
811020,10
840130,24.80000000000001
841122,20
841290,46.425
842390,44.400000000000006
843320,47.35
844180,44.5
845011,34.3
845630,47.95
845710,46.55
846262,49.400000000000006
847431,45
852110,24.333333333333332
852411,24.5
852419,35
853669,46.099999999999994
880521,45
880529,45
901110,37.75
901814,37.5
901820,43.5
910211,34.9375
940290,20
940320,33.51000000000001
961320,29
020110,23.700000000000003
030232,20
070190,20.349133782435004
070529,20.031389694200016
080720,15.400000000000006
090122,14
160559,42.75
170113,39
240491,33.900000000000006
261310,22
261800,38.5
261900,32.5
280440,49.63
284330,40
284910,29.30000000000001
290242,45
290382,25.5
290519,32.175
290943,50.5
292119,34.199999999999996
293711,10
293810,11.25
320290,47.5
391723,47.55000000000001
392071,51.19999999999999
400520,45
400911,46.5
401213,45
410390,23.625
430130,20
441193,30.08
480411,35
481022,38.625
482390,43.25
510540,45
520100,30.2121545625125
520542,51.5
520832,50.675
540231,53.400000000000006
560210,56.3
560229,51.30000000000001
560900,47.575
570299,42.1
580132,34
580137,57.849999999999994
610339,33.800000000000004
620421,41.5
620452,31.84999999999999
620610,34.400000000000006
620819,33.099999999999994
620891,36.599999999999994
630221,34.75
680299,48
691110,38.28333333333334
701590,24.333333333333332
710391,27.5
711031,35
711711,35.5
720280,40.6
721230,74.16666666666667
721550,80.5
721640,76
730840,56.47
731010,60.47
830610,25.80000000000001
831120,45
842833,46.35
846810,28.90000000000001
848079,54.535
850171,43.75
850421,44.5
850811,36.5
851680,42
854110,35
870822,62.400000000000006
880211,34.5
900110,47.19999999999999
901850,20
902230,43
902910,62.15
910199,22
940149,45
961380,31.660000000000004
961610,27.5
970539,26.5
030224,20
030732,45
041090,46.099999999999994
060311,27.30000000000001
071490,42.777777777777786
120740,45
151521,26.40000000000001
160232,51.400000000000006
200961,30
210230,27.5
251611,36
283410,49.3
283522,46.400000000000006
283529,46.825
290532,49.5
290920,38.85
291221,50.5
291817,25.80000000000001
293355,20
293590,14.226428571428572
293624,10
293790,10
300343,20
330300,45.76333333333333
340391,51.25
370243,48.69999999999999
390320,51.5
392310,45.5
392510,38.80000000000001
400211,45
401036,49.74
401691,47.69999999999999
420299,50.7
440395,35
440398,35
440611,20
440722,35
441881,46.19999999999999
480449,45
520547,32
521119,51.19999999999999
551211,48.5
580126,43
680430,42.5
720853,92.5
721914,82
721934,84.5
732591,67.37000000000002
741021,65.39
790112,12.5
811213,20
841391,51.416666666666664
843710,42.5
846711,46.25
847971,45
848520,47.599999999999994
851150,62.25
851440,40
851519,35.5
853120,43
853180,23.825000000000003
853190,41.875
870899,57.244615384615386
900130,29.5
903290,41.416666666666664
910819,27.75
960310,42.5
960622,39.5
030475,20
030749,35.5
030829,20
070956,45
090422,17.737462155854
120242,89.275
130232,27.5
150990,28.241216669750003
151221,26
160417,45.5
170219,33.900000000000006
190220,51.400000000000006
190300,17.6886451516
250100,44
250850,20
251200,45
270791,10
281810,17.9
282550,46.06666666666667
283319,45
284329,31.35
290371,49.63
291229,41.75
292429,29.656666666666663
293144,23.84999999999999
293627,10
293719,10
300342,10
300441,10
382482,36.05
391510,45
392119,48
430110,27.5
441600,37.73333333333333
450200,45
460219,49.41428571428572
470321,10
480519,45
481141,43.5
481950,43.666666666666664
482020,34.5
500200,45
520524,54.900000000000006
520546,32
520622,54.19999999999999
540220,40.650000000000006
550340,49.30000000000001
551421,53.900000000000006
580133,37.30000000000001
610442,39
610449,29.75
620433,39.8
630319,35.60000000000001
630590,33.69999999999999
640220,20
660320,26
700530,42.98630554744
701310,42.2
701337,40.68571428571429
732190,46.01000000000001
761610,54.314
790700,36.333333333333336
811219,50.5
821520,59.47
843141,40.85
844900,21.549999999999997
845290,28.5
846140,41.35000000000001
846269,49.400000000000006
847681,45
853010,39.5
854040,46.5
854690,44
870441,60
871620,21.5
890130,20
890590,26.25
902229,20.25
940599,54.885000000000005
950640,25.09999999999999
950651,28.273333333333337
970122,27.5
020430,20.10643263196999
030542,37.5
040900,25.70500104577999
070920,36.900000000000006
090510,10
091030,17.5
110710,44.81897123787999
110819,24
120230,151.8
150500,34.2
160415,48
180200,10
260500,10
261690,20.511460280040012
262011,20
280429,20.86
280910,45
281000,42
283630,39.5
290250,38
290342,24.69
290819,35.19
291030,48.849999999999994
293143,31.34999999999999
293626,10
320820,48.03
392093,50.80000000000001
392530,30.30000000000001
401695,30.69999999999999
440290,35
441891,45.349999999999994
460193,48.099999999999994
510510,49.5
530130,45
550921,51.19999999999999
570210,32
600330,55.599999999999994
610719,26.75
621220,45.5
690730,52.1
711311,29.433333333333337
720430,20
721391,80.33333333333333
721922,77.5
722810,71.5
731582,64.72
731815,67.31000000000002
760421,57.64
780600,44.9
841191,39
842441,46.2
842920,49.35
843991,24.5
846190,44.400000000000006
847021,45
847950,47.5
854470,43.5
871493,46.583333333333336
890312,39.400000000000006
900211,46.583333333333336
900791,27.450000000000003
920991,27.59999999999999
940210,20
940330,40.75
961210,30.950000000000003
