hs06,us_tariff_2019,us_tariff_2020
010121,15,7.5
010129,15,7.5
010130,15,7.5
010190,15,7.5
010221,15,7.5
010229,15,7.5
010231,15,7.5
010239,15,7.5
010290,15,7.5
010310,15,7.5
010391,15,7.5
010392,15,7.5
010410,15,7.5
010420,15,7.5
010511,15,7.5
010512,15,7.5
010513,15,7.5
010514,15,7.5
010515,15,7.5
010594,15,7.5
010599,15,7.5
010611,15,7.5
010612,15,7.5
010613,15,7.5
010614,15,7.5
010619,15,7.5
010620,15,7.5
010631,15,7.5
010632,15,7.5
010633,15,7.5
010639,15,7.5
010641,15,7.5
010649,7.5,3.75
010690,10,5
020110,15,7.5
020120,15,7.5
020130,15,7.5
020210,15,7.5
020220,15,7.5
020230,15,7.5
020311,15,7.5
020312,15,7.5
020319,15,7.5
020321,15,7.5
020322,15,7.5
020329,25,25
020410,15,7.5
020421,15,7.5
020422,15,7.5
020423,15,7.5
020430,15,7.5
020441,15,7.5
020442,9.375,4.6875
020443,15,7.5
020450,15,7.5
020500,15,7.5
020610,25,25
020621,15,7.5
020622,15,7.5
020629,15,7.5
020630,15,7.5
020641,15,7.5
020649,15,7.5
020680,15,7.5
020690,7.5,3.75
020711,15,7.5
020712,15,7.5
020713,15,7.5
020714,15,7.5
020724,15,7.5
020725,15,7.5
020726,15,7.5
020727,15,7.5
020741,15,7.5
020742,15,7.5
020743,15,7.5
020744,15,7.5
020745,15,7.5
020751,15,7.5
020752,15,7.5
020753,15,7.5
020754,15,7.5
020755,15,7.5
020760,15,7.5
020810,25,25
020830,15,7.5
020840,15,7.5
020850,15,7.5
020860,15,7.5
020890,20,16.25
020910,15,7.5
020990,15,7.5
021011,15,7.5
021012,15,7.5
021019,25,25
021020,15,7.5
021091,15,7.5
021092,15,7.5
021093,15,7.5
021099,15,7.5
030111,25,25
030119,25,25
030191,25,25
030192,25,25
030193,25,25
030194,25,25
030195,25,25
030199,25,25
030211,25,25
030213,25,25
030214,25,25
030219,25,25
030221,25,25
030222,25,25
030223,25,25
030224,25,25
030229,25,25
030231,25,25
030232,25,25
030233,25,25
030234,25,25
030235,25,25
030236,25,25
030239,25,25
030241,25,25
030242,25,25
030243,25,25
030244,25,25
030245,25,25
030246,25,25
030247,25,25
030249,25,25
030251,25,25
030252,25,25
030254,25,25
030255,25,25
030259,25,25
030271,25,25
030272,25,25
030273,25,25
030274,25,25
030279,25,25
030281,25,25
030282,25,25
030283,25,25
030284,25,25
030285,25,25
030289,25,25
030291,25,25
030292,25,25
030299,25,25
030311,25,25
030312,25,25
030313,25,25
030314,25,25
030319,25,25
030323,25,25
030324,25,25
030325,25,25
030326,25,25
030329,25,25
030331,25,25
030332,25,25
030333,25,25
030334,25,25
030339,25,25
030341,25,25
030342,25,25
030343,25,25
030344,25,25
030345,25,25
030346,25,25
030349,25,25
030351,25,25
030353,25,25
030354,25,25
030355,25,25
030356,25,25
030357,25,25
030359,25,25
030363,25,25
030364,25,25
030365,25,25
030366,25,25
030367,25,25
030368,25,25
030369,0,0
030381,25,25
030382,25,25
030383,25,25
030384,25,25
030389,25,25
030391,25,25
030392,25,25
030399,25,25
030431,25,25
030432,25,25
030433,25,25
030439,25,25
030441,25,25
030442,25,25
030443,25,25
030444,25,25
030445,25,25
030446,25,25
030447,25,25
030449,25,25
030451,25,25
030452,25,25
030453,25,25
030454,25,25
030455,25,25
030459,25,25
030461,25,25
030462,25,25
030463,25,25
030469,25,25
030471,0,0
030472,12.5,12.5
030473,25,25
030474,25,25
030475,0,0
030479,25,25
030481,25,25
030482,25,25
030483,25,25
030484,25,25
030485,25,25
030486,25,25
030487,25,25
030488,25,25
030489,25,25
030491,25,25
030492,25,25
030493,25,25
030494,0,0
030495,12.5,12.5
030496,25,25
030499,25,25
030510,25,25
030520,25,25
030531,25,25
030532,25,25
030539,25,25
030541,25,25
030542,25,25
030543,25,25
030544,25,25
030549,25,25
030551,25,25
030552,25,25
030553,25,25
030554,25,25
030559,25,25
030561,25,25
030562,25,25
030563,25,25
030564,25,25
030569,25,25
030571,25,25
030572,25,25
030579,25,25
030611,25,25
030612,25,25
030614,25,25
030615,25,25
030616,25,25
030617,25,25
030619,25,25
030631,25,25
030632,25,25
030633,25,25
030634,25,25
030635,25,25
030636,25,25
030639,25,25
030691,25,25
030692,25,25
030693,25,25
030695,25,25
030699,25,25
030711,25,25
030712,25,25
030719,25,25
030721,25,25
030722,25,25
030729,25,25
030731,25,25
030732,25,25
030739,25,25
030742,25,25
030743,25,25
030749,25,25
030751,25,25
030752,25,25
030759,25,25
030760,25,25
030771,25,25
030772,25,25
030779,25,25
030781,25,25
030782,25,25
030783,25,25
030784,25,25
030787,25,25
030788,25,25
030791,25,25
030792,25,25
030799,25,25
030811,25,25
030812,25,25
030819,25,25
030821,25,25
030822,25,25
030829,25,25
030830,25,25
030890,25,25
040110,15,7.5
040120,15,7.5
040140,15,7.5
040150,15,7.5
040210,15,7.5
040221,15,7.5
040229,15,7.5
040291,15,7.5
040299,15,7.5
040310,15,7.5
040390,15,7.5
040410,25,25
040490,15,7.5
040510,25,25
040520,15,7.5
040590,15,7.5
040610,15,7.5
040620,15,7.5
040630,15,7.5
040640,15,7.5
040690,15,7.5
040711,15,7.5
040719,25,25
040721,25,25
040729,25,25
040790,25,25
040811,25,25
040819,25,25
040891,15,7.5
040899,25,25
040900,25,25
041000,25,25
050100,15,7.5
050210,0,0
050290,15,7.5
050400,15,7.5
050510,15,7.5
050590,25,25
050610,25,25
050690,25,25
050710,15,7.5
050790,25,25
050800,25,25
051000,32.5,28.75
051110,25,25
051191,25,25
051199,25,25
060110,13.392857551574707,6.6964287757873535
060120,15,7.5
060210,15,7.5
060220,15,7.5
060230,15,7.5
060240,15,7.5
060290,11.666666984558105,5.833333492279053
060311,5,2.5
060312,15,7.5
060313,7.5,3.75
060314,15,7.5
060315,15,7.5
060319,3,1.5
060390,15,7.5
060420,6,3
060490,15,7.5
070110,15,7.5
070190,10,5
070200,15,7.5
070310,25,25
070320,25,25
070390,25,25
070410,25,25
070420,15,7.5
070490,25,25
070511,15,7.5
070519,15,7.5
070521,15,7.5
070529,15,7.5
070610,25,25
070690,25,25
070700,17.5,11.875
070810,25,25
070820,21.666666507720947,19.166666507720947
070890,19,14.5
070920,15,7.5
070930,15,7.5
070940,25,25
070951,25,25
070959,25,25
070960,25,25
070970,15,7.5
070991,15,7.5
070992,15,7.5
070993,18.333333253860474,13.333333253860474
070999,25,25
071010,25,25
071021,25,25
071022,25,25
071029,23,21.5
071030,25,25
071040,25,25
071080,23.181817770004272,21.8181813955307
071090,25,25
071120,15,7.5
071140,25,25
071151,25,25
071159,20,16.25
071190,22.5,20.625
071220,25,25
071231,25,25
071232,25,25
071233,25,25
071239,25,25
071290,25,25
071310,25,25
071320,25,25
071331,25,25
071332,25,25
071333,25,25
071334,30,27.5
071335,25,25
071339,25,25
071340,25,25
071350,25,25
071360,21.666666507720947,19.166666507720947
071390,25,25
071410,20,16.25
071420,25,25
071430,22.5,20.625
071440,25,25
071450,25,25
071490,25,25
080111,25,25
080112,15,7.5
080119,25,25
080121,15,7.5
080122,15,7.5
080131,25,25
080132,25,25
080211,25,25
080212,25,25
080221,15,7.5
080222,25,25
080231,25,25
080232,25,25
080241,25,25
080242,25,25
080251,25,25
080252,25,25
080261,15,7.5
080262,25,25
080270,15,7.5
080280,20,16.25
080290,13.333333253860474,10.833333253860474
080310,20,16.25
080390,25,25
080410,25,25
080420,25,25
080430,25,25
080440,15,7.5
080450,25,25
080510,25,25
080521,25,25
080522,25,25
080529,25,25
080540,15,7.5
080550,15,7.5
080590,15,7.5
080610,15,7.5
080620,25,25
080711,15,7.5
080719,15,7.5
080720,15,7.5
080810,25,25
080830,25,25
080840,25,25
080910,15,7.5
080921,15,7.5
080929,25,25
080930,25,25
080940,15,7.5
081010,25,25
081020,20,16.25
081030,25,25
081040,25,25
081050,15,7.5
081060,15,7.5
081070,25,25
081090,25,25
081110,25,25
081120,25,25
081190,25,25
081210,15,7.5
081290,25,25
081310,25,25
081320,25,25
081330,25,25
081340,25,25
081350,25,25
081400,25,25
090111,7.5,3.75
090112,7.5,3.75
090121,11.25,5.625
090122,15,7.5
090190,15,7.5
090210,15,7.5
090220,15,7.5
090230,15,7.5
090240,15,7.5
090300,15,7.5
090411,15,7.5
090412,15,7.5
090421,15,7.5
090422,15,7.5
090510,15,7.5
090520,15,7.5
090611,15,7.5
090619,15,7.5
090620,15,7.5
090710,15,7.5
090720,15,7.5
090811,15,7.5
090812,15,7.5
090821,15,7.5
090822,15,7.5
090831,15,7.5
090832,15,7.5
090921,15,7.5
090922,15,7.5
090931,15,7.5
090932,15,7.5
090961,15,7.5
090962,15,7.5
091011,15,7.5
091012,15,7.5
091020,15,7.5
091030,15,7.5
091091,15,7.5
091099,15,7.5
100111,25,25
100119,15,7.5
100191,15,7.5
100199,25,25
100210,15,7.5
100290,15,7.5
100310,25,25
100390,25,25
100410,25,25
100490,25,25
100510,7.5,3.75
100590,25,25
100610,15,7.5
100620,25,25
100630,25,25
100640,25,25
100710,25,25
100790,25,25
100810,25,25
100821,25,25
100829,25,25
100830,25,25
100840,15,7.5
100850,25,25
100860,15,7.5
100890,25,25
110100,25,25
110220,25,25
110290,25,25
110311,25,25
110313,25,25
110319,25,25
110320,25,25
110412,25,25
110419,25,25
110422,25,25
110423,25,25
110429,25,25
110430,25,25
110510,25,25
110520,25,25
110610,25,25
110620,25,25
110630,25,25
110710,25,25
110720,25,25
110811,25,25
110812,25,25
110813,25,25
110814,25,25
110819,25,25
110820,25,25
110900,25,25
120110,25,25
120190,25,25
120230,22.5,17.5
120241,15,7.5
120242,15,7.5
120300,15,7.5
120400,25,25
120510,25,25
120590,25,25
120600,25,25
120710,15,7.5
120721,15,7.5
120729,15,7.5
120730,15,7.5
120740,25,25
120750,25,25
120760,25,25
120770,25,25
120791,25,25
120799,25,25
120810,25,25
120890,25,25
120910,25,25
120921,25,25
120922,15,7.5
120923,15,7.5
120924,15,7.5
120925,25,25
120929,25,25
120930,25,25
120991,25,25
120999,25,25
121010,25,25
121020,7.5,3.75
121120,25,25
121130,25,25
121150,25,25
121190,28,26.5
121221,25,25
121229,25,25
121291,0,0
121292,25,25
121293,15,7.5
121294,15,7.5
121299,25,25
121300,25,25
121410,25,25
121490,25,25
130120,15,7.5
130190,11.25,5.625
130211,15,7.5
130212,15,7.5
130213,15,7.5
130214,15,7.5
130219,15,7.5
130220,15,7.5
130231,15,7.5
130232,15,7.5
130239,15,7.5
140110,25,25
140120,7.5,3.75
140190,25,25
140420,25,25
140490,23,21.5
150110,15,7.5
150120,15,7.5
150190,15,7.5
150210,15,7.5
150290,15,7.5
150300,15,7.5
150410,25,25
150420,25,25
150430,15,7.5
150500,25,25
150600,25,25
150710,15,7.5
150790,15,7.5
150810,15,7.5
150890,15,7.5
150910,11.25,5.625
150990,15,7.5
151000,15,7.5
151110,15,7.5
151190,15,7.5
151211,7.5,3.75
151219,15,7.5
151221,15,7.5
151229,15,7.5
151311,15,7.5
151319,15,7.5
151321,15,7.5
151329,15,7.5
151411,15,7.5
151419,15,7.5
151491,7.5,3.75
151499,12.5,6.25
151511,15,7.5
151519,15,7.5
151521,15,7.5
151529,15,7.5
151530,15,7.5
151550,15,7.5
151590,15,7.5
151610,15,7.5
151620,15,7.5
151710,15,7.5
151790,13.75,6.875
151800,15,7.5
152000,15,7.5
152110,10,5
152190,15,7.5
152200,15,7.5
160100,15,7.5
160210,15,7.5
160220,15,7.5
160231,15,7.5
160232,25,25
160239,15,7.5
160241,15,7.5
160242,15,7.5
160249,15,7.5
160250,15,7.5
160290,7.5,3.75
160300,25,25
160411,25,25
160412,25,25
160413,25,25
160414,25,25
160415,25,25
160416,25,25
160417,25,25
160418,25,25
160419,25,25
160420,25,25
160431,25,25
160432,25,25
160510,25,25
160521,25,25
160529,25,25
160530,25,25
160540,25,25
160551,25,25
160552,25,25
160553,25,25
160554,25,25
160555,25,25
160556,25,25
160557,25,25
160558,25,25
160559,25,25
160561,25,25
160562,25,25
160563,25,25
160569,25,25
170112,15,7.5
170113,15,7.5
170114,15,7.5
170191,15,7.5
170199,30,27.5
170211,15,7.5
170219,15,7.5
170220,13.125,6.5625
170230,15,7.5
170240,15,7.5
170250,15,7.5
170260,15,7.5
170290,17.20779252052307,10.389610528945923
170310,15,7.5
170390,15,7.5
170410,15,7.5
170490,17.828282594680786,11.691919088363647
180100,15,7.5
180200,15,7.5
180310,15,7.5
180320,15,7.5
180400,15,7.5
180500,15,7.5
180610,15,7.5
180620,15,7.5
180631,5,2.5
180632,15,7.5
180690,15,7.5
190110,15,7.5
190120,15,7.5
190190,15.756302416324615,8.613445341587067
190211,9.375,4.6875
190219,25,25
190220,25,25
190230,25,25
190240,15,7.5
190300,15,7.5
190410,15,7.5
190420,15,7.5
190430,15,7.5
190490,15,7.5
190510,15,7.5
190520,15,7.5
190531,11.25,5.625
190532,7.5,3.75
190540,15,7.5
190590,17.5,15
200110,25,25
200190,22.5,20.625
200210,25,25
200290,25,25
200310,25,25
200390,25,25
200410,20,16.25
200490,21.666666507720947,19.166666507720947
200510,15,7.5
200520,25,25
200540,25,25
200551,25,25
200559,25,25
200560,25,25
200570,18.125,12.96875
200580,25,25
200591,25,25
200599,25,25
200600,25,25
200710,25,25
200791,21.666666507720947,19.166666507720947
200799,23.75,22.8125
200811,25.119047164916992,22.976190090179443
200819,25,25
200820,25,25
200830,21.875,19.53125
200840,25,25
200850,25,25
200860,25,25
200870,25,25
200880,25,25
200891,15,7.5
200893,25,25
200897,25,25
200899,23.181817770004272,21.8181813955307
200911,25,25
200912,15,7.5
200919,15,7.5
200921,15,7.5
200929,25,25
200931,22.5,20.625
200939,18.333333253860474,13.333333253860474
200941,20,16.25
200949,20,16.25
200950,25,25
200961,15,7.5
200969,25,25
200971,25,25
200979,25,25
200981,15,7.5
200989,22.5,20.625
200990,20,16.25
210111,13.125,6.5625
210112,15,7.5
210120,14.44444465637207,7.222222328186035
210130,15,7.5
210210,15,7.5
210220,15,7.5
210230,15,7.5
210310,25,25
210320,15,7.5
210330,15,7.5
210390,16.59523832798004,10.38095247745514
210410,15,7.5
210420,15,7.5
210500,15,7.5
210610,25,25
210690,14.642857551574707,7.3214287757873535
220110,25,25
220190,25,25
220210,25,25
220291,15,7.5
220299,22.291666507720947,18.958333253860474
220300,25,25
220410,25,25
220421,25,25
220422,15,7.5
220429,15,7.5
220430,15,7.5
220510,15,7.5
220590,15,7.5
220600,21.5,17
220710,25,25
220720,15,7.5
220820,15,7.5
220830,9,4.5
220840,15,7.5
220850,7.5,3.75
220860,15,7.5
220870,7.5,3.75
220890,14.166666984558105,7.083333492279053
220900,25,25
230110,25,25
230120,25,25
230210,15,7.5
230230,25,25
230240,25,25
230250,25,25
230310,25,25
230320,25,25
230330,25,25
230400,25,25
230500,25,25
230610,15,7.5
230620,25,25
230630,25,25
230641,25,25
230649,25,25
230650,15,7.5
230660,15,7.5
230690,25,25
230700,15,7.5
230800,18.333333253860474,13.333333253860474
230910,25,25
230990,21.214285373687744,15.964285373687744
240110,16.11111080646515,9.444444298744202
240120,25,25
240130,25,25
240210,25,25
240220,25,25
240290,25,25
240311,25,25
240319,25,25
240391,19.583333253860474,13.958333253860474
240399,25,25
250100,25,25
250200,25,25
250300,25,25
250410,0,0
250490,0,0
250510,25,25
250590,25,25
250610,25,25
250620,25,25
250700,25,25
250810,25,25
250830,0,0
250840,25,25
250850,25,25
250860,25,25
250870,25,25
250900,25,25
251010,25,25
251020,25,25
251110,0,0
251120,25,25
251200,25,25
251310,25,25
251320,25,25
251400,25,25
251511,25,25
251512,25,25
251520,25,25
251611,25,25
251612,25,25
251620,25,25
251690,25,25
251710,25,25
251720,25,25
251730,25,25
251741,25,25
251749,25,25
251810,25,25
251820,25,25
251830,25,25
251910,0,0
251990,0,0
252010,25,25
252020,25,25
252100,25,25
252210,25,25
252220,25,25
252230,25,25
252310,25,25
252321,25,25
252329,25,25
252330,25,25
252390,25,25
252490,25,25
252510,25,25
252520,25,25
252530,25,25
252610,0,0
252620,0,0
252800,25,25
252910,25,25
252921,0,0
252922,0,0
252930,25,25
253010,25,25
253020,25,25
253090,16.666666507720947,16.666666507720947
260111,25,25
260112,25,25
260120,25,25
260200,0,0
260300,0,0
260400,25,25
260500,0,0
260600,0,0
260700,25,25
260800,0,0
260900,0,0
261000,0,0
261100,0,0
261210,25,25
261310,0,0
261390,0,0
261400,25,25
261510,25,25
261590,25,25
261610,25,25
261690,25,25
261710,0,0
261790,25,25
261800,25,25
261900,25,25
262011,25,25
262019,25,25
262029,25,25
262030,25,25
262040,0,0
262060,25,25
262091,25,25
262099,25,25
262110,15,7.5
262190,25,25
270111,25,25
270112,25,25
270119,25,25
270120,25,25
270210,25,25
270220,25,25
270300,25,25
270400,0,0
270500,25,25
270600,25,25
270710,25,25
270720,25,25
270730,25,25
270740,25,25
270750,25,25
270791,25,25
270799,23,21.5
270810,25,25
270820,25,25
270900,25,25
271012,25,25
271019,25.000000476837158,25.000000476837158
271020,25,25
271091,15,7.5
271099,15,7.5
271111,25,25
271112,25,25
271113,25,25
271114,25,25
271119,25,25
271121,25,25
271129,25,25
271210,25,25
271220,15,7.5
271290,25,25
271311,25,25
271312,25,25
271320,25,25
271390,25,25
271410,25,25
271490,25,25
271500,25,25
271600,0,0
280110,25,25
280120,25,25
280130,25,25
280200,25,25
280300,25,25
280410,25,25
280421,25,25
280429,25,25
280430,25,25
280440,25,25
280450,25,25
280461,25,25
280469,0,0
280470,0,0
280480,25,25
280490,25,25
280511,25,25
280512,25,25
280519,25,25
280530,0,0
280540,25,25
280610,25,25
280620,25,25
280700,25,25
280800,25,25
280910,25,25
280920,25,25
281000,25,25
281111,25,25
281119,21.666666507720947,19.166666507720947
281121,25,25
281122,25,25
281129,25,25
281211,25,25
281212,25,25
281213,25,25
281214,25,25
281215,25,25
281217,25,25
281219,25,25
281290,25,25
281310,25,25
281390,25,25
281410,25,25
281420,25,25
281511,25,25
281512,25,25
281520,25,25
281530,25,25
281610,25,25
281640,12.5,12.5
281700,25,25
281810,15,7.5
281820,0,0
281830,25,25
281910,25,25
281990,25,25
282010,25,25
282090,25,25
282110,25,25
282120,25,25
282200,25,25
282300,25,25
282410,25,25
282490,25,25
282510,25,25
282520,25,25
282530,25,25
282540,25,25
282550,25,25
282560,25,25
282570,0,0
282580,0,0
282590,16.666666507720947,16.666666507720947
282612,25,25
282619,25,25
282630,25,25
282690,12.5,12.5
282710,25,25
282720,25,25
282731,25,25
282732,25,25
282735,25,25
282739,18.333333134651184,17.499999821186066
282741,25,25
282749,12.5,12.5
282751,25,25
282759,25,25
282760,25,25
282810,25,25
282890,25,25
282911,25,25
282919,25,25
282990,18.75,18.75
283010,25,25
283090,25,25
283110,25,25
283190,25,25
283210,25,25
283220,25,25
283230,25,25
283311,25,25
283319,25,25
283321,25,25
283322,25,25
283324,25,25
283325,25,25
283327,25,25
283329,25,25
283330,25,25
283340,25,25
283410,25,25
283421,25,25
283429,25,25
283510,25,25
283522,25,25
283524,25,25
283525,25,25
283526,25,25
283529,25,25
283531,25,25
283539,25,25
283620,25,25
283630,25,25
283640,25,25
283650,25,25
283660,25,25
283691,25,25
283692,25,25
283699,25,25
283711,25,25
283719,15,7.5
283720,25,25
283911,25,25
283919,25,25
283990,25,25
284011,25,25
284019,25,25
284020,25,25
284030,25,25
284130,25,25
284150,25,25
284161,25,25
284169,25,25
284170,0,0
284180,0,0
284190,25,25
284210,25,25
284290,25,25
284310,25,25
284321,25,25
284329,25,25
284330,25,25
284390,25,25
284410,25,25
284420,3.75,1.875
284430,0,0
284440,0,0
284450,15,7.5
284510,25,25
284590,25,25
284610,0,0
284690,0,0
284700,25,25
284910,25,25
284920,0,0
284990,18.75,18.75
285000,25,25
285210,25,25
285290,25,25
285310,25,25
285390,25,25
290110,25,25
290121,25,25
290122,25,25
290123,25,25
290124,25,25
290129,25,25
290211,25,25
290219,25,25
290220,25,25
290230,25,25
290241,25,25
290242,25,25
290243,25,25
290244,25,25
290250,25,25
290260,25,25
290270,25,25
290290,25,25
290311,25,25
290312,25,25
290313,25,25
290314,25,25
290315,25,25
290319,25,25
290321,0,0
290322,25,25
290323,25,25
290329,25,25
290331,25,25
290339,12.5,12.5
290371,25,25
290372,25,25
290374,25,25
290376,25,25
290377,0,0
290378,25,25
290379,20,16.25
290382,25,25
290383,25,25
290389,15,13.75
290391,25,25
290392,25,25
290393,15,7.5
290399,12.857142448425293,11.785713911056519
290410,25,25
290420,25,25
290435,25,25
290436,25,25
290491,25,25
290499,25,25
290511,25,25
290512,25,25
290513,25,25
290514,25,25
290516,25,25
290517,25,25
290519,25,25
290522,25,25
290529,25,25
290531,25,25
290532,25,25
290539,25,25
290541,25,25
290542,25,25
290543,15,7.5
290544,15,7.5
290545,15,7.5
290549,25,25
290559,25,25
290611,25,25
290612,25,25
290613,25,25
290619,25,25
290621,25,25
290629,25,25
290711,25,25
290712,25,25
290713,25,25
290715,25,25
290719,25,25
290721,25,25
290722,25,25
290723,25,25
290729,20,20
290811,25,25
290819,21.42857074737549,21.42857074737549
290891,25,25
290899,21.111111283302307,20.27777796983719
290911,25,25
290919,25,25
290920,25,25
290930,12.5,12.5
290941,25,25
290943,25,25
290944,25,25
290949,25,25
290950,25,25
290960,25,25
291010,25,25
291030,25,25
291050,25,25
291090,25,25
291100,25,25
291211,25,25
291212,25,25
291219,20.833333015441895,20.833333015441895
291221,25,25
291229,25,25
291241,15,7.5
291242,25,25
291249,25,25
291250,25,25
291260,25,25
291300,25,25
291411,25,25
291412,25,25
291413,25,25
291419,25,25
291422,25,25
291423,25,25
291429,25,25
291431,25,25
291439,25,25
291440,25,25
291450,25,25
291461,25,25
291462,0,0
291469,6.25,6.25
291471,25,25
291479,22.5,20.625
291511,25,25
291512,25,25
291513,25,25
291521,25,25
291524,25,25
291529,25,25
291531,25,25
291532,25,25
291533,25,25
291539,22.727272987365723,22.727272987365723
291540,21.666666507720947,19.166666507720947
291550,25,25
291560,25,25
291570,25,25
291590,25,25
291611,25,25
291612,25,25
291613,25,25
291614,25,25
291615,25,25
291616,25,25
291619,25,25
291620,25,25
291631,25,25
291632,25,25
291634,16.25,14.375
291639,20.416666507720947,18.541666507720947
291711,25,25
291712,25,25
291713,25,25
291714,25,25
291719,19.44444465637207,19.44444465637207
291720,25,25
291732,25,25
291733,25,25
291734,25,25
291735,25,25
291736,25,25
291737,25,25
291739,18.75,18.75
291800,0,0
291811,25,25
291812,25,25
291813,25,25
291814,25,25
291815,25,25
291816,25,25
291819,22.14285707473755,20
291821,25,25
291822,0,0
291823,25,25
291829,22.5,22.5
291830,25,25
291891,25,25
291899,8.5,8
291910,25,25
291990,25,25
292011,25,25
292019,25,25
292021,25,25
292022,0,0
292023,25,25
292024,25,25
292029,25,25
292090,21.666666507720947,19.166666507720947
292111,25,25
292112,15,7.5
292114,25,25
292119,25,25
292121,25,25
292122,25,25
292129,25,25
292130,25,25
292141,25,25
292142,19.5,17.25
292143,25,25
292144,25,25
292145,23,21.5
292146,0,0
292149,15,13.75
292151,22.5,20.625
292159,25,25
292211,25,25
292212,25,25
292215,25,25
292216,25,25
292217,25,25
292219,0,0
292221,22.5,20.625
292229,20.45454502105713,20.45454502105713
292231,0,0
292239,18.75,18.75
292241,0,0
292242,25,25
292243,25,25
292249,22.5,22.5
292250,0,0
292310,25,25
292320,25,25
292390,25,25
292411,0,0
292419,25,25
292421,21.42857074737549,21.42857074737549
292424,0,0
292425,25,25
292429,15,15
292511,25,25
292519,18.75,18.75
292521,25,25
292529,23.333333015441895,22.083333015441895
292610,25,25
292620,25,25
292640,0,0
292690,19.666666507720947,18.166666507720947
292700,25,25
292800,15,15
292910,18.75,18.75
292990,25,25
293020,12.5,12.5
293030,12.5,12.5
293040,25,25
293060,25,25
293070,15,7.5
293080,0,0
293090,19.54545485973358,18.863636672496796
293110,25,25
293120,25,25
293131,25,25
293132,25,25
293133,15,7.5
293134,25,25
293135,25,25
293138,25,25
293139,0,0
293190,13.580247402191162,13.580247402191162
293211,25,25
293212,25,25
293213,25,25
293214,0,0
293219,25,25
293220,0,0
293291,0,0
293293,25,25
293295,25,25
293299,12.5,12.5
293311,0,0
293319,24.090909361839294,23.40909117460251
293321,25,25
293329,25,25
293331,25,25
293332,25,25
293333,0,0
293339,0,0
293349,0,0
293352,0,0
293353,0,0
293354,0,0
293355,0,0
293359,0,0
293361,25,25
293369,21.666666507720947,19.166666507720947
293371,25,25
293372,0,0
293379,25,25
293391,0,0
293392,25,25
293399,0,0
293410,18.75,18.75
293420,18.75,18.75
293430,0,0
293491,0,0
293499,0,0
293510,0,0
293550,0,0
293590,0,0
293621,0,0
293622,0,0
293623,0,0
293624,0,0
293625,0,0
293626,0,0
293627,0,0
293628,0,0
293629,0,0
293690,0,0
293711,0,0
293712,0,0
293719,0,0
293721,0,0
293722,0,0
293723,0,0
293729,0,0
293750,0,0
293790,0,0
293810,0,0
293890,0,0
293911,0,0
293919,0,0
293920,0,0
293930,0,0
293941,0,0
293942,0,0
293943,0,0
293944,0,0
293949,0,0
293959,0,0
293961,0,0
293962,0,0
293963,0,0
293969,0,0
293971,0,0
293979,0,0
293980,25,25
294000,12.5,12.5
294110,0,0
294120,0,0
294130,0,0
294140,0,0
294150,0,0
294190,0,0
294200,25,25
300120,0,0
300190,0,0
300211,0,0
300212,0,0
300213,0,0
300214,0,0
300215,0,0
300219,0,0
300220,0,0
300230,0,0
300290,0,0
300310,0,0
300320,0,0
300331,0,0
300339,0,0
300341,0,0
300342,0,0
300349,0,0
300360,0,0
300390,0,0
300410,0,0
300420,0,0
300431,0,0
300432,0,0
300439,0,0
300441,0,0
300442,0,0
300449,0,0
300450,0,0
300460,0,0
300490,0,0
300510,0,0
300590,0,0
300610,0,0
300620,0,0
300630,0,0
300640,0,0
300650,0,0
300660,0,0
300670,0,0
300691,0,0
300692,0,0
310100,25,25
310210,25,25
310221,25,25
310229,25,25
310230,25,25
310240,25,25
310250,25,25
310260,25,25
310280,25,25
310290,25,25
310311,25,25
310319,25,25
310390,25,25
310420,25,25
310430,25,25
310490,25,25
310510,25,25
310520,25,25
310530,25,25
310540,25,25
310551,25,25
310559,25,25
310560,25,25
310590,25,25
320110,25,25
320120,25,25
320190,25,25
320210,25,25
320290,25,25
320300,25,25
320411,20,20
320412,25,25
320413,25,25
320414,25,25
320415,22.14285707473755,20
320416,25,25
320417,25,25
320419,21.875,21.875
320420,16.666666507720947,16.666666507720947
320490,25,25
320500,25,25
320611,25,25
320619,25,25
320620,25,25
320641,25,25
320642,25,25
320649,25,25
320650,25,25
320710,25,25
320720,25,25
320730,25,25
320740,25,25
320810,25,25
320820,25,25
320890,25,25
320910,25,25
320990,25,25
321000,25,25
321100,25,25
321210,25,25
321290,25,25
321310,25,25
321390,25,25
321410,25,25
321490,25,25
321511,25,25
321519,25,25
321590,25,25
330112,15,7.5
330113,25,25
330119,15,7.5
330124,15,7.5
330125,15,7.5
330129,8.47826099395752,4.23913049697876
330130,15,7.5
330190,12.5,6.25
330210,15,7.5
330290,25,25
330300,25,25
330410,25,25
330420,25,25
330430,25,25
330491,25,25
330499,25,25
330510,25,25
330520,25,25
330530,25,25
330590,25,25
330610,0,0
330620,15,7.5
330690,25,25
330710,25,25
330720,25,25
330730,25,25
330741,25,25
330749,25,25
330790,25,25
340111,25,25
340119,15,7.5
340120,25,25
340130,25,25
340211,25,25
340212,25,25
340213,25,25
340219,25,25
340220,25,25
340290,25,25
340311,25,25
340319,25,25
340391,25,25
340399,25,25
340420,25,25
340490,25,25
340510,25,25
340520,25,25
340530,25,25
340540,25,25
340590,25,25
340600,15,7.5
340700,0,0
350110,15,7.5
350190,15,7.5
350211,25,25
350219,15,7.5
350220,15,7.5
350290,25,25
350300,12.5,6.25
350400,15,7.5
350510,15,7.5
350520,15,7.5
350610,25,25
350691,25,25
350699,25,25
350710,25,25
350790,25,25
360100,15,7.5
360200,15,7.5
360300,15,7.5
360410,0,0
360490,15,7.5
360500,15,7.5
360610,25,25
360690,10,5
370110,25,25
370120,25,25
370130,25,25
370191,25,25
370199,25,25
370210,25,25
370231,25,25
370232,25,25
370239,25,25
370241,25,25
370242,25,25
370243,25,25
370244,25,25
370252,25,25
370253,25,25
370254,25,25
370255,25,25
370256,25,25
370296,25,25
370297,25,25
370298,25,25
370310,25,25
370320,25,25
370390,25,25
370400,25,25
370500,25,25
370610,25,25
370690,25,25
370710,25,25
370790,25,25
380110,25,25
380120,25,25
380130,25,25
380190,25,25
380210,25,25
380290,25,25
380300,25,25
380400,25,25
380510,25,25
380590,25,25
380610,25,25
380620,25,25
380630,25,25
380690,25,25
380700,25,25
380852,15,7.5
380859,8.333333253860474,8.333333253860474
380861,20,16.25
380862,25,25
380869,25,25
380891,25,25
380892,25,25
380893,25,25
380894,25,25
380899,25,25
380910,15,7.5
380991,25,25
380992,25,25
380993,25,25
381010,25,25
381090,25,25
381111,25,25
381119,25,25
381121,25,25
381129,25,25
381190,25,25
381210,25,25
381220,25,25
381231,25,25
381239,25,25
381300,25,25
381400,25,25
381511,25,25
381512,25,25
381519,25,25
381590,25,25
381600,25,25
381700,25,25
381800,25,25
381900,25,25
382000,15,7.5
382100,0,0
382200,0,0
382311,15,7.5
382312,15,7.5
382313,15,7.5
382319,15,7.5
382370,15,7.5
382410,25,25
382430,25,25
382440,25,25
382450,25,25
382460,15,7.5
382471,25,25
382473,25,25
382474,25,25
382478,25,25
382479,25,25
382481,25,25
382482,25,25
382483,25,25
382484,25,25
382485,25,25
382486,25,25
382487,25,25
382488,25,25
382491,25,25
382499,24.5,24.125
382510,15,7.5
382520,15,7.5
382530,15,7.5
382541,25,25
382549,25,25
382550,25,25
382561,25,25
382569,25,25
382590,25,25
382600,25,25
390110,25,25
390120,25,25
390130,25,25
390140,25,25
390190,25,25
390210,25,25
390220,25,25
390230,25,25
390290,25,25
390311,25,25
390319,25,25
390320,25,25
390330,25,25
390390,25,25
390410,25,25
390421,25,25
390422,25,25
390430,25,25
390440,25,25
390450,25,25
390461,25,25
390469,25,25
390490,25,25
390512,25,25
390519,25,25
390521,25,25
390529,25,25
390530,25,25
390591,25,25
390599,25,25
390610,25,25
390690,25,25
390710,25,25
390720,25,25
390730,25,25
390740,25,25
390750,25,25
390761,25,25
390769,25,25
390770,25,25
390791,25,25
390799,25,25
390810,25,25
390890,25,25
390910,25,25
390920,25,25
390931,25,25
390939,25,25
390940,25,25
390950,25,25
391000,25,25
391110,25,25
391190,25,25
391211,25,25
391212,25,25
391220,25,25
391231,25,25
391239,25,25
391290,25,25
391310,15,7.5
391390,24.999999284744263,24.999999284744263
391400,25,25
391510,25,25
391520,25,25
391530,25,25
391590,25,25
391610,25,25
391620,25,25
391690,25,25
391710,25,25
391721,25,25
391722,25,25
391723,25,25
391729,25,25
391731,25,25
391732,25,25
391733,25,25
391739,25,25
391740,25,25
391810,25,25
391890,25,25
391910,25,25
391990,25,25
392010,25,25
392020,25,25
392030,25,25
392043,25,25
392049,25,25
392051,25,25
392059,25,25
392061,25,25
392062,25,25
392063,25,25
392069,25,25
392071,25,25
392073,25,25
392079,25,25
392091,25,25
392092,25,25
392093,25,25
392094,25,25
392099,25,25
392111,25,25
392112,25,25
392113,25,25
392114,25,25
392119,25,25
392190,25,25
392210,15,7.5
392220,15,7.5
392290,25,25
392310,25,25
392321,25,25
392329,25,25
392330,25,25
392340,25,25
392350,25,25
392390,25,25
392410,7.5,3.75
392490,7.5,3.75
392510,25,25
392520,15,7.5
392530,15,7.5
392590,25,25
392610,0,0
392620,16.666666507720947,16.666666507720947
392630,15,7.5
392640,0,0
392690,15.769230365753174,13.173076629638672
400110,25,25
400121,25,25
400122,25,25
400129,25,25
400130,25,25
400211,25,25
400219,25,25
400220,25,25
400231,25,25
400239,25,25
400241,25,25
400249,25,25
400251,25,25
400259,25,25
400260,25,25
400270,25,25
400280,25,25
400291,25,25
400299,25,25
400300,25,25
400400,25,25
400510,25,25
400520,25,25
400591,25,25
400599,25,25
400610,15,7.5
400690,25,25
400700,25,25
400811,25,25
400819,25,25
400821,25,25
400829,25,25
400911,25,25
400912,15,7.5
400921,25,25
400922,25,25
400931,25,25
400932,25,25
400941,25,25
400942,15,7.5
401011,15,7.5
401012,25,25
401019,25,25
401031,25,25
401032,25,25
401033,25,25
401034,25,25
401035,25,25
401036,25,25
401039,25,25
401110,25,25
401120,25,25
401130,25,25
401140,25,25
401150,25,25
401170,25,25
401180,25,25
401190,25,25
401211,25,25
401212,25,25
401213,25,25
401219,21.666666507720947,19.166666507720947
401220,25,25
401290,25,25
401310,25,25
401320,25,25
401390,25,25
401410,0,0
401490,0,0
401511,0,0
401519,21.666666507720947,19.166666507720947
401590,25,25
401610,25,25
401691,25,25
401692,0,0
401693,25,25
401694,25,25
401695,15,7.5
401699,18.888888359069824,16.388888359069824
401700,25,25
410120,13.928571701049805,6.964285850524902
410150,13.571428298950195,6.785714149475098
410190,15,7.5
410210,10,5
410221,15,7.5
410229,15,7.5
410320,15,7.5
410330,15,7.5
410390,12.5,6.25
410411,25,25
410419,25,25
410441,25,25
410449,25,25
410510,25,25
410530,25,25
410621,25,25
410622,25,25
410631,25,25
410632,25,25
410640,25,25
410691,25,25
410692,25,25
410711,25,25
410712,25,25
410719,25,25
410791,25,25
410792,25,25
410799,25,25
411200,25,25
411310,25,25
411320,25,25
411330,25,25
411390,25,25
411410,25,25
411420,25,25
411510,25,25
411520,15,7.5
420100,25,25
420211,25,25
420212,25,25
420219,25,25
420221,25,25
420222,25,25
420229,25,25
420231,25,25
420232,25,25
420239,25,25
420291,25,25
420292,25,25
420299,25,25
420310,25,25
420321,25,25
420329,25,25
420330,25,25
420340,25,25
420500,25,25
420600,0,0
430110,15,7.5
430130,0,0
430160,15,7.5
430180,2.7272727489471436,1.3636363744735718
430190,0,0
430211,25,25
430219,25,25
430220,25,25
430230,25,25
430310,25,25
430390,25,25
430400,25,25
440110,25,25
440121,25,25
440122,25,25
440131,25,25
440139,25,25
440210,25,25
440290,25,25
440310,25,25
440320,25,25
440349,25,25
440391,25,25
440392,25,25
440399,25,25
440410,25,25
440420,25,25
440500,25,25
440610,25,25
440690,25,25
440710,25,25
440721,25,25
440722,25,25
440725,25,25
440727,25,25
440728,25,25
440729,25,25
440791,25,25
440792,25,25
440793,25,25
440794,25,25
440795,25,25
440799,25,25
440810,25,25
440831,25,25
440839,25,25
440890,25,25
440910,25,25
440921,25,25
440922,25,25
440929,25,25
441011,25,25
441012,25,25
441019,25,25
441090,25,25
441112,25,25
441113,25,25
441114,25,25
441192,25,25
441193,25,25
441194,25,25
441210,25,25
441231,25,25
441232,25,25
441239,25,25
441294,25,25
441299,25,25
441300,25,25
441400,15,7.5
441510,25,25
441520,25,25
441600,25,25
441700,20,16.25
441810,25,25
441820,25,25
441840,25,25
441850,25,25
441860,25,25
441873,25,25
441874,25,25
441875,25,25
441879,25,25
441891,25,25
441899,25,25
441911,0,0
441912,0,0
441919,0,0
441990,7.5,3.75
442010,0,0
442090,22.5,20.625
442110,0,0
442191,13.846153974533081,12.692307829856873
442199,14.642857074737549,13.571428537368774
450110,25,25
450190,25,25
450200,25,25
450310,25,25
450390,25,25
450410,25,25
450490,25,25
460121,25,25
460122,25,25
460129,25,25
460192,25,25
460193,25,25
460194,25,25
460199,25,25
460211,25,25
460212,25,25
460219,25,25
460290,25,25
470100,25,25
470200,25,25
470311,25,25
470319,25,25
470321,25,25
470329,25,25
470411,25,25
470421,25,25
470429,25,25
470500,25,25
470610,25,25
470620,25,25
470630,25,25
470691,25,25
470692,25,25
470693,25,25
470710,25,25
470720,25,25
470730,25,25
470790,25,25
480100,25,25
480210,25,25
480220,25,25
480240,25,25
480254,25,25
480255,25,25
480256,25,25
480257,25,25
480258,25,25
480261,25,25
480262,25,25
480269,25,25
480300,25,25
480411,25,25
480419,25,25
480421,25,25
480429,25,25
480431,25,25
480439,25,25
480441,25,25
480442,25,25
480449,25,25
480451,25,25
480452,25,25
480459,25,25
480511,25,25
480512,25,25
480519,25,25
480524,25,25
480525,25,25
480530,25,25
480540,25,25
480550,25,25
480591,25,25
480592,25,25
480593,25,25
480610,25,25
480620,25,25
480630,25,25
480640,25,25
480700,25,25
480810,25,25
480840,25,25
480890,25,25
480920,25,25
480990,25,25
481013,25,25
481014,25,25
481019,25,25
481022,25,25
481029,25,25
481031,25,25
481032,25,25
481039,25,25
481092,25,25
481099,25,25
481110,25,25
481141,25,25
481149,25,25
481151,25,25
481159,25,25
481160,25,25
481190,25,25
481200,25,25
481310,25,25
481320,25,25
481390,25,25
481420,15,7.5
481490,15,7.5
481620,25,25
481690,25,25
481710,25,25
481720,25,25
481730,25,25
481810,25,25
481820,25,25
481830,25,25
481850,25,25
481890,15,7.5
481910,25,25
481920,25,25
481930,25,25
481940,25,25
481950,25,25
481960,25,25
482010,25,25
482020,25,25
482030,25,25
482040,25,25
482050,25,25
482090,25,25
482110,25,25
482190,25,25
482210,25,25
482290,25,25
482320,25,25
482340,25,25
482361,25,25
482369,25,25
482370,25,25
482390,25,25
490110,15,7.5
490191,15,7.5
490199,13.75,6.875
490210,15,7.5
490290,12.5,6.25
490300,0,0
490400,15,7.5
490510,15,7.5
490591,15,7.5
490599,15,7.5
490600,15,7.5
490700,15,7.5
490810,15,7.5
490890,15,7.5
490900,7.5,3.75
491000,10,5
491110,15,7.5
491191,9,4.5
491199,15,7.5
500100,25,25
500200,25,25
500300,25,25
500400,25,25
500500,25,25
500600,25,25
500710,25,25
500720,25,25
500790,25,25
510111,25,25
510119,25,25
510121,25,25
510129,25,25
510130,25,25
510211,25,25
510219,25,25
510220,25,25
510310,25,25
510320,25,25
510330,25,25
510400,25,25
510510,25,25
510521,25,25
510529,25,25
510531,25,25
510539,25,25
510540,25,25
510610,25,25
510620,25,25
510710,25,25
510720,25,25
510810,25,25
510820,25,25
510910,25,25
510990,25,25
511000,25,25
511111,25,25
511119,25,25
511120,25,25
511130,25,25
511190,25,25
511211,25,25
511219,25,25
511220,25,25
511230,25,25
511290,25,25
511300,25,25
520100,25,25
520210,25,25
520291,25,25
520299,25,25
520300,25,25
520411,25,25
520419,25,25
520420,25,25
520511,25,25
520512,25,25
520513,25,25
520514,25,25
520515,25,25
520521,25,25
520522,25,25
520523,25,25
520524,25,25
520526,25,25
520527,25,25
520528,25,25
520531,25,25
520532,25,25
520533,25,25
520534,25,25
520535,25,25
520541,25,25
520542,25,25
520543,25,25
520544,25,25
520546,25,25
520547,25,25
520548,25,25
520611,25,25
520612,25,25
520613,25,25
520615,25,25
520621,25,25
520622,25,25
520623,25,25
520624,25,25
520625,25,25
520631,25,25
520632,25,25
520633,25,25
520634,25,25
520635,25,25
520641,25,25
520642,25,25
520643,25,25
520644,25,25
520645,25,25
520710,25,25
520790,25,25
520811,25,25
520812,25,25
520813,25,25
520819,25,25
520821,25,25
520822,25,25
520823,25,25
520829,25,25
520831,25,25
520832,25,25
520833,25,25
520839,25,25
520841,25,25
520842,25,25
520843,25,25
520849,25,25
520851,25,25
520852,25,25
520859,25,25
520911,25,25
520912,25,25
520919,25,25
520921,25,25
520922,25,25
520929,25,25
520931,25,25
520932,25,25
520939,25,25
520941,25,25
520942,25,25
520943,25,25
520949,25,25
520951,25,25
520952,25,25
520959,25,25
521011,17.083333253860474,12.708333253860474
521019,20,20
521021,25,25
521029,25,25
521031,25,25
521032,25,25
521039,25,25
521041,25,25
521049,25,25
521051,25,25
521059,25,25
521111,25,25
521112,25,25
521119,25,25
521120,25,25
521131,25,25
521132,25,25
521139,25,25
521141,25,25
521142,25,25
521143,25,25
521149,25,25
521151,25,25
521152,25,25
521159,25,25
521211,25,25
521212,25,25
521213,25,25
521214,25,25
521215,25,25
521221,25,25
521222,25,25
521223,25,25
521224,25,25
521225,25,25
530110,25,25
530121,25,25
530129,25,25
530130,25,25
530210,25,25
530290,25,25
530310,25,25
530390,25,25
530500,25,25
530610,25,25
530620,25,25
530710,25,25
530720,25,25
530810,25,25
530820,25,25
530890,20,16.25
530911,25,25
530919,25,25
530921,25,25
530929,25,25
531010,25,25
531090,25,25
531100,25,25
540110,25,25
540120,25,25
540211,25,25
540219,25,25
540220,12.5,12.5
540231,25,25
540232,25,25
540233,25,25
540234,25,25
540239,25,25
540244,25,25
540245,25,25
540246,25,25
540247,25,25
540248,25,25
540249,25,25
540251,25,25
540252,25,25
540253,25,25
540259,25,25
540261,25,25
540262,25,25
540263,25,25
540269,25,25
540310,25,25
540331,25,25
540332,25,25
540333,25,25
540339,25,25
540341,25,25
540342,25,25
540349,25,25
540411,25,25
540412,25,25
540419,25,25
540490,25,25
540500,25,25
540600,25,25
540710,25,25
540720,25,25
540730,25,25
540741,25,25
540742,25,25
540743,25,25
540744,25,25
540751,25,25
540752,25,25
540753,25,25
540754,15,7.5
540761,25,25
540769,25,25
540771,25,25
540772,25,25
540773,25,25
540774,25,25
540781,25,25
540782,25,25
540783,25,25
540784,25,25
540791,25,25
540792,25,25
540793,25,25
540794,25,25
540810,25,25
540821,25,25
540822,25,25
540823,25,25
540824,25,25
540831,25,25
540832,25,25
540833,25,25
540834,25,25
550110,25,25
550120,25,25
550130,25,25
550140,25,25
550190,25,25
550210,25,25
550290,25,25
550311,25,25
550319,25,25
550320,25,25
550330,25,25
550340,25,25
550390,25,25
550410,15,7.5
550490,25,25
550510,25,25
550520,25,25
550610,25,25
550620,25,25
550630,25,25
550640,25,25
550690,25,25
550700,25,25
550810,25,25
550820,25,25
550911,25,25
550912,25,25
550921,25,25
550922,25,25
550931,25,25
550932,25,25
550941,25,25
550942,25,25
550951,25,25
550952,25,25
550953,25,25
550959,25,25
550961,25,25
550962,25,25
550969,25,25
550991,25,25
550992,25,25
550999,25,25
551011,25,25
551012,25,25
551020,25,25
551030,25,25
551090,25,25
551110,25,25
551120,25,25
551130,25,25
551211,25,25
551219,25,25
551221,25,25
551229,25,25
551291,25,25
551299,25,25
551311,25,25
551312,25,25
551313,25,25
551319,25,25
551321,0,0
551323,25,25
551329,25,25
551331,25,25
551339,25,25
551341,25,25
551349,25,25
551411,25,25
551412,25,25
551419,25,25
551421,25,25
551422,25,25
551423,25,25
551429,25,25
551430,25,25
551441,25,25
551442,25,25
551443,25,25
551449,25,25
551511,25,25
551512,25,25
551513,25,25
551519,25,25
551521,25,25
551522,25,25
551529,25,25
551591,25,25
551599,25,25
551611,25,25
551612,25,25
551613,25,25
551614,25,25
551621,25,25
551622,25,25
551623,25,25
551624,25,25
551631,25,25
551632,25,25
551633,25,25
551634,25,25
551641,25,25
551642,25,25
551643,25,25
551644,25,25
551691,25,25
551692,25,25
551693,25,25
551694,25,25
560121,25,25
560122,25,25
560129,25,25
560130,25,25
560210,25,25
560221,25,25
560229,25,25
560290,25,25
560311,25,25
560312,25,25
560313,25,25
560314,25,25
560391,25,25
560392,25,25
560393,25,25
560394,25,25
560410,25,25
560490,25,25
560500,25,25
560600,25,25
560721,25,25
560729,25,25
560741,25,25
560749,25,25
560750,25,25
560790,25,25
560811,25,25
560819,25,25
560890,25,25
560900,25,25
570110,25,25
570190,25,25
570210,25,25
570220,25,25
570231,25,25
570232,25,25
570239,25,25
570241,25,25
570242,25,25
570249,25,25
570250,25,25
570291,25,25
570292,25,25
570299,25,25
570310,25,25
570320,25,25
570330,25,25
570390,25,25
570410,25,25
570420,25,25
570490,25,25
570500,25,25
580110,25,25
580121,25,25
580122,25,25
580123,25,25
580126,25,25
580127,25,25
580131,0,0
580132,0,0
580133,15,7.5
580136,15,7.5
580137,25,25
580190,25,25
580211,25,25
580219,25,25
580220,25,25
580230,25,25
580300,25,25
580410,25,25
580421,25,25
580429,25,25
580430,25,25
580500,25,25
580610,25,25
580620,25,25
580631,25,25
580632,25,25
580639,25,25
580640,25,25
580710,25,25
580790,25,25
580810,25,25
580890,25,25
580900,25,25
581010,25,25
581091,25,25
581092,25,25
581099,25,25
581100,25,25
590110,25,25
590190,25,25
590210,25,25
590220,25,25
590290,25,25
590310,23.333333015441895,22.083333015441895
590320,25,25
590390,25,25
590410,25,25
590490,25,25
590500,25,25
590610,25,25
590691,25,25
590699,25,25
590700,25,25
590800,25,25
590900,25,25
591000,25,25
591110,25,25
591120,25,25
591131,25,25
591132,25,25
591140,25,25
591190,25,25
600110,25,25
600121,25,25
600122,0,0
600129,25,25
600191,25,25
600192,25,25
600199,25,25
600240,25,25
600290,25,25
600310,25,25
600320,25,25
600330,25,25
600340,25,25
600390,25,25
600410,25,25
600490,25,25
600521,25,25
600522,25,25
600523,25,25
600524,25,25
600535,15,7.5
600536,25,25
600537,25,25
600538,25,25
600539,25,25
600541,0,0
600542,25,25
600543,25,25
600544,25,25
600590,25,25
600610,25,25
600621,25,25
600622,25,25
600623,25,25
600624,12.5,12.5
600631,25,25
600632,25,25
600633,25,25
600634,25,25
600641,0,0
600642,25,25
600643,25,25
600644,25,25
600690,25,25
610120,15,7.5
610130,15,7.5
610190,15,7.5
610210,15,7.5
610220,15,7.5
610230,15,7.5
610290,15,7.5
610310,10.9375,5.46875
610322,12.857142448425293,6.4285712242126465
610323,3.75,1.875
610329,12.5,6.25
610331,15,7.5
610332,15,7.5
610333,15,7.5
610339,15,7.5
610341,15,7.5
610342,15,7.5
610343,15,7.5
610349,14.53125,7.265625
610413,7.5,3.75
610419,11.785714149475098,5.892857074737549
610422,15,7.5
610423,15,7.5
610429,7.5,3.75
610431,15,7.5
610432,15,7.5
610433,7.5,3.75
610439,15,7.5
610441,15,7.5
610442,15,7.5
610443,15,7.5
610444,15,7.5
610449,15,7.5
610451,15,7.5
610452,15,7.5
610453,7.5,3.75
610459,15,7.5
610461,15,7.5
610462,15,7.5
610463,15,7.5
610469,14.166666984558105,7.083333492279053
610510,15,7.5
610520,15,7.5
610590,10,5
610610,15,7.5
610620,15,7.5
610690,15,7.5
610711,15,7.5
610712,15,7.5
610719,7.5,3.75
610721,15,7.5
610722,15,7.5
610729,15,7.5
610791,15,7.5
610799,1.875,0.9375
610811,15,7.5
610819,7.5,3.75
610821,15,7.5
610822,15,7.5
610829,7.5,3.75
610831,15,7.5
610832,15,7.5
610839,0,0
610891,15,7.5
610892,15,7.5
610899,10,5
610910,15,7.5
610990,11.25,5.625
611011,15,7.5
611012,7.5,3.75
611019,15,7.5
611020,15,7.5
611030,11.25,5.625
611090,7.5,3.75
611120,15,7.5
611130,15,7.5
611190,13.125,6.5625
611211,15,7.5
611212,15,7.5
611219,12,6
611220,15,7.5
611231,15,7.5
611239,15,7.5
611241,15,7.5
611249,15,7.5
611300,15,7.5
611420,15,7.5
611430,15,7.5
611490,10,5
611510,12.857142448425293,6.4285712242126465
611521,15,7.5
611522,0,0
611529,7.5,3.75
611530,15,7.5
611594,15,7.5
611595,15,7.5
611596,7.5,3.75
611599,11.25,5.625
611610,12,6
611691,15,7.5
611692,10,5
611693,10,5
611699,2.5,1.25
611710,11.25,5.625
611780,9,4.5
611790,13.815790176391602,6.907895088195801
620111,15,7.5
620112,15,7.5
620113,15,7.5
620119,15,7.5
620191,15,7.5
620192,12.5,6.25
620193,15,7.5
620199,14.0625,7.03125
620211,15,7.5
620212,15,7.5
620213,15,7.5
620219,15,7.5
620291,15,7.5
620292,14.583333015441895,7.291666507720947
620293,13.5,6.75
620299,14.0625,7.03125
620311,15,7.5
620312,15,7.5
620319,6,3
620322,10,5
620323,0,0
620329,15,7.5
620331,15,7.5
620332,15,7.5
620333,15,7.5
620339,11.25,5.625
620341,13.125,6.5625
620342,15,7.5
620343,13.84615421295166,6.92307710647583
620349,10.428571701049805,5.214285850524902
620411,15,7.5
620412,15,7.5
620413,15,7.5
620419,14.464285850524902,7.232142925262451
620421,15,7.5
620422,11.25,5.625
620423,12.5,6.25
620429,3.75,1.875
620431,11.25,5.625
620432,15,7.5
620433,11.25,5.625
620439,15,7.5
620441,15,7.5
620442,15,7.5
620443,15,7.5
620444,15,7.5
620449,15,7.5
620451,15,7.5
620452,15,7.5
620453,15,7.5
620459,15,7.5
620461,10.3125,5.15625
620462,14.835165023803711,7.4175825119018555
620463,14.807692527770996,7.403846263885498
620469,13.958333015441895,6.979166507720947
620520,15,7.5
620530,14.5,7.25
620590,9,4.5
620610,15,7.5
620620,15,7.5
620630,15,7.5
620640,15,7.5
620690,15,7.5
620711,15,7.5
620719,15,7.5
620721,15,7.5
620722,15,7.5
620729,15,7.5
620791,15,7.5
620799,10,5
620811,15,7.5
620819,15,7.5
620821,15,7.5
620822,15,7.5
620829,15,7.5
620891,15,7.5
620892,15,7.5
620899,15,7.5
620920,15,7.5
620930,15,7.5
620990,15,7.5
621010,3.75,1.875
621020,7.5,3.75
621030,11.25,5.625
621040,12.589285850524902,6.294642925262451
621050,9.140625,4.5703125
621111,15,7.5
621112,15,7.5
621120,12.57575798034668,6.28787899017334
621132,15,7.5
621133,14.423076629638672,7.211538314819336
621139,13.020833015441895,6.510416507720947
621142,15,7.5
621143,15,7.5
621149,13.29365062713623,6.646825313568115
621210,15,7.5
621220,15,7.5
621230,15,7.5
621290,15,7.5
621320,7.5,3.75
621390,11.25,5.625
621410,15,7.5
621420,15,7.5
621430,0,0
621440,15,7.5
621490,15,7.5
621510,15,7.5
621520,0,0
621590,0,0
621600,12.75,6.375
621710,10,5
621790,12.1875,6.09375
630110,0,0
630120,15,7.5
630130,15,7.5
630140,0,0
630190,0,0
630210,15,7.5
630221,15,7.5
630222,0,0
630229,15,7.5
630231,13.5,6.75
630232,0,0
630239,15,7.5
630240,15,7.5
630251,11.25,5.625
630253,15,7.5
630259,15,7.5
630260,15,7.5
630291,15,7.5
630293,0,0
630299,15,7.5
630312,15,7.5
630319,15,7.5
630391,15,7.5
630392,7.5,3.75
630399,15,7.5
630411,5,2.5
630419,9,4.5
630420,15,7.5
630491,7.5,3.75
630492,15,7.5
630493,0,0
630499,15,7.5
630510,15,7.5
630520,15,7.5
630532,15,7.5
630533,15,7.5
630539,15,7.5
630590,15,7.5
630612,0,0
630619,15,7.5
630622,15,7.5
630629,0,0
630630,15,7.5
630640,15,7.5
630690,0,0
630710,15,7.5
630720,0,0
630790,11.25,5.625
630800,15,7.5
630900,15,7.5
631010,15,7.5
631090,15,7.5
640110,15,7.5
640192,10,5
640199,9,4.5
640212,15,7.5
640219,10,5
640220,0,0
640291,4.615384578704834,2.307692289352417
640299,7.0625,3.53125
640312,15,7.5
640319,11.666666984558105,5.833333492279053
640320,15,7.5
640340,7.5,3.75
640351,15,7.5
640359,15,7.5
640391,15,7.5
640399,12.5,6.25
640411,6.4285712242126465,3.2142856121063232
640419,4.7727274894714355,2.3863637447357178
640420,15,7.5
640510,15,7.5
640520,5,2.5
640590,7.5,3.75
640610,13.59375,6.796875
640620,15,7.5
640690,12,6
650100,25,25
650200,25,25
650400,25,25
650500,24.230769515037537,23.653846442699432
650610,15,7.5
650691,25,25
650699,25,25
650700,25,25
660110,0,0
660191,0,0
660199,0,0
660200,15,7.5
660320,0,0
660390,7.5,3.75
670100,25,25
670210,0,0
670290,10,5
670300,15,7.5
670411,15,7.5
670419,15,7.5
670420,0,0
670490,15,7.5
680100,25,25
680210,25,25
680221,25,25
680223,25,25
680229,25,25
680291,25,25
680292,25,25
680293,25,25
680299,25,25
680300,25,25
680410,25,25
680421,25,25
680422,25,25
680423,25,25
680430,25,25
680510,25,25
680520,25,25
680530,25,25
680610,25,25
680620,25,25
680690,25,25
680710,25,25
680790,25,25
680800,25,25
680911,25,25
680919,25,25
680990,25,25
681011,25,25
681019,25,25
681091,25,25
681099,25,25
681140,25,25
681181,25,25
681182,25,25
681189,25,25
681280,25,25
681291,25,25
681293,25,25
681299,25,25
681320,25,25
681381,25,25
681389,25,25
681410,25,25
681490,25,25
681510,25,25
681520,25,25
681591,25,25
681599,25,25
690100,25,25
690210,25,25
690220,25,25
690290,25,25
690310,25,25
690320,25,25
690390,25,25
690410,25,25
690490,25,25
690510,25,25
690590,25,25
690600,25,25
690721,25,25
690722,25,25
690723,25,25
690730,25,25
690740,25,25
690911,25,25
690912,25,25
690919,25,25
690990,25,25
691010,0,0
691090,15,7.5
691110,11.25,5.625
691190,15,7.5
691200,1.5,0.75
691310,15,7.5
691390,15,7.5
691410,25,25
691490,25,25
700100,25,25
700210,25,25
700220,25,25
700231,25,25
700232,25,25
700239,25,25
700312,25,25
700319,25,25
700320,25,25
700330,25,25
700420,25,25
700490,25,25
700510,25,25
700521,25,25
700529,25,25
700530,25,25
700600,25,25
700711,25,25
700719,25,25
700721,25,25
700729,25,25
700800,25,25
700910,25,25
700991,25,25
700992,25,25
701010,25,25
701020,25,25
701090,25,25
701110,25,25
701120,25,25
701190,25,25
701310,15,7.5
701322,15,7.5
701328,15,7.5
701333,15,7.5
701337,15,7.5
701341,15,7.5
701342,7.5,3.75
701349,12.5,6.25
701391,7.5,3.75
701399,7.5,3.75
701400,25,25
701510,15,7.5
701590,15,7.5
701610,25,25
701690,25,25
701710,25,25
701720,25,25
701790,25,25
701810,25,25
701820,25,25
701890,20,16.25
701911,25,25
701912,25,25
701919,21.42857074737549,21.42857074737549
701931,25,25
701932,25,25
701939,25,25
701940,22.083333015441895,21.458333015441895
701951,25,25
701952,25,25
701959,25,25
701990,25,25
702000,25,25
710110,15,7.5
710121,15,7.5
710122,15,7.5
710210,15,7.5
710221,25,25
710229,25,25
710231,15,7.5
710239,15,7.5
710310,4.375,2.1875
710391,15,7.5
710399,5,2.5
710410,15,7.5
710420,15,7.5
710490,15,7.5
710510,25,25
710590,25,25
710610,25,25
710691,25,25
710692,25,25
710700,25,25
710811,25,25
710812,25,25
710813,25,25
710900,25,25
711011,25,25
711019,25,25
711021,25,25
711029,25,25
711031,25,25
711039,25,25
711041,25,25
711049,25,25
711100,25,25
711230,25,25
711291,25,25
711292,25,25
711299,25,25
711311,8.333333015441895,4.166666507720947
711319,8.636363983154297,4.318181991577148
711320,15,7.5
711411,25,25
711419,25,25
711420,25,25
711510,25,25
711590,25,25
711610,7.5,3.75
711620,10.833333015441895,5.416666507720947
711711,15,7.5
711719,12.5,6.25
711790,9.375,4.6875
711810,15,7.5
711890,11.25,5.625
720110,25,25
720120,25,25
720150,25,25
720211,25,25
720219,25,25
720221,25,25
720229,25,25
720230,25,25
720241,25,25
720249,25,25
720250,25,25
720260,0,0
720270,0,0
720280,25,25
720291,25,25
720292,25,25
720293,0,0
720299,16.666666507720947,16.666666507720947
720310,25,25
720390,25,25
720410,25,25
720421,25,25
720429,25,25
720430,25,25
720441,25,25
720449,25,25
720450,25,25
720510,25,25
720521,25,25
720529,25,25
720610,40,32.5
720690,40,32.5
720711,40,32.5
720712,40,32.5
720719,40,32.5
720720,40,32.5
720810,40,32.5
720825,40,32.5
720826,40,32.5
720827,40,32.5
720836,40,32.5
720837,40,32.5
720838,40,32.5
720839,40,32.5
720840,36.25,30.625
720851,35,30
720852,40,32.5
720853,40,32.5
720854,40,32.5
720890,40,32.5
720915,40,32.5
720916,40,32.5
720917,40,32.5
720918,40,32.5
720925,40,32.5
720926,40,32.5
720927,40,32.5
720928,40,32.5
720990,40,32.5
721011,40,32.5
721012,40,32.5
721020,25,25
721030,40,32.5
721041,40,32.5
721049,40,32.5
721050,40,32.5
721061,40,32.5
721069,40,32.5
721070,40,32.5
721090,40,32.5
721113,40,32.5
721114,35,30
721119,38.333333015441895,31.666666507720947
721123,39,32
721129,37.5,31.25
721190,40,32.5
721210,40,32.5
721220,40,32.5
721230,37.5,31.25
721240,40,32.5
721250,40,32.5
721260,40,32.5
721310,40,32.5
721320,32.5,28.75
721391,37.5,31.25
721399,35,30
721410,25,25
721420,40,32.5
721430,32.5,28.75
721491,28,26.5
721499,35,30
721510,32.5,28.75
721550,33.571428298950195,29.285714149475098
721590,35,30
721610,40,32.5
721621,40,32.5
721622,40,32.5
721631,40,32.5
721632,40,32.5
721633,35,30
721640,40,32.5
721650,40,32.5
721661,25,25
721669,25,25
721691,25,25
721699,40,32.5
721710,40,32.5
721720,40,32.5
721730,39.625,32.3125
721790,37.5,31.25
721810,40,32.5
721891,35,30
721899,37,31
721911,40,32.5
721912,36.666666984558105,30.833333492279053
721913,28.75,26.875
721914,35,30
721921,40,32.5
721922,31,28
721923,40,32.5
721924,32.5,28.75
721931,40,32.5
721932,31,28
721933,34.54545497894287,29.772727489471436
721934,35,30
721935,37,31
721990,40,32.5
722011,40,32.5
722012,40,32.5
722020,37.44999980926514,31.22499990463257
722090,32.5,28.75
722100,37.5,31.25
722211,35,30
722219,36.25,30.625
722220,40,32.5
722230,37.5,31.25
722240,40,32.5
722300,40,32.5
722410,35,30
722490,40,32.5
722511,40,32.5
722519,40,32.5
722530,38.125,31.5625
722540,36.25,30.625
722550,38.125,31.5625
722591,40,32.5
722592,40,32.5
722599,32.5,28.75
722611,40,32.5
722619,40,32.5
722620,40,32.5
722691,38.75,31.875
722692,40,32.5
722699,35,30
722710,40,32.5
722720,32.5,28.75
722790,33.928571701049805,29.464285850524902
722810,40,32.5
722820,40,32.5
722830,38.928571701049805,31.964285850524902
722840,40,32.5
722850,38.125,31.5625
722860,40,32.5
722870,35.5,30.25
722880,40,32.5
722920,40,32.5
722990,40,32.5
730110,40,32.5
730120,25,25
730210,39.0625,32.03125
730230,25,25
730240,25,25
730290,40,32.5
730300,25,25
730411,40,32.5
730419,40,32.5
730422,35,30
730423,32.5,28.75
730424,37.5,31.25
730429,33.375,29.1875
730431,40,32.5
730439,40,32.5
730441,40,32.5
730449,40,32.5
730451,40,32.5
730459,39.196428298950195,32.0982141494751
730490,40,32.5
730511,40,32.5
730512,40,32.5
730519,40,32.5
730520,40,32.5
730531,40,32.5
730539,40,32.5
730590,40,32.5
730611,40,32.5
730619,40,32.5
730621,40,32.5
730629,38.75,31.875
730630,39.54545497894287,32.272727489471436
730640,40,32.5
730650,38.75,31.875
730661,40,32.5
730669,40,32.5
730690,40,32.5
730711,25,25
730719,25,25
730721,25,25
730722,25,25
730723,25,25
730729,25,25
730791,25,25
730792,25,25
730793,25,25
730799,25,25
730810,25,25
730820,25,25
730830,25,25
730840,25,25
730890,25,25
730900,25,25
731010,25,25
731021,25,25
731029,25,25
731100,25,25
731210,25,25
731290,25,25
731300,25,25
731412,25,25
731414,25,25
731419,25,25
731420,25,25
731431,25,25
731439,25,25
731441,25,25
731442,25,25
731449,25,25
731450,25,25
731511,25,25
731512,25,25
731519,25,25
731520,25,25
731581,25,25
731582,25,25
731589,25,25
731590,25,25
731600,25,25
731700,30.808823108673096,29.558823108673096
731811,25,25
731812,25,25
731813,25,25
731814,25,25
731815,25,25
731816,15,7.5
731819,25,25
731821,25,25
731822,25,25
731823,25,25
731824,25,25
731829,25,25
731940,15,7.5
731990,15,7.5
732010,25,25
732020,15,7.5
732090,25,25
732111,25,25
732112,0,0
732119,0,0
732181,7.5,3.75
732182,15,7.5
732189,15,7.5
732190,25,25
732211,25,25
732219,25,25
732290,25,25
732310,25,25
732391,7.5,3.75
732392,15,7.5
732393,0,0
732394,15,7.5
732399,8,6.5
732410,25,25
732421,25,25
732429,15,7.5
732490,25,25
732510,25,25
732591,25,25
732599,25,25
732611,25,25
732619,25,25
732620,25,25
732690,25,25
740100,0,0
740200,25,25
740311,25,25
740312,25,25
740313,25,25
740319,25,25
740321,25,25
740322,25,25
740329,25,25
740400,25,25
740500,25,25
740610,25,25
740620,25,25
740710,25,25
740721,25,25
740729,25,25
740811,25,25
740819,25,25
740821,25,25
740822,25,25
740829,25,25
740911,25,25
740919,25,25
740921,25,25
740929,25,25
740931,25,25
740939,25,25
740940,25,25
740990,25,25
741011,25,25
741012,25,25
741021,25,25
741022,25,25
741110,25,25
741121,25,25
741122,25,25
741129,25,25
741210,25,25
741220,25,25
741300,25,25
741510,25,25
741521,25,25
741529,25,25
741533,25,25
741539,25,25
741810,15,7.5
741820,25,25
741910,25,25
741991,25,25
741999,25,25
750110,25,25
750120,25,25
750210,25,25
750220,25,25
750300,25,25
750400,25,25
750511,25,25
750512,25,25
750521,25,25
750522,25,25
750610,25,25
750620,25,25
750711,25,25
750712,25,25
750720,25,25
750810,25,25
750890,25,25
760110,25,17.5
760120,24,17
760200,25,25
760310,25,25
760320,25,25
760410,25,17.5
760421,25,17.5
760429,25,17.5
760511,25,17.5
760519,25,17.5
760521,25,17.5
760529,25,17.5
760611,25,17.5
760612,23.125,16.5625
760691,23.125,16.5625
760692,25,17.5
760711,25,17.5
760719,25,17.5
760720,25,17.5
760810,25,17.5
760820,25,17.5
760900,25,17.5
761010,15,7.5
761090,25,25
761100,25,25
761210,25,25
761290,25,25
761300,25,25
761410,30,30
761490,34.99999952316284,34.99999952316284
761510,10,5
761520,25,25
761610,25,25
761691,25,25
761699,26.25,26.25
780110,0,0
780191,25,25
780199,25,25
780200,0,0
780411,25,25
780419,25,25
780420,25,25
780600,25,25
790111,0,0
790112,0,0
790120,0,0
790200,0,0
790310,25,25
790390,25,25
790400,25,25
790500,25,25
790700,16.666666507720947,16.666666507720947
800110,0,0
800120,0,0
800200,0,0
800300,0,0
800700,8.333333253860474,8.333333253860474
810110,0,0
810194,0,0
810196,25,25
810197,0,0
810199,0,0
810210,0,0
810294,0,0
810295,0,0
810296,25,25
810297,0,0
810299,0,0
810320,0,0
810330,0,0
810390,0,0
810411,0,0
810419,0,0
810420,0,0
810430,25,25
810490,25,25
810520,25,25
810530,25,25
810590,25,25
810600,25,25
810720,25,25
810730,25,25
810790,25,25
810820,25,25
810830,25,25
810890,25,25
810920,0,0
810930,25,25
810990,25,25
811010,0,0
811020,0,0
811090,0,0
811100,0,0
811212,25,25
811213,25,25
811219,25,25
811221,0,0
811222,0,0
811229,25,25
811292,19.44444465637207,19.44444465637207
811299,25,25
811300,25,25
820110,25,25
820130,25,25
820140,25,25
820150,25,25
820160,25,25
820190,25,25
820210,25,25
820220,25,25
820231,25,25
820239,25,25
820240,25,25
820291,25,25
820299,25,25
820310,25,25
820320,25,25
820330,25,25
820340,25,25
820411,25,25
820412,25,25
820420,25,25
820510,25,25
820520,25,25
820530,25,25
820540,25,25
820551,25,25
820559,25,25
820560,25,25
820570,25,25
820590,25,25
820600,25,25
820713,25,25
820719,25,25
820720,25,25
820730,25,25
820740,25,25
820750,25,25
820760,25,25
820770,25,25
820780,25,25
820790,25,25
820810,25,25
820820,25,25
820830,25,25
820840,25,25
820890,25,25
820900,25,25
821000,25,25
821110,0,0
821191,10.714285850524902,5.357142925262451
821192,11.25,5.625
821193,25,25
821194,25,25
821195,25,25
821210,15,7.5
821220,15,7.5
821290,15,7.5
821300,0,0
821410,0,0
821420,5,2.5
821490,5,2.5
821510,15,7.5
821520,25,25
821591,15,7.5
821599,7.692307770252228,4.807692348957062
830110,10,5
830120,25,25
830130,15,7.5
830140,7.5,3.75
830150,15,7.5
830160,15,7.5
830170,15,7.5
830210,21.666666507720947,19.166666507720947
830220,25,25
830230,25,25
830241,25,25
830242,15,7.5
830249,25,25
830250,25,25
830260,25,25
830300,25,25
830400,0,0
830510,15,7.5
830520,15,7.5
830590,7.5,3.75
830610,0,0
830621,15,7.5
830629,0,0
830630,25,25
830710,25,25
830790,25,25
830810,25,25
830820,25,25
830890,25,25
830910,25,25
830990,25,25
831000,25,25
831110,25,25
831120,25,25
831130,25,25
831190,25,25
840110,25,25
840120,25,25
840130,25,25
840140,25,25
840211,25,25
840212,25,25
840219,25,25
840220,25,25
840290,25,25
840310,15,7.5
840390,15,7.5
840410,25,25
840420,25,25
840490,25,25
840510,25,25
840590,25,25
840610,25,25
840681,25,25
840682,25,25
840690,25,25
840710,25,25
840721,25,25
840729,25,25
840731,25,25
840732,25,25
840733,25,25
840734,25,25
840790,25,25
840810,25,25
840820,24.999999523162842,24.999999523162842
840890,25,25
840910,25,25
840991,25,25
840999,25,25
841011,25,25
841012,25,25
841013,25,25
841090,25,25
841111,25,25
841112,25,25
841121,25,25
841122,25,25
841181,25,25
841182,25,25
841191,25,25
841199,25,25
841210,25,25
841221,25,25
841229,25,25
841231,25,25
841239,25,25
841280,25,25
841290,25,25
841311,25,25
841319,25,25
841320,25,25
841330,25,25
841340,25,25
841350,25,25
841360,25,25
841370,25,25
841381,25,25
841382,25,25
841391,25,25
841392,25,25
841410,25,25
841420,25,25
841430,25,25
841440,25,25
841451,0,0
841459,25,25
841460,25,25
841480,25,25
841490,25,25
841510,25,25
841520,25,25
841581,25,25
841582,25,25
841583,25,25
841590,15,7.5
841610,15,7.5
841620,15,7.5
841630,25,25
841690,25,25
841710,25,25
841720,15,7.5
841780,25,25
841790,25,25
841810,25,25
841821,25,25
841829,25,25
841830,25,25
841840,25,25
841850,25,25
841861,25,25
841869,25,25
841891,25,25
841899,25,25
841911,25,25
841919,25,25
841920,0,0
841931,25,25
841932,25,25
841939,25,25
841940,25,25
841950,25,25
841960,25,25
841981,15,7.5
841989,24.999999046325684,24.999999046325684
841990,25,25
842010,21.66666603088379,19.16666603088379
842091,25,25
842099,24.999999046325684,24.999999046325684
842111,25,25
842112,15,7.5
842119,25,25
842121,25,25
842122,25,25
842123,25,25
842129,25,25
842131,25,25
842139,25,25
842191,18.333333015441895,13.333333015441895
842199,25,25
842211,15,7.5
842219,25,25
842220,25,25
842230,25,25
842240,25,25
842290,19.99999964237213,16.24999964237213
842310,0,0
842320,25,25
842330,25,25
842381,25,25
842382,25,25
842389,25,25
842390,25,25
842410,15,7.5
842420,25,25
842430,25,25
842441,25,25
842449,25,25
842482,25,25
842489,25,25
842490,20,16.25
842511,25,25
842519,25,25
842531,25,25
842539,25,25
842541,25,25
842542,25,25
842549,25,25
842611,0,0
842612,0,0
842619,0,0
842620,0,0
842630,25,25
842641,25,25
842649,25,25
842691,25,25
842699,25,25
842710,25,25
842720,25,25
842790,25,25
842810,15,7.5
842820,25,25
842831,25,25
842832,25,25
842833,25,25
842839,25,25
842840,25,25
842860,15,7.5
842890,25,25
842911,25,25
842919,25,25
842920,25,25
842930,25,25
842940,25,25
842951,25,25
842952,25,25
842959,25,25
843010,25,25
843020,15,7.5
843031,25,25
843039,25,25
843041,25,25
843049,25,25
843050,25,25
843061,25,25
843069,25,25
843110,25,25
843120,25,25
843131,25,25
843139,25,25
843141,25,25
843142,25,25
843143,25,25
843149,25,25
843210,25,25
843221,25,25
843229,25,25
843231,25,25
843239,25,25
843241,25,25
843242,25,25
843280,25,25
843290,25,25
843311,12.5,6.25
843319,15,7.5
843320,25,25
843330,25,25
843340,25,25
843351,25,25
843352,25,25
843353,25,25
843359,25,25
843360,25,25
843390,25,25
843410,15,7.5
843420,25,25
843490,25,25
843510,15,7.5
843590,15,7.5
843610,25,25
843621,25,25
843629,25,25
843680,25,25
843691,25,25
843699,25,25
843710,25,25
843780,25,25
843790,25,25
843810,15,7.5
843820,15,7.5
843830,15,7.5
843840,15,7.5
843850,25,25
843860,25,25
843880,25,25
843890,20,16.25
843910,25,25
843920,25,25
843930,25,25
843991,25,25
843999,25,25
844010,15,7.5
844090,15,7.5
844110,25,25
844120,25,25
844130,25,25
844140,25,25
844180,25,25
844190,25,25
844230,25,25
844240,25,25
844250,20,16.25
844311,25,25
844312,25,25
844313,25,25
844314,25,25
844315,25,25
844316,25,25
844317,25,25
844319,20,16.25
844331,15,7.5
844332,14.166666030883789,7.0833330154418945
844339,18.571428298950195,16.428571224212646
844391,18.333333015441895,13.333333015441895
844399,22.5,20.625
844400,25,25
844511,15,7.5
844512,15,7.5
844513,15,7.5
844519,7.5,3.75
844520,15,7.5
844530,15,7.5
844540,15,7.5
844590,15,7.5
844610,15,7.5
844621,7.5,3.75
844629,15,7.5
844630,15,13.75
844711,10,5
844712,12.5,6.25
844720,15,7.5
844790,15,7.5
844811,15,7.5
844819,15,7.5
844820,15,7.5
844831,15,7.5
844832,15,7.5
844833,15,7.5
844839,15,7.5
844842,15,7.5
844849,15,7.5
844851,17.5,11.875
844859,15,7.5
844900,15,7.5
845011,25.666666269302368,18.166666269302368
845012,0,0
845019,0,0
845020,25.666666269302368,18.166666269302368
845090,25.666666269302368,18.166666269302368
845110,25,25
845121,25,25
845129,25,25
845130,25,25
845140,25,25
845150,25,25
845180,25,25
845190,25,25
845210,15,7.5
845221,15,7.5
845229,20,16.25
845230,15,7.5
845290,15,7.5
845310,15,7.5
845320,15,7.5
845380,15,7.5
845390,15,7.5
845410,25,25
845420,25,25
845430,25,25
845490,25,25
845510,25,25
845521,25,25
845522,25,25
845530,25,25
845590,25,25
845611,25,25
845612,25,25
845620,25,25
845630,25,25
845640,25,25
845650,25,25
845690,25,25
845710,25,25
845720,25,25
845730,25,25
845811,25,25
845819,25,25
845891,25,25
845899,25,25
845910,25,25
845921,25,25
845929,25,25
845931,25,25
845939,25,25
845941,25,25
845949,25,25
845951,25,25
845959,25,25
845961,25,25
845969,25,25
845970,25,25
846012,25,25
846019,25,25
846022,25,25
846023,25,25
846024,25,25
846029,25,25
846031,25,25
846039,25,25
846040,25,25
846090,25,25
846120,25,25
846130,25,25
846140,25,25
846150,25,25
846190,25,25
846210,25,25
846221,25,25
846229,25,25
846231,25,25
846239,25,25
846241,25,25
846249,25,25
846291,25,25
846299,25,25
846310,25,25
846320,25,25
846330,25,25
846390,25,25
846410,25,25
846420,25,25
846490,25,25
846510,25,25
846520,25,25
846591,25,25
846592,25,25
846593,25,25
846594,25,25
846595,25,25
846596,12,6
846599,25,25
846610,25,25
846620,25,25
846630,24.999999046325684,24.999999046325684
846691,25,25
846692,25,25
846693,25,25
846694,25,25
846711,25,25
846719,20,16.25
846721,0,0
846722,0,0
846729,15,7.5
846781,15,7.5
846789,15,7.5
846791,15,7.5
846792,15,7.5
846799,25,25
846810,15,7.5
846820,25,25
846880,25,25
846890,25,25
847010,25,25
847021,25,25
847029,25,25
847030,25,25
847050,15,7.5
847090,25,25
847130,0,0
847141,15,7.5
847149,15,7.5
847150,25,25
847160,18,16.5
847170,24.999999523162842,24.999999523162842
847180,25,25
847190,25,25
847210,25,25
847230,25,25
847290,19.166666507720947,17.916666507720947
847321,25,25
847329,25,25
847330,25,25
847340,25,25
847350,24.999999046325684,24.999999046325684
847410,25,25
847420,25,25
847431,25,25
847432,25,25
847439,25,25
847480,25,25
847490,25,25
847510,25,25
847521,25,25
847529,25,25
847590,25,25
847621,25,25
847629,25,25
847681,25,25
847689,15,7.5
847690,25,25
847710,25,25
847720,25,25
847730,25,25
847740,25,25
847751,25,25
847759,25,25
847780,25,25
847790,25,25
847810,15,7.5
847890,15,7.5
847910,25,25
847920,25,25
847930,25,25
847940,25,25
847950,25,25
847960,25,25
847971,25,25
847979,15,7.5
847981,25,25
847982,25,25
847989,22.5,20.625
847990,16.428570985794067,9.999999761581421
848010,25,25
848020,25,25
848030,25,25
848041,25,25
848049,25,25
848050,25,25
848060,15,7.5
848071,25,25
848079,25,25
848110,25,25
848120,25,25
848130,24.999999284744263,24.999999284744263
848140,25,25
848180,25,25
848190,17.5,11.875
848210,25,25
848220,25,25
848230,25,25
848240,25,25
848250,25,25
848280,25,25
848291,25,25
848299,25,25
848310,25,25
848320,25,25
848330,25,25
848340,24.999999284744263,24.999999284744263
848350,24.999999284744263,24.999999284744263
848360,25,25
848390,25.000000596046448,25.000000596046448
848410,25,25
848420,25,25
848490,25,25
848610,25,25
848620,25,25
848630,25,25
848640,25,25
848690,25,25
848710,25,25
848790,25,25
850110,24.999999046325684,24.999999046325684
850120,25,25
850131,29,29
850132,25,25
850133,25,25
850134,25,25
850140,25,25
850151,25,25
850152,25,25
850153,24.999999046325684,24.999999046325684
850161,45,45
850162,25,25
850163,25,25
850164,25,25
850211,25,25
850212,25,25
850213,25,25
850220,25,25
850231,25,25
850239,25,25
850240,25,25
850300,25.00000023841858,25.00000023841858
850410,15,7.5
850421,25,25
850422,25,25
850423,25,25
850431,25,25
850432,25,25
850433,25,25
850434,25,25
850440,25,25
850450,25,25
850490,25,25
850511,0,0
850519,24.999999523162842,24.999999523162842
850520,25,25
850590,25,25
850610,25,25
850630,25,25
850640,25,25
850650,25,25
850660,25,25
850680,25,25
850690,25,25
850710,25,25
850720,35,35
850730,20,16.25
850740,25,25
850750,25,25
850760,15,7.5
850780,25,25
850790,20,16.25
850811,25,25
850819,25,25
850860,25,25
850870,25,25
850940,0,0
850980,8.333333253860474,8.333333253860474
850990,25,25
851010,15,7.5
851020,25,25
851030,0,0
851090,25,25
851110,25,25
851120,25,25
851130,25,25
851140,25,25
851150,25,25
851180,24.999999284744263,24.999999284744263
851190,24.999999284744263,24.999999284744263
851210,15,7.5
851220,25,25
851230,25,25
851240,25,25
851290,25,25
851310,0,0
851390,25,25
851410,25,25
851420,24.999999284744263,24.999999284744263
851430,25,25
851440,25,25
851490,25,25
851511,25,25
851519,25,25
851521,25,25
851529,25,25
851531,25,25
851539,25,25
851580,25,25
851590,25,25
851610,15,7.5
851621,25,25
851629,25,25
851631,0,0
851632,0,0
851633,15,7.5
851640,0,0
851650,0,0
851660,12.5,12.5
851671,15,7.5
851672,0,0
851679,0,0
851680,25,25
851690,25,25
851711,15,7.5
851712,0,0
851718,0,0
851761,15,7.5
851762,30,27.5
851769,25,25
851770,15,7.5
851810,20,16.25
851821,15,7.5
851822,15,7.5
851829,7.5,3.75
851830,7.5,3.75
851840,25,25
851850,25,25
851890,25,25
851920,15,7.5
851930,7.5,3.75
851950,0,0
851981,8,6.5
851989,10,5
852110,15,7.5
852190,15,7.5
852210,25,25
852290,25,25
852321,25,25
852329,14.166666984558105,7.083333492279053
852341,15,7.5
852349,17.5,11.875
852351,15,7.5
852352,25,25
852359,25,25
852380,15,7.5
852550,16.666666269302368,16.666666269302368
852560,25,25
852580,23,21.5
852610,25,25
852691,25,25
852692,12.5,12.5
852712,0,0
852713,0,0
852719,0,0
852721,25,25
852729,25,25
852791,7.5,3.75
852792,0,0
852799,16.66666603088379,16.66666603088379
852842,25,25
852849,19,14.5
852852,0,0
852859,14.090909600257874,9.318182110786438
852862,15,7.5
852869,16.4102566242218,12.371794939041138
852871,15,7.5
852872,17.644737005233765,12.769737005233765
852873,25,25
852910,24.999999284744263,24.999999284744263
852990,24.677419632673264,24.435484156012535
853010,25,25
853080,25,25
853090,25,25
853110,25,25
853120,25,25
853180,7.5,3.75
853190,25,25
853210,25,25
853221,25,25
853222,25,25
853223,25,25
853224,25,25
853225,25,25
853229,25,25
853230,25,25
853290,25,25
853310,25,25
853321,25,25
853329,25,25
853331,25,25
853339,25,25
853340,25,25
853390,25,25
853400,25,25
853510,25,25
853521,25,25
853529,25,25
853530,25,25
853540,25,25
853590,25,25
853610,25,25
853620,25,25
853630,25,25
853641,25,25
853649,25,25
853650,24.999999046325684,24.999999046325684
853661,25,25
853669,25,25
853670,25,25
853690,21.66666603088379,19.16666603088379
853710,25,25
853720,25,25
853810,25,25
853890,25,25
853910,25,25
853921,25,25
853922,0,0
853929,11.25,5.625
853931,25,25
853932,25,25
853939,25,25
853941,25,25
853949,25,25
853950,0,0
853990,25,25
854011,25,25
854012,25,25
854020,25,25
854040,25,25
854060,25,25
854071,25,25
854079,25,25
854081,25,25
854089,25,25
854091,25,25
854099,25,25
854110,25,25
854121,25,25
854129,25,25
854130,25,25
854140,29,29
854150,25,25
854160,25,25
854190,25,25
854231,25,25
854232,25,25
854233,25,25
854239,25,25
854290,25,25
854310,25,25
854320,25,25
854330,25,25
854370,20.714285612106323,20.178571343421936
854390,25.000000476837158,25.000000476837158
854411,25,25
854419,25,25
854420,25,25
854430,25,25
854442,25,25
854449,25,25
854460,24.999999046325684,24.999999046325684
854470,25,25
854511,25,25
854519,25,25
854520,25,25
854590,25,25
854610,25,25
854620,25,25
854690,25,25
854710,25,25
854720,25,25
854790,25,25
854810,15,7.5
854890,25,25
860120,25,25
860210,25,25
860290,25,25
860310,25,25
860390,25,25
860400,25,25
860500,25,25
860630,25,25
860691,25,25
860692,25,25
860699,25,25
860711,25,25
860712,25,25
860719,24.999999046325684,24.999999046325684
860721,25,25
860729,25,25
860730,25,25
860791,25,25
860799,25,25
860800,25,25
860900,0,0
870110,25,25
870120,25,25
870130,25,25
870191,25,25
870192,25,25
870193,25,25
870194,25,25
870195,25,25
870210,25,25
870220,25,25
870230,25,25
870240,25,25
870290,25,25
870310,15,7.5
870321,25,25
870322,25,25
870323,25,25
870324,25,25
870331,25,25
870332,25,25
870333,25,25
870340,25,25
870350,25,25
870360,25,25
870370,25,25
870380,25,25
870390,25,25
870410,25,25
870421,25,25
870422,25,25
870423,25,25
870431,25,25
870432,25,25
870490,25,25
870510,25,25
870520,25,25
870530,25,25
870540,25,25
870590,25,25
870600,24.999999523162842,24.999999523162842
870710,25,25
870790,25,25
870810,37.5,37.5
870821,25,25
870829,31.25,31.25
870830,25,25
870840,25,25
870850,25,25
870870,25,25
870880,25,25
870891,25,25
870892,25,25
870893,25,25
870894,25,25
870895,25,25
870899,25,25
870911,25,25
870919,25,25
870990,25,25
871000,5,2.5
871110,25,25
871120,15,7.5
871130,10,5
871140,11.25,5.625
871150,25,25
871160,25,25
871190,25,25
871200,25,25
871310,0,0
871390,0,0
871410,15,7.5
871420,0,0
871491,25,25
871492,25,25
871493,25,25
871494,25,25
871495,25,25
871496,25,25
871499,15,7.5
871500,0,0
871610,25,25
871620,25,25
871631,25,25
871639,25,25
871640,25,25
871680,25,25
871690,25,25
880100,5,2.5
880211,25,25
880212,25,25
880220,25,25
880230,25,25
880240,25,25
880260,25,25
880310,25,25
880320,25,25
880330,25,25
880390,25,25
880400,25,25
880510,25,25
880521,25,25
880529,25,25
890110,25,25
890190,25,25
890200,25,25
890310,25,25
890391,25,25
890392,25,25
890399,25,25
890400,25,25
890510,25,25
890520,25,25
890590,12.5,12.5
890610,15,7.5
890690,25,25
890710,25,25
890790,15,7.5
890800,25,25
900110,25,25
900120,25,25
900130,15,7.5
900140,15,7.5
900150,15,7.5
900190,25,25
900211,25,25
900219,25,25
900220,25,25
900290,25,25
900311,15,7.5
900319,15,7.5
900390,15,7.5
900410,15,7.5
900490,15,7.5
900510,15,7.5
900580,7.5,3.75
900590,15,7.5
900630,25,25
900640,5,2.5
900651,15,7.5
900652,13.5,6.75
900653,15,7.5
900659,11.25,5.625
900661,15,7.5
900669,0,0
900691,15,7.5
900699,15,7.5
900710,25,25
900720,25,25
900791,15,7.5
900792,25,25
900850,11,8
900890,25,25
901010,25,25
901050,25,25
901060,25,25
901090,25,25
901110,25,25
901120,25,25
901180,25,25
901190,25,25
901210,25,25
901290,25,25
901310,20,16.25
901320,25,25
901380,22.5,20.625
901390,22.5,20.625
901410,22.5,20.625
901420,25,25
901480,25,25
901490,25,25
901510,25,25
901520,25,25
901530,25,25
901540,25,25
901580,25,25
901590,25,25
901600,25,25
901710,25,25
901720,25,25
901730,25,25
901780,25,25
901790,25,25
901811,25,25
901812,25,25
901813,25,25
901814,25,25
901819,25,25
901820,25,25
901831,0,0
901832,0,0
901839,0,0
901841,0,0
901849,0,0
901850,0,0
901890,10,10
901910,0,0
901920,0,0
902000,0,0
902110,0,0
902121,0,0
902129,0,0
902131,0,0
902139,0,0
902140,0,0
902150,25,25
902190,0,0
902212,25,25
902213,25,25
902214,25,25
902219,25,25
902221,25,25
902229,12.5,12.5
902230,25,25
902290,21.428571701049805,21.428571701049805
902300,15,7.5
902410,25,25
902480,25,25
902490,25,25
902511,0,0
902519,25,25
902580,18.333333134651184,13.333333134651184
902590,25,25
902610,18.333333015441895,13.333333015441895
902620,20,16.25
902680,21.666666269302368,19.166666269302368
902690,25,25
902710,24.999999523162842,24.999999523162842
902720,25,25
902730,25,25
902750,25,25
902780,25,25
902790,23.88888907432556,23.055555760860443
902810,25,25
902820,25,25
902830,25,25
902890,25,25
902910,25,25
902920,24.999999523162842,24.999999523162842
902990,22.5,20.625
903010,25,25
903020,25,25
903031,25,25
903032,25,25
903033,25,25
903039,25,25
903040,25,25
903082,25,25
903084,25,25
903089,25,25
903090,25,25
903110,25,25
903120,25,25
903141,25,25
903149,25,25
903180,25,25
903190,25.000000596046448,25.000000596046448
903210,25,25
903220,25,25
903281,25,25
903289,25,25
903290,25,25
903300,25,25
910111,13.125,6.5625
910119,13.75,6.875
910121,15,7.5
910129,15,7.5
910191,7.5,3.75
910199,11.25,5.625
910211,14.53125,7.265625
910212,5,2.5
910219,14.0625,7.03125
910221,13.333333015441895,6.666666507720947
910229,12.307692527770996,6.153846263885498
910291,12.5,6.25
910299,15,7.5
910310,4,2
910390,7.5,3.75
910400,23.888888955116272,23.055555641651154
910511,0,0
910519,12,6
910521,0,0
910529,10.5,5.25
910591,0,0
910599,12.5,6.25
910610,25,25
910690,25,25
910700,25,25
910811,11.25,5.625
910812,0,0
910819,15,7.5
910820,15,7.5
910890,13.636363983154297,6.818181991577148
910910,6.5625,3.28125
910990,10,5
911011,15,7.5
911012,15,7.5
911019,15,7.5
911090,15,7.5
911110,15,7.5
911120,15,7.5
911180,15,7.5
911190,15,7.5
911220,15,7.5
911290,15,7.5
911310,15,7.5
911320,7.5,3.75
911390,7.5,3.75
911410,15,7.5
911430,15,7.5
911440,15,7.5
911490,12,6
920110,15,7.5
920120,15,7.5
920190,15,7.5
920210,0,0
920290,10,5
920510,15,7.5
920590,15,7.5
920600,15,7.5
920710,15,7.5
920790,15,7.5
920810,0,0
920890,15,7.5
920930,15,7.5
920991,15,7.5
920992,11.25,5.625
920994,7.5,3.75
920999,15,7.5
930110,15,7.5
930120,15,7.5
930190,15,7.5
930200,15,7.5
930310,15,7.5
930320,9,4.5
930330,15,7.5
930390,15,7.5
930400,15,7.5
930510,15,7.5
930520,12.5,6.25
930591,12.5,6.25
930599,10,5
930621,15,7.5
930629,15,7.5
930630,8.571428298950195,4.285714149475098
930690,9,4.5
930700,15,7.5
940110,15,7.5
940120,25,25
940130,25,25
940140,25,25
940152,25,25
940153,25,25
940159,25,25
940161,22.222222328186035,22.222222328186035
940169,24.166666984558105,23.541666984558105
940171,12.857142448425293,11.785713911056519
940179,15.909091472625732,15.909091472625732
940180,18.94841194152832,18.94841194152832
940190,20,16.25
940210,0,0
940290,0,0
940310,25,25
940320,25,25
940330,25,25
940340,25,25
940350,25,25
940360,25,25
940370,22.91666603088379,22.91666603088379
940382,25,25
940383,25,25
940389,25,25
940390,25,25
940410,25,25
940421,25,25
940429,25,25
940430,0,0
940490,6,3
940510,25,25
940520,25,25
940530,25,25
940540,25,25
940550,25,25
940560,25,25
940591,25,25
940592,25,25
940599,25,25
940610,25,25
940690,25,25
950300,0,0
950420,11.25,5.625
950430,15,7.5
950440,0,0
950450,0,0
950490,5,2.5
950510,2.5,1.25
950590,0,0
950611,15,7.5
950612,15,7.5
950619,15,7.5
950621,15,7.5
950629,15,7.5
950631,15,7.5
950632,15,7.5
950639,15,7.5
950640,0,0
950651,5,2.5
950659,7.5,3.75
950661,15,7.5
950662,15,7.5
950669,15,7.5
950670,10,5
950691,15,7.5
950699,10.714285850524902,5.357142925262451
950710,0,0
950720,15,7.5
950730,7.5,3.75
950790,9,4.5
950810,15,7.5
950890,15,7.5
960110,15,7.5
960190,15,7.5
960200,15,7.5
960310,12.857142448425293,6.4285712242126465
960321,15,7.5
960329,0,0
960330,10,5
960340,0,0
960350,15,7.5
960390,15,7.5
960400,15,7.5
960500,0,0
960610,25,25
960621,25,25
960622,25,25
960629,25,25
960630,25,25
960711,25,25
960719,25,25
960720,25,25
960810,15,7.5
960820,15,7.5
960830,15,7.5
960840,15,7.5
960850,15,7.5
960860,15,7.5
960891,15,7.5
960899,15,7.5
960910,15,7.5
960920,15,7.5
960990,15,7.5
961000,0,0
961100,15,7.5
961210,15,7.5
961220,15,7.5
961310,15,7.5
961320,0,0
961380,12,6
961390,15,7.5
961400,10,5
961511,0,0
961519,0,0
961590,0,0
961610,15,7.5
961620,0,0
961700,3.75,1.875
961800,15,7.5
961900,10.263157844543457,5.1315789222717285
962000,25,25
970110,15,7.5
970190,15,7.5
970200,15,7.5
970300,15,7.5
970400,15,7.5
970500,12.272727012634277,6.136363506317139
970600,15,7.5
980100,0,0
980200,0,0
980800,0,0
981000,0,0
981200,0,0
981700,0,0
981800,0,0
999995,0,0
